Brand,Product Name,Price,Rating,Reviews,Image URL,Product Link
Decathlon,Quechua - Unisex NH Arpenaz 50 Hiking Backpacks 10 L,₹299,4.2,220,https://assets-jiocdn.ajio.com/medias/sys_master/root1/20251114/toyo/69165bee88d6d62ff8e6ae8f/decathlon_multi_quechua_-_unisex_nh_arpenaz_50_hiking_backpacks_10_l.jpg,https://www.ajio.com/decathlon-quechua--unisex-nh-arpenaz-50-hiking-backpacks-10-l/p/702221450_multi?
Priority,Unisex College Backpack with Laptop Sleeve- 37 L,₹704,4.4,86,https://assets-jiocdn.ajio.com/medias/sys_master/root1/20260507/GJry/69fc2def14d0c21719c2f077/priority_blue_unisex_college_backpack_with_laptop_sleeve-_37_l.jpg,https://www.ajio.com/priority-unisex-college-backpack-with-laptop-sleeve-37-l/p/469810639_blue?
Skybags,Unisex Lumous 17 Inch Laptop Compatible Backpack with Front Pocket - 16L,₹823,4.2,565,https://assets-jiocdn.ajio.com/medias/sys_master/root/20250305/QHew/67c807292960820c49d0020c/skybags_black_unisex_lumous_17_inch_laptop_compatible_backpack_with_front_pocket_-_16l.jpg,https://www.ajio.com/skybags-unisex-lumous-17-inch-laptop-compatible-backpack-with-front-pocket--16l/p/467095859_black?
Decathlon,Simond - Unisex MT100 Multiple Compartments Trekking Backpack 50 L,"₹3,099",3.8,17,https://assets-jiocdn.ajio.com/medias/sys_master/root1/20251113/w01h/6915d07da470c5082f8cbbd9/decathlon_black_simond_-_unisex_mt100_multiple_compartments_trekking_backpack_50_l.jpg,https://www.ajio.com/decathlon-simond--unisex-mt100-multiple-compartments-trekking-backpack-50-l/p/702221425_black?
ARISTOCRAT,Unisex Lava Laptop Compatible Backpack for Office Use - 25L,₹380,3.2,2.3K,https://assets-jiocdn.ajio.com/medias/sys_master/root1/20250916/Lqsd/68c91a663d468c61abf9585e/aristocrat_blue_unisex_lava_laptop_compatible_backpack_for_office_use_-_25l.jpg,https://www.ajio.com/aristocrat-unisex-lava-laptop-compatible-backpack-for-office-use--25l/p/702142548_blue?
Bagatt,Men Back Pack,"₹6,993",,,https://assets-jiocdn.ajio.com/medias/sys_master/root/20241122/mV5i/67401819c148fa1b30df15bc/bagatt_black_men_back_pack.jpg,https://www.ajio.com/bagatt-men-back-pack/p/700781668_black?
SAFARI,Caden 25L Formal Laptop Backpack,"₹2,028",4.3,9,,https://www.ajio.com/safari-caden-25l-formal-laptop-backpack/p/703345696_black?
Priority,Women Flower Printed College Backpack - 22L,₹297,3.8,926,,https://www.ajio.com/priority-women-flower-printed-college-backpack---22l/p/466940022_grey?
The Souled Store,Spider-Man Classic Suit|Marvel™ - Men Printed Travel Backpack,"₹3,104",5,3,,https://www.ajio.com/the-souled-store-spider-man-classic-suit-marvel--men-printed-travel-backpack/p/703061055_blue?
Decathlon,Quechua - Unisex NH Arpenaz 50 Carrying Comfort Hiking Backpack 10 L,₹249,3.3,155,,https://www.ajio.com/decathlon-quechua--unisex-nh-arpenaz-50-carrying-comfort-hiking-backpack-10-l/p/703202421_blue?
Priority,Laptop Backpack with Dual Compartment - 41 L,₹551,4,88,,https://www.ajio.com/priority-laptop-backpack-with-dual-compartment--41-l/p/469810647_darkgrey?
EUME,Unisex PU Laptop Backpack,"₹6,650",,,,https://www.ajio.com/eume-unisex-pu-laptop-backpack/p/703486348_white?
Priority,Unisex College Backpack with Rain Cover- 37 L,₹768,4.6,16,,https://www.ajio.com/priority-unisex-college-backpack-with-rain-cover-37-l/p/469810632_black?
Puma,Summit Extra Large Rucksack,"₹2,220",3.9,46,,https://www.ajio.com/puma-summit-extra-large-rucksack/p/700189037_yellow?
EUME,Unisex Nylon Laptop Backpack,"₹8,998",,,,https://www.ajio.com/eume-unisex-nylon-laptop-backpack/p/703485948_brown?
Puma,Adventure Backpack,₹810,3.8,115,,https://www.ajio.com/puma-adventure-backpack/p/701575685_green?
SUPERDRY,Men Tarp Embroidered Rucksack Backpack,"₹5,052",4.5,123,,https://www.ajio.com/superdry-men-tarp-embroidered-rucksack-backpack/p/410500919_b4g?
ALDO,Men Braliwyn Backpack,"₹10,499",,,,https://www.ajio.com/aldo-men-braliwyn-backpack/p/702819138_black?
Puma,Storm Travel-Friendly Backpack,"₹1,799",4,22,,https://www.ajio.com/puma-storm-travel-friendly-backpack/p/703239564_brown?
Puma,SMASH Large Backpack,₹720,3.9,57,,https://www.ajio.com/puma-smash-large-backpack/p/701721167_grey?
KENNETH COLE,Versatile Back Pack With Laptop Compartment,"₹2,499",,,,https://www.ajio.com/kenneth-cole-versatile-back-pack-with-laptop-compartment/p/701580788_brown?
TOMMY HILFIGER,15'' Laptop Backpack with Signature Branding,"₹2,079",4.4,351,,https://www.ajio.com/tommy-hilfiger-15--laptop-backpack-with-signature-branding/p/460612652_navy?
Skybags,Unisex Nero Compatible Anti-Theft Laptop Backpack - 20L,₹871,3.9,132,,https://www.ajio.com/skybags-unisex-nero-compatible-anti-theft-laptop-backpack--20l/p/702346560_black?
KENNETH COLE,Men Laptop Back Pack,"₹3,000",,,,https://www.ajio.com/kenneth-cole-men-laptop-back-pack/p/701578684_black?
NETPLAY,Men Casual PU Everyday Backpack,"₹1,000",4.8,5,,https://www.ajio.com/netplay-men-casual-pu-everyday-backpack/p/443700764_brown?
Skybags,Unisex Vertex Travel Rucksack with Adjustable Strap & Side Pocket - 45L,₹999,4,43,,https://www.ajio.com/skybags-unisex-vertex-travel-rucksack-with-adjustable-strap--side-pocket--45l/p/467096272_blue?
The Souled Store,Venom Lethal|Marvel™ - Men Graphic Everyday Back Pack,"₹3,629",,,,https://www.ajio.com/the-souled-store-venom-lethal-marvel---men-graphic-everyday-back-pack/p/703152114_black?
Puma,Summit Extra Large Rucksack,"₹2,220",4,24,,https://www.ajio.com/puma-summit-extra-large-rucksack/p/700189857_red?
Skybags,Girls Bloom Printed School Backpack with Side Bottle Pockets & Pouch - 30L,₹999,4.3,373,,https://www.ajio.com/skybags-girls-bloom-printed-school-backpack-with-side-bottle-pockets--pouch--30l/p/700426355_purple?
KENNETH COLE,Everyday Backpack with Adjustable Straps,"₹3,100",5,3,,https://www.ajio.com/kenneth-cole-everyday-backpack-with-adjustable-straps/p/700320156_black?
Decathlon,Kipsta - Unisex Robustness Football Backpack 17L,₹699,3.6,22,,https://www.ajio.com/decathlon-kipsta--unisex-robustness-football-backpack-17l/p/702655885_black?
Puma,Team Goal Core Backpack,₹817,3.9,46,,https://www.ajio.com/puma-team-goal-core-backpack/p/469767610_blue?
KENNETH COLE,Men Laptop Back Pack,"₹3,249",4,5,,https://www.ajio.com/kenneth-cole-men-laptop-back-pack/p/701578677_black?
Puma,Ignite Rolltop Backpack,"₹1,140",4.5,64,,https://www.ajio.com/puma-ignite-rolltop-backpack/p/702588389_blue?
Puma,Derby Backpack,₹800,4.3,707,,https://www.ajio.com/puma-derby-backpack/p/460571671_black?
KENNETH COLE,Colour-block Versatile Back Pack With Laptop Compartment,"₹2,499",3,2,,https://www.ajio.com/kenneth-cole-colour-block-versatile-back-pack-with-laptop-compartment/p/701580794_grey?
Jack & Jones,Men Corduroy Back Pack,"₹2,000",,,,https://www.ajio.com/jack--jones-men-corduroy-back-pack/p/700279436_navy?
Puma,SMASH Large Backpack,₹800,3.6,108,,https://www.ajio.com/puma-smash-large-backpack/p/701532285_green?
KENNETH COLE,Men Laptop Back Pack,"₹3,000",,,,https://www.ajio.com/kenneth-cole-men-laptop-back-pack/p/701576456_grey?
MAX,Men Heathered Backpack with Adjustable Straps,₹999,2.9,67,,https://www.ajio.com/max-men-heathered-backpack-with-adjustable-straps/p/701720108_black?
NETPLAY,Men Casual PU Everyday Backpack,"₹1,150",3.8,4,,https://www.ajio.com/netplay-men-casual-pu-everyday-backpack/p/443700765_black?
EUME,Unisex Nylon Laptop Backpack,"₹8,499",,,,https://www.ajio.com/eume-unisex-nylon-laptop-backpack/p/703486461_white?
Decathlon,Simond - Unisex MT 100 Easy-Fit Multiple Compartments Trekking Bag 70L,"₹7,199",,,,https://www.ajio.com/decathlon-simond--unisex-mt-100-easy-fit-multiple-compartments-trekking-bag-70l/p/702221746_brown?
Wildcraft,Men Backpack with Multiple Compartments,"₹2,399",3.9,21,,https://www.ajio.com/wildcraft-men-backpack-with-multiple-compartments/p/701286980_navy?
KENNETH COLE,Men Laptop Back Pack,"₹2,999",,,,https://www.ajio.com/kenneth-cole-men-laptop-back-pack/p/701578695_black?
HIDESIGN,Solid,"₹17,095",,,,https://www.ajio.com/hidesign-solid/p/703287801_tan?
Puma,Micro Print Back Pack,"₹3,290",5,2,https://assets-jiocdn.ajio.com/medias/sys_master/root1/20250718/TN6P/687973cc6034bf77f0ce52a7/puma_black_micro_print_back_pack.jpg,https://www.ajio.com/puma-micro-print-back-pack/p/701974908_black?
Wildcraft,Unisex Backpack with Multiple Compartments,"₹1,999",4.1,10,https://assets-jiocdn.ajio.com/medias/sys_master/root/20250302/PWT5/67c47eb959f83539800fb9c3/wildcraft_black_unisex_backpack_with_multiple_compartments.jpg,https://www.ajio.com/wildcraft-unisex-backpack-with-multiple-compartments/p/701286997_black?
NIKE,Brand Embroidered Heritage Backpack,"₹2,495",2.7,3,,https://www.ajio.com/nike-brand-embroidered-heritage-backpack/p/469814273_black?
Priority,Men Printed Everyday Backpack,₹667,3.8,44,https://assets-jiocdn.ajio.com/medias/sys_master/root1/20260430/9K0F/69f325d4fcb5bb61d293c11b/priority_dark_green_men_printed_everyday_backpack.jpg,https://www.ajio.com/priority-men-printed-everyday-backpack/p/469810638_darkgreen?
TOMMY HILFIGER,Logo Print Everyday Back Pack,"₹1,949",5,4,https://assets-jiocdn.ajio.com/medias/sys_master/root1/20251108/HalO/690e51e1a470c5082f7c3be6/tommy_hilfiger_black_logo_print_everyday_back_pack.jpg,https://www.ajio.com/tommy-hilfiger-logo-print-everyday-back-pack/p/702171987_black?
Puma,Deviate 2 Backpack,"₹1,575",4.2,93,,https://www.ajio.com/puma-deviate-2-backpack/p/701532332_black?
Decathlon,Quechua - Unisex Arpenaz 500 Robustness Hiking Backpack 30L,"₹2,699",4.4,7,,https://www.ajio.com/decathlon-quechua--unisex-arpenaz-500-robustness-hiking-backpack-30l/p/703125504_black?
Priority,Unisex Laptop Backpack with Trolley Sleeve - 42 L,₹960,4.5,34,,https://www.ajio.com/priority-unisex-laptop-backpack-with-trolley-sleeve--42-l/p/469810651_darkgreen?
NIKE,"Men Brand Print 15"" Laptop Backpack","₹1,097",3.6,59,,https://www.ajio.com/nike-men-brand-print-15-laptop-backpack/p/469744862_orange?
TOMMY HILFIGER,"14"" Backpack with Adjustable Straps","₹2,057",4,7,,https://www.ajio.com/tommy-hilfiger-14-backpack-with-adjustable-straps/p/443547517_grey?
Skybags,Girls Bloom Printed School Backpack with Side Bottle Pockets & Pouch - 30L,₹823,4.3,373,,https://www.ajio.com/skybags-girls-bloom-printed-school-backpack-with-side-bottle-pockets--pouch--30l/p/700426355_pink?
Wildcraft,Men Backpack with Multiple Compartments,"₹1,899",3.2,9,,https://www.ajio.com/wildcraft-men-backpack-with-multiple-compartments/p/701286975_charcoal?
TOMMY HILFIGER,Men Back Pack,"₹1,874",3.9,48,,https://www.ajio.com/tommy-hilfiger-men-back-pack/p/700535630_black?
SAFARI,Men Xyro 25L Formal Laptop Backpack,"₹2,709",,,,https://www.ajio.com/safari-men-xyro-25l-formal-laptop-backpack/p/703346280_black?
MOKOBARA,Bagpack with Adjustable Shoulder Strap,"₹8,999",4,3,,https://www.ajio.com/mokobara-bagpack-with-adjustable-shoulder-strap/p/467076458_black?
Wildcraft,Unisex Laptop Back Pack,"₹1,227",2,4,,https://www.ajio.com/wildcraft-unisex-laptop-back-pack/p/701324776_black?
Priority,Men Printed Everyday Backpack,₹667,3.8,44,,https://www.ajio.com/priority-men-printed-everyday-backpack/p/469810638_darkgrey?
NIKE,Men Logo Print Backpack,"₹2,197",4.2,64,,https://www.ajio.com/nike-men-logo-print-backpack/p/469744885_blackgrey?
Puma,Unisex Logo Print Backpack,₹899,4.2,11,,https://www.ajio.com/puma-unisex-logo-print-backpack/p/469610161_black?
Da Milano,Men Travel Back Pack,"₹16,249",,,,https://www.ajio.com/da-milano-men-travel-back-pack/p/700608315_black?
WROGN,Polyester Everyday Backpack,"₹1,799",,,,https://www.ajio.com/wrogn-polyester-everyday-backpack/p/703111895_black?
Puma,Unisex Scuderia Ferrari Race Backpack,"₹3,599",,,,https://www.ajio.com/puma-unisex-scuderia-ferrari-race-backpack/p/701096089_black?
Decathlon,Quechua - Unisex Arpenaz 500 Robustness Hiking Backpack 20L,"₹1,999",,,,https://www.ajio.com/decathlon-quechua--unisex-arpenaz-500-robustness-hiking-backpack-20l/p/702221684_black?
Puma,BMW M Motorsport Everyday Backpack,"₹2,999",4,9,,https://www.ajio.com/puma-bmw-m-motorsport-everyday-backpack/p/701965484_black?
VENEER,Men Colourblock Backpack with Zip Closure,"₹4,050",,,,https://www.ajio.com/veneer-men-colourblock-backpack-with-zip-closure/p/466951279_grey?
SAFARI,Men Saga 32L Laptop Backpack,"₹1,064",,,,https://www.ajio.com/safari-men-saga-32l-laptop-backpack-/p/703346169_blue?
NETPLAY,Men Logo Print Backpack,₹630,4.5,39,,https://www.ajio.com/netplay-men-logo-print-backpack/p/442950795_navy?
TOMMY HILFIGER,Logo Print Everyday Back Pack,"₹1,491",3.7,3,,https://www.ajio.com/tommy-hilfiger-logo-print-everyday-back-pack/p/702171986_navy?
NU REPUBLIC,Triphop Voyager Drift Backpack,"₹3,999",,,,https://www.ajio.com/nu-republic-triphop-voyager-drift-backpack/p/702702480_black?
Puma,Logo Printed Colour-Block Back Pack,"₹1,600",3.4,14,,https://www.ajio.com/puma-logo-printed-colour-block-back-pack/p/701965365_black?
Puma,Academy All-Over-Printed Multi-Compartment Backpack,"₹1,000",2.8,8,,https://www.ajio.com/puma-academy-all-over-printed-multi-compartment-backpack/p/702045294_black?
ARMANI EXCHANGE,Men Malibu Backpack,"₹7,799",1.8,5,,https://www.ajio.com/armani-exchange-men-malibu-backpack/p/410521551_fc013?
Skybags,"Unisex Namma CSK 16.5"" Compatible Laptop Backpack with Shoe Pocket & Rain Cover-40L","₹1,653",5,2,,https://www.ajio.com/skybags-unisex-namma-csk-16-5-compatible-laptop-backpack-with-shoe-pocket--rain-cover-40l/p/4947749110_multi?
POLICE,Men Patterned Laptop Bag,"₹1,199",,,,https://www.ajio.com/police-men-patterned-laptop-bag/p/703548609_black?
NETPLAY,Men Laptop Backpack,"₹1,000",4.1,10,,https://www.ajio.com/netplay-men-laptop-backpack/p/442950789_black?
OZUKO,9409 Travel Backpack with Adjustable Straps,"₹8,055",4.3,3,,https://www.ajio.com/ozuko-9409-travel-backpack-with-adjustable-straps/p/469396703_grey?
TOMMY HILFIGER,"14"" Backpack with Adjustable Straps","₹2,259",4,2,,https://www.ajio.com/tommy-hilfiger-14-backpack-with-adjustable-straps/p/443547518_black?
Skybags,Unisex Voxel Casual Backpack with 2 Specious Compartments & Bottle Pocket - 22L,₹823,3.8,274,,https://www.ajio.com/skybags-unisex-voxel-casual-backpack-with-2-specious-compartments--bottle-pocket--22l/p/469200727_green?
Skybags,Unisex Flex Casual Backpack with Side Bottle Pocket & Padded Shoulder Straps - 22L,₹823,4.1,476,,https://www.ajio.com/skybags-unisex-flex-casual-backpack-with-side-bottle-pocket--padded-shoulder-straps--22l/p/469200737_blue?
Skybags,Unisex Propack Max Anti‑Theft Laptop Backpack with USB Port - 35L,"₹2,851",3.5,4,,https://www.ajio.com/skybags-unisex-propack-max-anti-theft-laptop-backpack-with-usb-port--35l/p/702113050_black?
Puma,ELITE PU Backpack,"₹2,279",4.3,22,,https://www.ajio.com/puma-elite-pu-backpack/p/701575674_black?
Decathlon,Quechua - Unisex NH Escape 100 Abrasion Resistant Hiking Backpack 17L,₹729,3.3,11,,https://www.ajio.com/decathlon-quechua--unisex-nh-escape-100-abrasion-resistant-hiking-backpack-17l/p/702221415_black?
Decathlon,Quechua - Men Multiple Compartments Hiking Backpacks 20L,₹699,3.7,26,,https://www.ajio.com/decathlon-quechua--men-multiple-compartments-hiking-backpacks-20l/p/702222169_black?
Wildcraft,Men Laptop Back Pack,"₹1,723",3,10,,https://www.ajio.com/wildcraft-men-laptop-back-pack/p/701324792_red?
LACOSTE,Textured Backpack with Adjustable Straps,"₹12,040",,,,https://www.ajio.com/lacoste-textured-backpack-with-adjustable-straps/p/463684167_black?
Puma,Chintz Backpack,"₹1,226",4.2,13,https://assets-jiocdn.ajio.com/medias/sys_master/root/20240713/rlYO/6691b3601d763220fa779747/puma_black_chintz_backpack.jpg,https://www.ajio.com/puma-chintz-backpack/p/700189187_black?
NIKE,Men Hayward Backpack with Adjustable Shoulder Straps,"₹3,007",4.3,32,https://assets-jiocdn.ajio.com/medias/sys_master/root/20250423/G5jE/680898dc7a6cd4182fed4503/nike_brown_men_hayward_backpack_with_adjustable_shoulder_straps.jpg,https://www.ajio.com/nike-men-hayward-backpack-with-adjustable-shoulder-straps/p/469754993_brown?
NIKE,Men Utility Speed Backpack,"₹3,996",4.4,50,,https://www.ajio.com/nike-men-utility-speed-backpack/p/469754986_black?
Priority,Unisex Laptop Backpack with Trolley Sleeve - 42 L,₹960,4.5,34,https://assets-jiocdn.ajio.com/medias/sys_master/root1/20260514/QErx/6a05cae8fcb5bb61d2c231e6/priority_black_unisex_laptop_backpack_with_trolley_sleeve_-_42_l.jpg,https://www.ajio.com/priority-unisex-laptop-backpack-with-trolley-sleeve--42-l/p/469810651_black?
NIKE,Heritage Brand Print Backpack,"₹1,696",4.3,8,https://assets-jiocdn.ajio.com/medias/sys_master/root1/20260226/Q5nd/699fdcb567bcd7539357877d/nike_red_heritage_brand_print_backpack.jpg,https://www.ajio.com/nike-heritage-brand-print-backpack/p/469811196_red?
CONVERSE,"17"" Laptop Backpack with Adjustable Straps","₹2,999",,,,https://www.ajio.com/converse-17-laptop-backpack-with-adjustable-straps/p/703581531_beige?
POLICE,Men Patterned Backpack,₹810,,,https://assets-jiocdn.ajio.com/medias/sys_master/root1/20260601/9mKE/6a1dcdbd14d0c2171917261f/police_black_men_patterned_backpack.jpg,https://www.ajio.com/police-men-patterned-backpack-/p/703515950_black?
Puma,Elite All-Day Backpack,"₹1,739",4.2,6,https://assets-jiocdn.ajio.com/medias/sys_master/root1/20260330/PrrZ/69ca608d5bc52e77e0133d5b/puma_green_elite_all-day_backpack.jpg,https://www.ajio.com/puma-elite-all-day-backpack/p/703242331_green?
Puma,Rolltop Backpack,"₹1,400",4.3,13,,https://www.ajio.com/puma-rolltop-backpack/p/700366002_black?
TOMMY HILFIGER,"15"" Laptop Backpack","₹2,079",,,,https://www.ajio.com/tommy-hilfiger-15-laptop-backpack/p/460612651_lightgrey?
SAFARI,Backpack with Front-Zip Pocket,₹806,3.6,5,,https://www.ajio.com/safari-backpack-with-front-zip-pocket/p/460822682_wine?
Puma,RS Convertible Backpack,"₹2,099",4.5,37,,https://www.ajio.com/puma-rs-convertible-backpack/p/701575684_black?
MOKOBARA,Men Back Pack,"₹8,499",4.6,16,,https://www.ajio.com/mokobara-men-back-pack/p/701153815_black?
FUR JADEN,Men Laptop Backpack with Multiple Compartments,"₹2,199",4.4,17,,https://www.ajio.com/fur-jaden-men-laptop-backpack-with-multiple-compartments/p/702604244_black?
Skybags,Unisex Lumous 17 Inch Laptop Compatible Backpack with Front Pocket - 16L,₹999,4.2,107,,https://www.ajio.com/skybags-unisex-lumous-17-inch-laptop-compatible-backpack-with-front-pocket--16l/p/467105316_blue?
POLICE,Men Patterned Backpack,₹810,,,,https://www.ajio.com/police-men-patterned-backpack-/p/703514457_black?
NIKE,HERITAGE BKPK-HBR CORE SP26 Backpack,"₹1,951",4.2,5,,https://www.ajio.com/nike-heritage-bkpk-hbr-core-sp26-backpack/p/469807533_blue?
Decathlon,Forclaz - Men Travel 100 Abrasion Resistant Trekking Backpack 60L,"₹4,999",,,,https://www.ajio.com/decathlon-forclaz--men-travel-100-abrasion-resistant-trekking-backpack-60l/p/702221799_multi?
MOKOBARA,Men Everyday Backpack with Adjustable Straps,"₹4,999",4.8,26,,https://www.ajio.com/mokobara-men-everyday-backpack-with-adjustable-straps/p/467060651_black?
SAFARI,"Unisex Pluse Plus Brand Print 17"" Laptop Backpack",₹899,4.7,3,,https://www.ajio.com/safari-unisex-pluse-plus-brand-print-17-laptop-backpack/p/4945742450_multi?
FUR JADEN,Men Laptop Backpack with Multiple Compartments,"₹2,199",4.4,17,,https://www.ajio.com/fur-jaden-men-laptop-backpack-with-multiple-compartments/p/702604244_brown?
CAT,Travel Back Pack,"₹3,150",4.8,6,,https://www.ajio.com/cat-travel-back-pack/p/465826049_black?
Puma,Team Goal V1 Everyday Backpack,"₹1,341",3.8,15,,https://www.ajio.com/puma-team-goal-v1-everyday-backpack/p/469759969_black?
F-GEAR,Men Laptop Backpack with Adjustable Strap,"₹4,980",4.7,3,,https://www.ajio.com/f-gear-men-laptop-backpack-with-adjustable-strap/p/702526984_black?
Puma,ACADEMY Printed Backpack,"₹1,679",3.7,17,,https://www.ajio.com/puma-academy-printed-backpack/p/701419986_black?
Priority,Mens Laptop Bag Pack,₹432,4,82,,https://www.ajio.com/priority-mens-laptop-bag-pack/p/700519792_navy?
Urban Jungle,"Unisex Water-Resistant 16"" Laptop Backpack","₹3,520",,,,https://www.ajio.com/urban-jungle-unisex-water-resistant-16-laptop-backpack/p/4943917990_multi?
Decathlon,Quechua - Boys MH900 Ventilated Hiking Backpack 40 + 10 L,"₹5,199",,,,https://www.ajio.com/decathlon-quechua--boys-mh900-ventilated-hiking-backpack-40--10-l/p/702478365_teal?
CONVERSE,"11"" Laptop Backpack with Adjustable Straps","₹2,499",,,,https://www.ajio.com/converse-11-laptop-backpack-with-adjustable-straps/p/703581129_black?
FUR JADEN,Men Travel Backpack with Padded Shoulder Straps,"₹2,199",3.5,2,,https://www.ajio.com/fur-jaden-men-travel-backpack-with-padded-shoulder-straps/p/702613370_grey?
Priority,Men Everyday Use Back Pack,₹419,4.2,125,,https://www.ajio.com/priority-men-everyday-use-back-pack/p/700582663_black?
Assembly,Men Back Pack,"₹3,299",4.2,9,,https://www.ajio.com/assembly-men-back-pack/p/701504036_green?
Puma,Ignite Tophandle Backpack,"₹1,350",3.1,7,,https://www.ajio.com/puma-ignite-tophandle-backpack/p/702588385_purple?
Priority,Men Printed Everyday Backpack,₹667,3.8,44,,https://www.ajio.com/priority-men-printed-everyday-backpack/p/469810638_black?
Puma,Ferrari Pro Modern Boxy Design Backpack,"₹3,290",4.9,7,,https://www.ajio.com/puma-ferrari-pro-modern-boxy-design-backpack/p/701965376_black?
POLICE,Leather Backpack with Adjustable Straps,"₹4,000",4.5,2,,https://www.ajio.com/police-leather-backpack-with-adjustable-straps/p/703304868_black?
Priority,Unisex Printed College Backpack with Raincover - 38L,₹432,3.9,53,,https://www.ajio.com/priority-unisex-printed-college-backpack-with-raincover--38l/p/700643977_navy?
Puma,Porsche Legacy Motorsport Backpack,"₹5,999",5,11,,https://www.ajio.com/puma-porsche-legacy-motorsport-backpack/p/701512869_black?
UNITED COLORS OF BENETTON,Men Backpack with Adjustable Shoulder Straps,"₹1,979",3.8,87,,https://www.ajio.com/united-colors-of-benetton-men-backpack-with-adjustable-shoulder-straps/p/466943156_beige?
Decathlon,Solognac - Unisex Water Repellent Wildlife Backpacks 20L,₹899,3,8,,https://www.ajio.com/decathlon-solognac--unisex-water-repellent-wildlife-backpacks-20l/p/702221599_green?
FUR JADEN,Men Laptop Backpack with Adjustable Straps,"₹2,199",5,4,,https://www.ajio.com/fur-jaden-men-laptop-backpack-with-adjustable-straps/p/702628318_green?
Puma,School Backpack,"₹1,139",4.2,341,,https://www.ajio.com/puma-school-backpack/p/466829937_black?
ARMANI EXCHANGE,Laptop Backpack with Side Pockets,"₹9,000",,,,https://www.ajio.com/armani-exchange-laptop-backpack-with-side-pockets/p/410369008_26921?
Priority,Unisex Printed College Backpack with Raincover - 38L,₹432,3.9,53,,https://www.ajio.com/priority-unisex-printed-college-backpack-with-raincover--38l/p/700643977_blue?
MOKOBARA,Men Backpack with Zip Closure,"₹5,799",4.7,28,,https://www.ajio.com/mokobara-men-backpack-with-zip-closure/p/701416903_black?
EUME,Self-design Laptop Backpack,"₹5,499",,,https://assets-jiocdn.ajio.com/medias/sys_master/root/20250331/k8J9/67e9b2a655340d4b4f9c45be/eume_charcoal_black_self-design_laptop_backpack.jpg,https://www.ajio.com/eume-self-design-laptop-backpack/p/701394280_black?
MOKOBARA,Zip-Around Laptop Back Pack,"₹7,299",,,https://assets-jiocdn.ajio.com/medias/sys_master/root/20250401/4brZ/67ebaa7c55340d4b4fa266b5/mokobara_berry_gelato_zip-around_laptop_back_pack.jpg,https://www.ajio.com/mokobara-zip-around-laptop-back-pack/p/701402613_coral?
Wildcraft,Men Backpack with Adjustable Straps,"₹1,097",5,2,,https://www.ajio.com/wildcraft-men-backpack-with-adjustable-straps/p/701984884_grey?
NIKE,Y Brasilia JDI Mini Backpack,"₹1,595",3.9,111,https://assets-jiocdn.ajio.com/medias/sys_master/root/20241111/KTAw/6731f987260f9c41e8cd4fdd/nike_black_y_brasilia_jdi_mini_backpack.jpg,https://www.ajio.com/nike-y-brasilia-jdi-mini-backpack/p/469687887_blackgrey?
MOKOBARA,The Transit Unisex Laptop Backpack,"₹4,999",4.1,75,https://assets-jiocdn.ajio.com/medias/sys_master/root/20240610/PPqO/666726a405ac7d77bbc364c4/mokobara_black_the_transit_unisex_laptop_backpack.jpg,https://www.ajio.com/mokobara-the-transit-unisex-laptop-backpack/p/467041385_black?
NIKE,Brasilia Logo Print Backpack,"₹2,995",,,,https://www.ajio.com/nike-brasilia-logo-print-backpack/p/469814277_black?
GUESS,Everyday Compact Backpack with Zip Closure,"₹6,757",,,,https://www.ajio.com/guess-everyday-compact-backpack-with-zip-closure-/p/701172266_black?
Wildcraft,Men Laptop Back Pack,"₹1,469",3.5,11,,https://www.ajio.com/wildcraft-men-laptop-back-pack/p/701324781_grey?
TOMMY HILFIGER,Unisex Laptop Backpack,"₹1,741",4.8,8,,https://www.ajio.com/tommy-hilfiger-unisex-laptop-backpack/p/702772597_beige?
Skybags,"Unisex Namma CSK 16.5"" Compatible Laptop Backpack with Shoe Pocket & Rain Cover-40L","₹1,653",3.8,8,,https://www.ajio.com/skybags-unisex-namma-csk-16-5-compatible-laptop-backpack-with-shoe-pocket--rain-cover-40l/p/4947749100_multi?
Puma,Logo Print Phase Backpack,"₹2,299",3.9,11,,https://www.ajio.com/puma-logo-print-phase-backpack/p/469767604_clearblack?
NIKE,DD0559-010 Brand Print Backpack,"₹2,295",4.3,136,,https://www.ajio.com/nike-dd0559-010-brand-print-backpack/p/469146023_black?
ARMANI EXCHANGE,Xavier Brand Print Backpack,"₹13,799",3.8,4,,https://www.ajio.com/armani-exchange-xavier-brand-print-backpack/p/410532881_uc001?
SAFARI,Men Aether 38L Laptop Backpack,"₹1,287",5,3,,https://www.ajio.com/safari-men-aether-38l-laptop-backpack/p/703346664_blue?
POLICE,Patterned Backpack with Adjustable Straps,"₹1,379",,,,https://www.ajio.com/police-patterned-backpack-with-adjustable-straps/p/703544253_black?
Puma,Elite Multi-Pocket Trek Backpack,"₹2,474",,,,https://www.ajio.com/puma-elite-multi-pocket-trek-backpack/p/703318858_black?
Wildcraft,Men Backpack with Multiple Compartments,"₹1,999",4.1,10,,https://www.ajio.com/wildcraft-men-backpack-with-multiple-compartments/p/701286997_grey?
Priority,Unisex Printed College Backpack with Raincover - 38L,₹432,4,82,,https://www.ajio.com/priority-unisex-printed-college-backpack-with-raincover--38l/p/700519792_blue?
Puma,Rider Backpack,"₹2,399",4,144,,https://www.ajio.com/puma-rider-backpack/p/700683842_blue?
SAFARI,"Unisex Punch 16"" Laptop Backpack",₹891,,,,https://www.ajio.com/safari-unisex-punch-16-laptop-backpack/p/4938500490_multi?
NIKE,NSW COMMUTE Backpack,"₹4,671",,,,https://www.ajio.com/nike-nsw-commute-backpack/p/469811201_grey?
NIKE,Logo Print Everyday Backpack,"₹1,696",3,2,,https://www.ajio.com/nike-logo-print-everyday-backpack/p/469813258_blue?
LACOSTE,Backpack with Adjustable Shoulder Strap,"₹6,860",,,,https://www.ajio.com/lacoste-backpack-with-adjustable-shoulder-strap/p/703397262_green?
ARMANI EXCHANGE,Men Digital Milano Edition Backpack,"₹10,000",3.5,2,,https://www.ajio.com/armani-exchange-men-digital-milano-edition-backpack/p/410475788_00020?
Deuter,Men Classic Back Pack,"₹3,999",,,,https://www.ajio.com/deuter-men-classic-back-pack/p/702140728_blue?
ARMANI EXCHANGE,Men Antigua Essential Brand Print Backpack,"₹10,500",4.3,6,,https://www.ajio.com/armani-exchange-men-antigua-essential-brand-print-backpack/p/410475782_00020?
Decathlon,Quechua - Unisex NH Escape 500 Padded Multiple Compartments Hiking Backpack 32L,"₹3,799",4.5,2,,https://www.ajio.com/decathlon-quechua--unisex-nh-escape-500-padded-multiple-compartments-hiking-backpack-32l/p/702221842_black?
MOKOBARA,The Unisex Multipurpose Briefcase Pro,"₹6,999",3.7,7,,https://www.ajio.com/mokobara-the-unisex-multipurpose-briefcase-pro/p/467073874_black?
NIKE,Logo Print Air Backpack with Adjustable Strap,"₹2,795",,,,https://www.ajio.com/nike-logo-print-air-backpack-with-adjustable-strap/p/469814264_black?
Skybags,Unisex Rynex Laptop Backpack with Rain Cover for Office Use - 32L,"₹2,668",,,,https://www.ajio.com/skybags-unisex-rynex-laptop-backpack-with-rain-cover-for-office-use--32l/p/442890841_grey?
Decathlon,Unisex Sage Carrying Comfort Fitness Backpack 10 L,"₹2,349",2,3,,https://www.ajio.com/decathlon-unisex-sage-carrying-comfort-fitness-backpack-10-l/p/702222054_green?
Decathlon,Quechua - Unisex Arpenaz 500 Multiple Compartments Hiking Backpack 20 L,"₹2,499",,,,https://www.ajio.com/decathlon-quechua--unisex-arpenaz-500-multiple-compartments-hiking-backpack-20-l/p/702221969_blue?
Puma,Logo Embossed Buzz Small Backpack,"₹1,116",3.9,23,,https://www.ajio.com/puma-logo-embossed-buzz-small-backpack/p/469767607_blue?
Priority,Women Printed Everyday Backpack,₹696,4,34,,https://www.ajio.com/priority-women-printed-everyday-backpack/p/469810631_cream?
Wildcraft,Men Laptop Back Pack,"₹1,210",2,4,,https://www.ajio.com/wildcraft-men-laptop-back-pack/p/701324776_red?
NIKE,Logo Print Everyday Backpack,"₹5,946",,,,https://www.ajio.com/nike-logo-print-everyday-backpack/p/469813280_grey?
F-GEAR,Men Laptop Backpack with Adjustable Strap,"₹1,752",3.2,5,,https://www.ajio.com/f-gear-men-laptop-backpack-with-adjustable-strap/p/702527025_black?
Priority,Unisex Laptop Backpack with Rain Cover- 30 L,₹744,5,3,,https://www.ajio.com/priority-unisex-laptop-backpack-with-rain-cover-30-l/p/469810653_black?
Wildcraft,Unisex Laptop Back Pack,"₹2,262",4.2,5,,https://www.ajio.com/wildcraft-unisex-laptop-back-pack/p/701324924_red?
TOMMY HILFIGER,Men Laptop Backpack with Zip Closure & Adjustable Strap,"₹2,624",4.1,95,,https://www.ajio.com/tommy-hilfiger-men-laptop-backpack-with-zip-closure--adjustable-strap/p/700530386_black?
Puma,Brand Applique Backpack,"₹2,274",,,,https://www.ajio.com/puma-brand-applique-backpack-/p/703412134_black?
NIKE,Varsity Elite Everyday Backpack,"₹5,495",3.5,4,,https://www.ajio.com/nike-varsity-elite-everyday-backpack/p/469768253_black?
ALDO,Men Everyday Backpack,"₹7,199",,,,https://www.ajio.com/aldo-men-everyday-backpack/p/703333245_brown?
TOMMY HILFIGER,Everyday Casual Back Pack,"₹3,535",,,,https://www.ajio.com/tommy-hilfiger-everyday-casual-back-pack/p/701361133_navy?
Skybags,Unisex Riddle Printed Casual Backpack with 3 Compartments & Side Pockets - 33L,₹823,4.4,104,,https://www.ajio.com/skybags-unisex-riddle-printed-casual-backpack-with-3-compartments--side-pockets--33l/p/469200738_black?
TOMMY HILFIGER,Unisex Laptop Backpack,"₹1,741",4.8,8,https://assets-jiocdn.ajio.com/medias/sys_master/root1/20260119/z9W6/696e35df7ef0c7385c75ea40/tommy_hilfiger_breezy_blue%2Bnavy_unisex_laptop_backpack.jpg,https://www.ajio.com/tommy-hilfiger-unisex-laptop-backpack/p/702772597_blue?
Wildcraft,Men Backpack with Multiple Compartments,"₹2,399",3.9,21,https://assets-jiocdn.ajio.com/medias/sys_master/root/20250302/49Rr/67c4775d59f83539800ed127/wildcraft_olive_men_backpack_with_multiple_compartments.jpg,https://www.ajio.com/wildcraft-men-backpack-with-multiple-compartments/p/701286980_olive?
MOKOBARA,Men Typographic Backpack with Zip Closure,"₹5,500",,,,https://www.ajio.com/mokobara-men-typographic-backpack-with-zip-closure/p/702196031_green?
SAFARI,Men Elite 25L Formal Laptop Backpack,"₹1,700",,,https://assets-jiocdn.ajio.com/medias/sys_master/root1/20260420/RN6k/69e612bbfcb5bb61d269cef6/safari_grey_men_elite_25l_formal_laptop_backpack.jpg,https://www.ajio.com/safari-men-elite-25l-formal-laptop-backpack-/p/703346653_grey?
Lunar's,Backpack Bag with Adjustable Strap,"₹1,199",3.9,31,https://assets-jiocdn.ajio.com/medias/sys_master/root/20220422/mGDl/6262c56df997dd03e27b20a2/lunar%27s_blue_%26_grey_backpack_bag_with_adjustable_strap.jpg,https://www.ajio.com/lunar-s-backpack-bag-with-adjustable-strap/p/469183496_greyblue?
Priority,Men Printed College Backpack with Raincover - 38L,₹432,3.8,124,,https://www.ajio.com/priority-men-printed-college-backpack-with-raincover---38l/p/700644023_blue?
Puma,Logo Back Pack,"₹2,312",4.5,17,,https://www.ajio.com/puma-logo-back-pack/p/702045283_black?
Decathlon,Solognac - Unisex Tactical Ash Carrying Comfort Bushcraft Backpack 20L,"₹1,499",,,,https://www.ajio.com/decathlon-solognac--unisex-tactical-ash-carrying-comfort-bushcraft-backpack-20l/p/703117287_olive?
NIKE,ACDMY TEAM Backpack 2.3,"₹3,495",4.2,51,,https://www.ajio.com/nike-acdmy-team-backpack-2-3/p/469626796_black?
NIKE,NSW RPM BKPK 2.0 Backpack,"₹5,795",5,4,,https://www.ajio.com/nike-nsw-rpm-bkpk-2-0-backpack/p/469768251_black?
Priority,Unisex College Backpack with Raincover - 39L,₹680,3.9,47,,https://www.ajio.com/priority-unisex-college-backpack-with-raincover--39l/p/701737313_black?
Puma,Maximalist Backpack,₹920,4.6,15,,https://www.ajio.com/puma-maximalist-backpack/p/700683858_green?
POLICE,Leather Everyday Backpack,"₹1,379",,,,https://www.ajio.com/police-leather-everyday-backpack/p/703527019_tan?
Skybags,Padded Backpack with Adjustable Straps,₹823,3.8,347,,https://www.ajio.com/skybags-padded-backpack-with-adjustable-straps/p/469200723_seagreen?
Skybags,Unisex Elevate 17 Inch Compatible Laptop Backpack with USB Charging Port - 24L,"₹3,125",,,,https://www.ajio.com/skybags-unisex-elevate-17-inch-compatible-laptop-backpack-with-usb-charging-port--24l/p/4947748930_multi?
Puma,Scuderia Ferrari Pro Hooded Backpack 28L,"₹4,199",,,,https://www.ajio.com/puma-scuderia-ferrari-pro-hooded-backpack-28l/p/702874244_black?
Decathlon,Men Water Repellent Laptop Compartment Backpacks 15L,"₹3,499",,,,https://www.ajio.com/decathlon-men-water-repellent-laptop-compartment-backpacks-15l/p/703117283_grey?
Decathlon,Quechua - Unisex Arpenaz 100 Abrasion Resistant Hiking Backpacks 20L,"₹1,399",,,,https://www.ajio.com/decathlon-quechua--unisex-arpenaz-100-abrasion-resistant-hiking-backpacks-20l/p/703114774_olive?
NIKE,Utility Power 2.0 Backpack,"₹4,956",,,,https://www.ajio.com/nike-utility-power-2-0-backpack/p/469807542_black?
NIKE,Brand Print Backpack with Adjustable Strap,"₹2,995",,,,https://www.ajio.com/nike-brand-print-backpack-with-adjustable-strap/p/469814272_orange?
NIKE,Elemental Brand Print Backpack,"₹2,295",,,,https://www.ajio.com/nike-elemental-brand-print-backpack/p/469816628_mediumblue?
Skybags,"Unisex Namma CSK 16.5"" Compatible Laptop Backpack with Shoe Pocket & Rain Cover-40L","₹1,653",3.8,4,,https://www.ajio.com/skybags-unisex-namma-csk-16-5-compatible-laptop-backpack-with-shoe-pocket--rain-cover-40l/p/4947749120_multi?
Decathlon,Tarmak - Unisex NBA Capacity Basketball Backpack 25L,"₹1,649",4.8,5,,https://www.ajio.com/decathlon-tarmak--unisex-nba-capacity-basketball-backpack-25l/p/702221738_black?
NIKE,BRSLA Small Duffle Bag - 9.5 (41L),"₹2,121",4.9,7,,https://www.ajio.com/nike-brsla-small-duffle-bag--9-5-41l-/p/469807528_blue?
Puma,Aston Martin F1 Everyday Backpack,"₹2,999",,,,https://www.ajio.com/puma-aston-martin-f1-everyday-backpack/p/702725165_black?
SAFARI,Men Bonus 37L School Bag,"₹1,800",4.7,3,,https://www.ajio.com/safari-men-bonus-37l-school-bag-/p/703347202_grey?
Wiki,Men Casual Back Pack,"₹2,349",,,,https://www.ajio.com/wiki-men-casual-back-pack/p/701286053_multi?
NIKE,Brasilia XL Backpack-9.5 (30L),"₹2,971",,,,https://www.ajio.com/nike-brasilia-xl-backpack-9-5-30l-/p/469811198_black?
F-GEAR,Men Laptop Backpack with Adjustable Strap,"₹1,832",5,2,,https://www.ajio.com/f-gear-men-laptop-backpack-with-adjustable-strap/p/702527028_black?
F-GEAR,Men Quilted Backpack with Laptop Compartment,"₹2,740",4.1,26,,https://www.ajio.com/f-gear-men-quilted-backpack-with-laptop-compartment/p/4914341250_multi?
TOMMY HILFIGER,Unisex Printed Backpack,"₹2,399",,,,https://www.ajio.com/tommy-hilfiger-unisex-printed-backpack/p/703001103_navy?
Wildcraft,Unisex Laptop Back Pack,"₹1,378",3.8,5,,https://www.ajio.com/wildcraft-unisex-laptop-back-pack/p/701324889_black?
Lunar's,Men Logo Embossed Travel Backpack,₹900,4.3,3,,https://www.ajio.com/lunar-s-men-logo-embossed-travel-backpack/p/700694513_black?
TOMMY HILFIGER,Unisex Laptop Backpack,"₹1,800",5,2,,https://www.ajio.com/tommy-hilfiger-unisex-laptop-backpack-/p/702772593_burgundy?
Lunar's,Man Back Pack,₹900,4.5,2,,https://www.ajio.com/lunar-s-man-back-pack/p/700700143_blue?
MOKOBARA,The Kaleido Unisex Multipurpose Backpack,"₹4,799",4.3,63,,https://www.ajio.com/mokobara-the-kaleido-unisex-multipurpose-backpack/p/467060647_green?
Decathlon,Unisex Multiple Compartments Laptop Backpack 10L,"₹2,349",2.5,11,,https://www.ajio.com/decathlon-unisex-multiple-compartments-laptop-backpack-10l/p/702221866_black?
GUESS,Pu Logo Back pack,"₹6,143",,,,https://www.ajio.com/guess-pu-logo-back-pack/p/702825896_brown?
FUR JADEN,Men Laptop Backpack with Adjustable Straps,"₹2,199",,,,https://www.ajio.com/fur-jaden-men-laptop-backpack-with-adjustable-straps/p/702628305_brown?
Urban Jungle,Unisex Water-Resistant Flat Open Design Laptop Bag,"₹4,212",,,,https://www.ajio.com/urban-jungle-unisex-water-resistant-flat-open-design-laptop-bag/p/442172876_olive?
SNITCH,Men Backpack with Adjustable Straps,"₹2,725",4.6,5,,https://www.ajio.com/snitch-men-backpack-with-adjustable-straps/p/701032241_black?
UNITED COLORS OF BENETTON,"Men Logo Print 18"" Laptop Backpack","₹2,249",4.3,24,,https://www.ajio.com/united-colors-of-benetton-men-logo-print-18-laptop-backpack/p/467071057_grey?
Priority,Men Printed Everyday Backpack,₹667,3.8,44,,https://www.ajio.com/priority-men-printed-everyday-backpack/p/469810638_navyblue?
NU REPUBLIC,Triphop Voyager Evo 20L Waterproof Backpack,"₹1,999",4.7,6,,https://www.ajio.com/nu-republic-triphop-voyager-evo-20l-waterproof-backpack/p/702702496_black?
NETPLAY,Men Casual Crossbody Bag,₹400,3.9,10,,https://www.ajio.com/netplay-men-casual-crossbody-bag/p/443700763_navy?
ARISTOCRAT,Unisex Vortex 17 Inch Laptop Compatible Backpack with Front Pocket - 25L,"₹1,550",,,https://assets-jiocdn.ajio.com/medias/sys_master/root/20250421/OxCJ/68063eb87a6cd4182fe71444/aristocrat_blue_unisex_vortex_17_inch_laptop_compatible_backpack_with_front_pocket_-_25l.jpg,https://www.ajio.com/aristocrat-unisex-vortex-17-inch-laptop-compatible-backpack-with-front-pocket--25l/p/4945690750_multi?
Puma,Travel V1 Spacious Expandable Backpack,"₹2,820",4.1,10,https://assets-jiocdn.ajio.com/medias/sys_master/root1/20251205/YuLd/6932ba6f8945db77cf0ffb9e/puma_puma_black_travel_v1_spacious_expandable_backpack.jpg,https://www.ajio.com/puma-travel-v1-spacious-expandable-backpack/p/702588400_black?
WROGN,PU Everyday Backpack,"₹2,999",,,,https://www.ajio.com/wrogn-pu-everyday-backpack/p/703111886_brown?
Priority,Men Lightweight College Backpack - 36L,₹468,3.7,55,https://assets-jiocdn.ajio.com/medias/sys_master/root/20250508/o3nd/681c06677a6cd4182f1c7df8/priority_navy_blue_men_lightweight_college_backpack_-___36l.jpg,https://www.ajio.com/priority-men-lightweight-college-backpack---36l/p/701551442_navy?
Decathlon,Quechua - Unisex Escape 500 Robustness Hiking Backpack 23 L,"₹2,999",4.5,4,https://assets-jiocdn.ajio.com/medias/sys_master/root1/20251110/zjKb/6911cb1688d6d62ff8d5f4ac/decathlon_navy_blue_quechua_-_unisex_escape_500_robustness_hiking_backpack_23_l.jpg,https://www.ajio.com/decathlon-quechua--unisex-escape-500-robustness-hiking-backpack-23-l/p/702478303_navy?
BEWAKOOF,Men Printed Backpack with Adjustable Strap,₹899,3.3,3,,https://www.ajio.com/bewakoof-men-printed-backpack-with-adjustable-strap/p/702399116_black?
Jack & Jones,Men Colourblock Backpack,"₹1,500",3.7,3,,https://www.ajio.com/jack--jones-men-colourblock-backpack/p/467170583_multi?
MOKOBARA,Men Everyday Backpack with Adjustable Straps,"₹5,999",4.2,28,,https://www.ajio.com/mokobara-men-everyday-backpack-with-adjustable-straps/p/467060670_green?
Reebok,Men Every Day Back Pack,₹950,,,,https://www.ajio.com/reebok-men-every-day-back-pack/p/702093776_multi?
Wiki,Men Casual Back Pack,"₹2,899",,,,https://www.ajio.com/wiki-men-casual-back-pack/p/701286070_blue?
YOUSTA,Men Laptop Backpack,₹999,,,,https://www.ajio.com/yousta-men-laptop-backpack/p/443701310_black?
NIKE,Men Hayward Swsh Grid Backpack,"₹2,797",3.8,51,,https://www.ajio.com/nike-men-hayward-swsh-grid-backpack/p/469750816_blue?
Decathlon,Kipsta - Unisex Robustness Football Backpacks 17L,₹799,4.5,4,,https://www.ajio.com/decathlon-kipsta--unisex-robustness-football-backpacks-17l/p/702221416_blue?
FUR JADEN,Men Laptop Backpack with Adjustable Straps,₹699,,,,https://www.ajio.com/fur-jaden-men-laptop-backpack-with-adjustable-straps/p/702628323_green?
Decathlon,Forclaz - Unisex Compact Design Backpack 10 L,₹299,3.4,8,,https://www.ajio.com/decathlon-forclaz--unisex-compact-design-backpack-10-l/p/702221680_black?
TEAKWOOD LEATHERS,Men Everyday Zip Closure Back Pack,₹900,3,2,,https://www.ajio.com/teakwood-leathers-men-everyday-zip-closure-back-pack/p/701945610_black?
Pazzo,Travel Bag with Adjustable Strap,₹899,3.3,3,,https://www.ajio.com/pazzo-travel-bag-with-adjustable-strap/p/469183539_blackred?
NETPLAY,Men Casual PU Everyday Backpack,"₹1,999",2.7,6,,https://www.ajio.com/netplay-men-casual-pu-everyday-backpack/p/443700768_black?
YOUSTA,Men Camouflage Print Everyday Backpack,₹400,3.4,17,,https://www.ajio.com/yousta-men-camouflage-print-everyday-backpack/p/442955386_multi?
TEAKWOOD LEATHERS,Men Everyday Backpack with Adjustable Straps,₹850,,,,https://www.ajio.com/teakwood-leathers-men-everyday-backpack-with-adjustable-straps-/p/701947507_black?
Decathlon,Quechua - Unisex Arpenaz 500 Ventilated Hiking Backpack 20 L,"₹2,229",,,,https://www.ajio.com/decathlon-quechua--unisex-arpenaz-500-ventilated-hiking-backpack-20-l/p/702248652_black?
Pazzo,Travel Bag with Adjustable Strap,"₹1,200",3.8,4,,https://www.ajio.com/pazzo-travel-bag-with-adjustable-strap/p/469183532_blackgrey?
Priority,Unisex Laptop Backpack with Rain Cover- 30 L,₹744,3.3,10,,https://www.ajio.com/priority-unisex-laptop-backpack-with-rain-cover-30-l/p/469810652_black?
EUME,Unisex Nylon Laptop Backpack,"₹3,999",,,,https://www.ajio.com/eume-unisex-nylon-laptop-backpack/p/703485996_black?
Skybags,Unisex Ikon 17 Inch Laptop Compatible Backpack with Adjustable Straps - 22L,₹823,3.8,33,,https://www.ajio.com/skybags-unisex-ikon-17-inch-laptop-compatible-backpack-with-adjustable-straps--22l/p/467105320_grey?
SAFARI,Men Elite 25L Formal Laptop Backpack,"₹1,700",,,,https://www.ajio.com/safari-men-elite-25l-formal-laptop-backpack/p/703346253_navy?
Urban Jungle,Men Padded Bag,"₹4,549",,,,https://www.ajio.com/urban-jungle-men-padded-bag/p/703321910_black?
TOMMY HILFIGER,"18"" Laptop Backpack with Logo Applique","₹2,989",4,68,,https://www.ajio.com/tommy-hilfiger-18-laptop-backpack-with-logo-applique/p/467063884_black?
POLICE,Backpack with Ajustable Straps,"₹1,035",,,,https://www.ajio.com/police-backpack-with-ajustable-straps/p/703505756_tan?
Wildcraft,Men Backpack with Adjustable Straps,"₹1,095",,,,https://www.ajio.com/wildcraft-men-backpack-with-adjustable-straps/p/701984677_black?
NETPLAY,Men Backpack with Adjustable Strap,"₹1,000",5,2,,https://www.ajio.com/netplay-men-backpack-with-adjustable-strap/p/443700767_black?
F-GEAR,Men Back Pack with Adjustable Shoulder Strap,₹559,3.5,4,,https://www.ajio.com/f-gear-men-back-pack-with-adjustable-shoulder-strap/p/701900801_wine?
Wildcraft,Men Backpack with Adjustable Strap,"₹2,024",,,,https://www.ajio.com/wildcraft-men-backpack-with-adjustable-strap/p/703587621_olive?
Puma,Elite Sweat-X Organized Backpack,"₹1,924",,,,https://www.ajio.com/puma-elite-sweat-x-organized-backpack/p/703137910_purple?
Decathlon,Artengo - Unisex S Team Easy Transport Tennis Backpack 19 L,₹999,,,,https://www.ajio.com/decathlon-artengo--unisex-s-team-easy-transport-tennis-backpack-19-l/p/702221977_blue?
Decathlon,Forclaz - Unisex 100 Foldable Pocket Backpack -10 L,₹249,4.2,12,,https://www.ajio.com/decathlon-forclaz--unisex-100-foldable-pocket-backpack-10-l/p/702221655_green?
NIKE,JDI Logo Print Mini Backapack,"₹2,495",,,,https://www.ajio.com/nike-jdi-logo-print-mini-backapack/p/469816637_orange?
Skybags,Unisex Propack Laptop Compatible Backpack for Office & Travel - 32L,"₹1,820",,,,https://www.ajio.com/skybags-unisex-propack-laptop-compatible-backpack-for-office--travel--32l/p/702117526_black?
TOMMY HILFIGER,Logo Print Everyday Back Pack,"₹1,624",,,,https://www.ajio.com/tommy-hilfiger-logo-print-everyday-back-pack/p/702171974_navy?
ASICS,Men Shoulder Pouch Bag,₹736,5,2,,https://www.ajio.com/asics-men-shoulder-pouch-bag/p/702139463_black?
TOMMY HILFIGER,Unisex Printed Backpack,"₹2,399",,,,https://www.ajio.com/tommy-hilfiger-unisex-printed-backpack/p/703001101_grey?
YELLOE,Men Laptop Backpack,"₹1,480",,,,https://www.ajio.com/yelloe-men-laptop-backpack/p/703044300_black?
NIKE,BRSLA XL BKPK - 9.5 (30L) Backpack,"₹2,971",4.3,243,https://assets-jiocdn.ajio.com/medias/sys_master/root/20231201/1YMQ/6569f755ddf7791519ab2f17/nike_black_brsla_xl_bkpk_-_9.5_%2830l%29_backpack.jpg,https://www.ajio.com/nike-brsla-xl-bkpk--9-5-30l-backpack/p/469565034_black?
Lunar's,Monica Printed Backpack,₹599,4,40,https://assets-jiocdn.ajio.com/medias/sys_master/root/20220413/LCOT/6256ed75f997dd03e25b27eb/lunar%27s_blue_monica_printed_backpack.jpg,https://www.ajio.com/lunar-s-monica-printed-backpack/p/469183500_blue?
TOMMY HILFIGER,"15"" Brand Print Laptop Backpack","₹2,274",4.6,19,,https://www.ajio.com/tommy-hilfiger-15-brand-print-laptop-backpack/p/460612699_navy?
Puma,Classics Archive Backpack,"₹1,649",3,61,https://assets-jiocdn.ajio.com/medias/sys_master/root/20231124/pAB0/65600ed8ddf7791519983261/puma_puma_black_classics_archive_backpack.jpg,https://www.ajio.com/puma-classics-archive-backpack/p/466822537_black?
Puma,Men Buzz Heather Backpack,"₹1,528",3.7,3,https://assets-jiocdn.ajio.com/medias/sys_master/root/20250422/dggn/680769d37a6cd4182fe8ccfb/puma_grey_men_buzz_heather_backpack.jpg,https://www.ajio.com/puma-men-buzz-heather-backpack/p/469755574_grey?
SPYKAR,Men Adjustable Straps Backpack,"₹2,500",3.4,5,,https://www.ajio.com/spykar-men-adjustable-straps-backpack/p/701413590_black?
TOMMY HILFIGER,Unisex Brand Print Backpack,"₹1,984",4.3,4,,https://www.ajio.com/tommy-hilfiger-unisex-brand-print-backpack/p/442171999_orange?
The Souled Store,TSS Originals Tropical|The Souled Store - Men Graphic Print Travel Backpack,"₹2,012",,,,https://www.ajio.com/the-souled-store-tss-originals-tropical-the-souled-store--men-graphic-print-travel-backpack/p/703061324_yellow?
PERFORMAX,Men Manchester City Print Everyday Backpack,₹398,3.7,49,,https://www.ajio.com/performax-men-manchester-city-print-everyday-backpack/p/442530180_navyblue?
SAFARI,"Men Checked Laptop Bagpack 17""","₹1,980",,,,https://www.ajio.com/safari-men-checked-laptop-bagpack-17-/p/703386062_black?
Reebok,Men Everyday Back Pack,"₹1,329",2.3,3,,https://www.ajio.com/reebok-men-everyday-back-pack/p/702060506_black?
POLICE,Brand Print Backpack with Adjustable Shoulder Strap,₹599,,,,https://www.ajio.com/police-brand-print-backpack-with-adjustable-shoulder-strap/p/703609956_black?
Tortoise,Laptop Backpack with Adjustable Straps,"₹1,800",5,3,,https://www.ajio.com/tortoise-laptop-backpack-with-adjustable-straps/p/469135092_darkbrown?
Priority,Women Printed Everyday Backpack,₹696,4,34,,https://www.ajio.com/priority-women-printed-everyday-backpack/p/469810631_lightpink?
TOMMY HILFIGER,Laptop Dedicated I-Pad Sleeve Back Pack,"₹1,874",4,4,,https://www.ajio.com/tommy-hilfiger-laptop-dedicated-i-pad-sleeve-back-pack/p/702264568_navy?
SUPERDRY,Men Classic Patch Montana Printed Backpack,"₹2,844",4.3,68,,https://www.ajio.com/superdry-men-classic-patch-montana-printed-backpack/p/410479977_qx1?
NIKE,Brand Print Air Hayward Backpack,"₹2,397",3.3,3,,https://www.ajio.com/nike-brand-print-air-hayward-backpack/p/469814262_pink?
Skybags,Unisex Fuse 15.6 Inch Compatible Laptop Backpack with 2 Compartments - 18L,"₹1,625",,,,https://www.ajio.com/skybags-unisex-fuse-15-6-inch-compatible-laptop-backpack-with-2-compartments--18l/p/4947749050_multi?
NIKE,Y ELMNTL SHOEBOX Backpack,"₹1,951",4.5,2,,https://www.ajio.com/nike-y-elmntl-shoebox-backpack/p/469811203_green?
Puma,Brand Love Backpack,"₹1,120",3,3,,https://www.ajio.com/puma-brand-love-backpack/p/467107769_black?
Puma,Man Puma Back Pack,"₹1,623",,,,https://www.ajio.com/puma-man-puma-back-pack/p/700684188_green?
UNITED COLORS OF BENETTON,Men Printed Backpack with Adjustable Strap,"₹1,754",,,,https://www.ajio.com/united-colors-of-benetton-men-printed-backpack-with-adjustable-strap/p/467045594_navy?
Puma,Brand Print Everyday Backpack,"₹1,000",,,,https://www.ajio.com/puma-brand-print-everyday-backpack/p/467000236_blue?
NIKE,JDI Logo Print Mini Backapack,"₹2,495",,,,https://www.ajio.com/nike-jdi-logo-print-mini-backapack/p/469816636_001black?
Puma,Ignite Classic Backpack,"₹1,120",3.7,44,,https://www.ajio.com/puma-ignite-classic-backpack/p/702588382_blue?
IMPULSE,Colourblock Travel Backpack,"₹1,375",3.7,150,,https://www.ajio.com/impulse-colourblock-travel-backpack/p/469173036_blue?
Tortoise,"15"" Laptop Backpack with Adjustable Straps","₹1,800",4.6,9,,https://www.ajio.com/tortoise-15-laptop-backpack-with-adjustable-straps/p/469135093_lightbrown?
NIKE,Y Boxy Backpack,"₹2,546",,,,https://www.ajio.com/nike-y-boxy-backpack/p/469768257_royalblue?
FUR JADEN,Men Laptop Bag with Dual USB Charging Port,"₹1,799",3.3,6,,https://www.ajio.com/fur-jaden-men-laptop-bag-with-dual-usb-charging-port/p/702606612_black?
TOMMY HILFIGER,Laptop Dedicated I-Pad Sleeve Back Pack,"₹2,559",,,,https://www.ajio.com/tommy-hilfiger-laptop-dedicated-i-pad-sleeve-back-pack-/p/702264595_navy?
Pazzo,Alto 40L Casual Backpack,₹849,3.8,53,,https://www.ajio.com/pazzo-alto-40l-casual-backpack/p/469183428_black?
NIKE,Logo Print Everyday Backpack,"₹1,951",,,,https://www.ajio.com/nike-logo-print-everyday-backpack/p/469813293_green?
Wildcraft,Men Laptop Back Pack,"₹1,460",3.8,13,,https://www.ajio.com/wildcraft-men-laptop-back-pack/p/701324781_blue?
Wildcraft,Men Backpack with Multiple Compartments,"₹1,899",3.2,9,,https://www.ajio.com/wildcraft-men-backpack-with-multiple-compartments/p/701286975_tan?
SNITCH,Men Backpack with Adjustable Straps,"₹1,451",4.5,2,,https://www.ajio.com/snitch-men-backpack-with-adjustable-straps/p/701032245_silver?
Puma,Men Premium Backpack with Adjustable Straps,"₹2,037",4.5,4,,https://www.ajio.com/puma-men-premium-backpack-with-adjustable-straps/p/469682318_black?
NETPLAY,Men Logo Print Backpack,₹630,4.5,39,,https://www.ajio.com/netplay-men-logo-print-backpack/p/442950795_olive?
NIKE,Elemental Brand Print Backpack,"₹2,295",,,,https://www.ajio.com/nike-elemental-brand-print-backpack/p/469816627_mediumblue?
Decathlon,Kipsta - Unisex Capacity Football Backpack Bag 17L,₹799,2,5,,https://www.ajio.com/decathlon-kipsta--unisex-capacity-football-backpack-bag-17l/p/702221444_green?
Pazzo,Travel Bag with Adjustable Strap,"₹1,200",3.5,6,,https://www.ajio.com/pazzo-travel-bag-with-adjustable-strap/p/469183533_blackblue?
Priority,Women Printed Everyday Backpack,₹696,4,34,,https://www.ajio.com/priority-women-printed-everyday-backpack/p/469810631_black?
F-GEAR,"Men Brand Embossed Laptop Backpack 16""","₹1,170",4.2,15,,https://www.ajio.com/f-gear-men-brand-embossed-laptop-backpack-16-/p/4914340260_multi?
Priority,Men Lightweight College Backpack - 36L,₹468,3.8,48,,https://www.ajio.com/priority-men-lightweight-college-backpack---36l/p/701551442_brown?
NETPLAY,Men Backpack with Adjustable Straps,₹270,3.9,90,,https://www.ajio.com/netplay-men-backpack-with-adjustable-straps/p/442950706_black?
Puma,Men Phase Brand Print Backpack,"₹1,116",4.7,7,,https://www.ajio.com/puma-men-phase-brand-print-backpack/p/469755488_blue?
Wiki,Men Logo Embossed Everyday Backpack,"₹1,234",,,https://assets-jiocdn.ajio.com/medias/sys_master/root/20250310/35wS/67cef2a02960820c49e0013d/wiki_olive_men_logo_embossed_everyday_backpack.jpg,https://www.ajio.com/wiki-men-logo-embossed-everyday-backpack/p/701322986_olive?
Decathlon,Quechua - Unisex Arpenaz 100 Abrasion Resistant Hiking Backpacks 10L,₹699,4.3,6,https://assets-jiocdn.ajio.com/medias/sys_master/root1/20260305/qQHM/69a97d73af321a7f92021186/decathlon_orange_quechua_-_unisex_arpenaz_100_abrasion_resistant_hiking_backpacks_10l.jpg,https://www.ajio.com/decathlon-quechua--unisex-arpenaz-100-abrasion-resistant-hiking-backpacks-10l/p/703114779_orange?
REDHORNS,Men Laptop Back Pack,"₹1,649",2.7,13,,https://www.ajio.com/redhorns-men-laptop-back-pack/p/701044216_black?
RED TAPE,Men Logo Print Laptop Backpack,"₹1,200",3.7,6,https://assets-jiocdn.ajio.com/medias/sys_master/root1/20260509/RPIM/69ff5e6614d0c21719ccdf24/red_tape_grey_men_logo_print_laptop_backpack.jpg,https://www.ajio.com/red-tape-men-logo-print-laptop-backpack/p/701506148_grey?
NETPLAY,Men Backpack with Adjustable Strap,₹420,4.1,39,https://assets-jiocdn.ajio.com/medias/sys_master/root/20241011/STXf/67090014260f9c41e86d7d04/netplay_grey_men_backpack_with_adjustable_strap.jpg,https://www.ajio.com/netplay-men-backpack-with-adjustable-strap/p/442691635_grey?
Puma,Men Teamgoal Colourblock Backpack,"₹1,728",3.8,11,,https://www.ajio.com/puma-men-teamgoal-colourblock-backpack/p/469682316_red?
Decathlon,Quechua - Women Arpenaz 100 Abrasion Resistant Hiking Backpacks 10L,₹699,,,,https://www.ajio.com/decathlon-quechua--women-arpenaz-100-abrasion-resistant-hiking-backpacks-10l/p/703114775_green?
F-GEAR,Men Blaze Leather Backpack with Adjustable Strap,₹853,3.6,5,,https://www.ajio.com/f-gear-men-blaze-leather-backpack-with-adjustable-strap/p/469749165_green?
ZIPLINE,Floral Print Backpack with Adjustable Strap,"₹1,110",5,3,,https://www.ajio.com/zipline-floral-print-backpack-with-adjustable-strap/p/466937170_purple?
UNITED COLORS OF BENETTON,Men Typographic Print Backpack with Adjustable Straps,"₹1,979",4.5,2,,https://www.ajio.com/united-colors-of-benetton-men-typographic-print-backpack-with-adjustable-straps/p/466696370_black?
Priority,Men Printed College Backpack with Raincover - 36L,₹600,4.2,10,,https://www.ajio.com/priority-men-printed-college-backpack-with-raincover---36l/p/701737356_black?
NIKE,Men Brasilia Printed Medium Backpack,"₹1,812",4.1,27,,https://www.ajio.com/nike-men-brasilia-printed-medium-backpack/p/469755002_khaki?
Urban Ranger by Pantaloons,Men Laptop Backpack,"₹1,124",,,,https://www.ajio.com/urban-ranger-by-pantaloons-men-laptop-backpack/p/703579188_black?
NIKE,Logo Print Everyday Backpack,"₹2,295",,,,https://www.ajio.com/nike-logo-print-everyday-backpack/p/469813259_grey?
F-GEAR,Men Back Pack with Adjustable Shoulder Strap,₹952,4.5,2,,https://www.ajio.com/f-gear-men-back-pack-with-adjustable-shoulder-strap/p/701900803_black?
YOUSTA,Men Rucksack Backpack,₹500,4.2,5,,https://www.ajio.com/yousta-men-rucksack-backpack/p/442975898_black?
Pazzo,Travel Bag with Adjustable Strap,₹899,3.6,21,,https://www.ajio.com/pazzo-travel-bag-with-adjustable-strap/p/469183540_blackblue?
UNITED COLORS OF BENETTON,Men Backpack with Adjustable Shoulder Straps,"₹1,979",4.3,70,,https://www.ajio.com/united-colors-of-benetton-men-backpack-with-adjustable-shoulder-straps/p/466943280_navy?
Pazzo,Floral Print Back Pack,₹860,,,,https://www.ajio.com/pazzo-floral-print-back-pack/p/466884895_blue?
Wildcraft,Unisex Brand Print Backpack with Adjustable Straps,"₹1,359",3.5,6,,https://www.ajio.com/wildcraft-unisex-brand-print-backpack-with-adjustable-straps/p/451016570_natural?
ZIPLINE,Solid Laptop Backpack,"₹1,000",3.6,36,,https://www.ajio.com/zipline-solid-laptop-backpack/p/463938053_grey?
Priority,Men Lightweight College Backpack - 36L,₹468,3.3,19,,https://www.ajio.com/priority-men-lightweight-college-backpack---36l/p/701551446_black?
F-GEAR,Men Cobalt Canvas Backpack with Adjustable Starp,"₹1,143",,,,https://www.ajio.com/f-gear-men-cobalt-canvas-backpack-with-adjustable-starp/p/469749177_navy?
Priority,Men Printed College Backpack with Front Pocket - 31L,₹425,3.2,19,,https://www.ajio.com/priority-men-printed-college-backpack-with-front-pocket---31l/p/701601315_navy?
Decathlon,Unisex Robustness Football Backpacks 24L,₹999,,,,https://www.ajio.com/decathlon-unisex-robustness-football-backpacks-24l/p/702221543_black?
F-GEAR,Men Laptop Backpack with Adjustable Strap,₹952,3.3,4,,https://www.ajio.com/f-gear-men-laptop-backpack-with-adjustable-strap/p/702527009_maroon?
MAX,Men Laptop Backpack,₹799,,,,https://www.ajio.com/max-men-laptop-backpack/p/703300380_grey?
ADIDAS,Backpack with Adjustable Shoulder Straps,"₹1,205",4,21,,https://www.ajio.com/adidas-backpack-with-adjustable-shoulder-straps/p/460600057_blue?
F-GEAR,Men Judy Everyday Backpack with Adjustable Straps,₹872,,,,https://www.ajio.com/f-gear-men-judy-everyday-backpack-with-adjustable-straps/p/469749203_navyblue?
Wildcraft,Men Backpack with Multiple Compartments,"₹1,249",3.5,6,,https://www.ajio.com/wildcraft-men-backpack-with-multiple-compartments/p/701286998_blue?
Wildcraft,Men Backpack with Multiple Compartments,"₹2,599",4,8,,https://www.ajio.com/wildcraft-men-backpack-with-multiple-compartments/p/701286979_navy?
Wildcraft,Men Backpack with Multiple Compartments,"₹1,899",3.2,9,,https://www.ajio.com/wildcraft-men-backpack-with-multiple-compartments/p/701286975_olive?
POLICE,Backpack with Brand Print,₹539,,,,https://www.ajio.com/police-backpack-with-brand-print/p/703545011_red?
Wildcraft,Unisex Wiki Champ2 Disney Print Backpack Bag,₹959,4.5,2,,https://www.ajio.com/wildcraft-unisex-wiki-champ2-disney-print-backpack-bag/p/4928674410_multi?
Wildcraft,Men Backpack with Multiple Compartments,"₹2,499",4,11,,https://www.ajio.com/wildcraft-men-backpack-with-multiple-compartments/p/701286977_navy?
NIKE,Logo Print Everyday Backpack,"₹1,595",5,3,,https://www.ajio.com/nike-logo-print-everyday-backpack/p/469813266_blue?
SPYKAR,Men Regular Fit Back Pack,₹600,,,,https://www.ajio.com/spykar--men-regular-fit-back-pack/p/701058828_black?
Puma,Women Teamgoal Football Backpack with Ball Net,"₹1,354",3.8,4,,https://www.ajio.com/puma-women-teamgoal-football-backpack-with-ball-net/p/469755380_black?
Wildcraft,Men Backpack with Multiple Compartments,"₹1,999",3.6,11,,https://www.ajio.com/wildcraft-men-backpack-with-multiple-compartments/p/701287003_navy?
Priority,Women Printed Everyday Backpack,₹696,4,34,,https://www.ajio.com/priority-women-printed-everyday-backpack/p/469810631_blue?
Priority,Logo Print Backpack,₹552,2.7,3,,https://www.ajio.com/priority-logo-print-backpack/p/469810642_black?
Priority,Unisex Laptop Backpack with Rain Cover- 30 L,₹744,5,3,,https://www.ajio.com/priority-unisex-laptop-backpack-with-rain-cover-30-l/p/469810653_navyblue?
Wildcraft,Men Backpack with Multiple Compartments,"₹1,899",3.2,9,,https://www.ajio.com/wildcraft-men-backpack-with-multiple-compartments/p/701286975_black?
Puma,Women Phase Brand Print Backpack with Pouch,"₹1,107",4.2,5,,https://www.ajio.com/puma-women-phase-brand-print-backpack-with-pouch/p/469755516_purple?
Decathlon,Quechua - Unisex NH Arpenaz 50 Abrasion Resistant Hiking Backpack 10L,₹379,4.1,8,,https://www.ajio.com/decathlon-quechua--unisex-nh-arpenaz-50-abrasion-resistant-hiking-backpack-10l/p/702221735_brown?
Puma,Patch Backpack,"₹1,350",3.2,5,https://assets-jiocdn.ajio.com/medias/sys_master/root/20231127/6sLJ/65645c42afa4cf41f5a1f3fe/puma_pink_patch_backpack.jpg,https://www.ajio.com/puma-patch-backpack/p/466826739_pink?
Reebok,Men Everyday Back Pack,"₹1,150",,,https://assets-jiocdn.ajio.com/medias/sys_master/root1/20250805/8Yoz/68920c2d3d468c61ab4d8b70/reebok_black_men_everyday_back_pack.jpg,https://www.ajio.com/reebok-men-everyday-back-pack/p/702074258_black?
Wildcraft,Men Backpack with Adjustable Straps,₹899,,,,https://www.ajio.com/wildcraft-men-backpack-with-adjustable-straps/p/701984678_yellow?
SUPERDRY,Men Workwear Canvas Montana Backpack,"₹3,789",2.8,12,https://assets-jiocdn.ajio.com/medias/sys_master/root/20250403/NywD/67ee96f755340d4b4fac4cb0/superdry_red_men_workwear_canvas_montana_backpack.jpg,https://www.ajio.com/superdry-men-workwear-canvas-montana-backpack/p/410479981_zud?
Puma,Streak Backpack,"₹1,104",4.4,25,https://assets-jiocdn.ajio.com/medias/sys_master/root/20240404/bF6P/660e936305ac7d77bbf5b353/puma_peacoat_blue_streak_backpack.jpg,https://www.ajio.com/puma-streak-backpack/p/467019760_blue?
Skybags,Unisex Trible Plus 14 Inch Laptop Compatible Backpack with Inside Mesh Bottle Pocket - 15L,₹823,4.5,17,,https://www.ajio.com/skybags-unisex-trible-plus-14-inch-laptop-compatible-backpack-with-inside-mesh-bottle-pocket--15l/p/442172095_coral?
BEWAKOOF,Unisex Typographic Print Slingbag,₹549,4.7,3,,https://www.ajio.com/bewakoof-unisex-typographic-print-slingbag/p/702676590_black?
Wildcraft,Unisex Backpack with Multiple Compartments,"₹2,599",4,8,,https://www.ajio.com/wildcraft-unisex-backpack-with-multiple-compartments/p/701286979_black?
Skybags,Everyday Backpack with Adjustable Straps,₹869,3.9,104,,https://www.ajio.com/skybags-everyday-backpack-with-adjustable-straps/p/469235895_blue?
Wildcraft,Men Backpack with Multiple Compartments,"₹1,249",3.5,6,,https://www.ajio.com/wildcraft-men-backpack-with-multiple-compartments/p/701286998_navy?
Puma,"15"" Backpack with Signature Branding",₹901,2.5,4,,https://www.ajio.com/puma-15-backpack-with-signature-branding/p/460584200_grey?
POLICE,Logo Print Backpack with Adjustable Strap,₹779,,,,https://www.ajio.com/police-logo-print-backpack-with-adjustable-strap/p/703578923_navy?
NETPLAY,Men Colourblock Laptop Backpack,"₹1,000",4.1,10,,https://www.ajio.com/netplay-men-colourblock-laptop-backpack/p/442950789_olive?
Puma,Men S Heather Backpack with Adjustable Straps,"₹1,535",,,,https://www.ajio.com/puma-men-s-heather-backpack-with-adjustable-straps/p/469755573_grey?
Priority,Unisex Laptop Backpack with Rain Cover- 30 L,₹744,3.3,10,,https://www.ajio.com/priority-unisex-laptop-backpack-with-rain-cover-30-l/p/469810652_darkgreen?
F-GEAR,Men Back Pack with Adjustable Shoulder Strap,₹559,,,,https://www.ajio.com/f-gear-men-back-pack-with-adjustable-shoulder-strap/p/701900790_yellow?
Priority,Unisex Printed College Backpack - 38L,₹432,3.7,10,,https://www.ajio.com/priority-unisex-printed-college-backpack--38l/p/700644037_black?
Priority,Women Printed Lightweight College Backpack - 22L,₹375,3.8,11,,https://www.ajio.com/priority-women-printed-lightweight-college-backpack---22l/p/467100598_lavender?
NIKE,Unisex Sportswear Futura 365 Mini Backpack,"₹1,372",4.4,22,,https://www.ajio.com/nike-unisex-sportswear-futura-365-mini-backpack/p/469755008_black?
SAFARI,"Unisex Pluse Plus Brand Print 17"" Laptop Backpack",₹899,,,,https://www.ajio.com/safari-unisex-pluse-plus-brand-print-17-laptop-backpack/p/4945742460_multi?
Priority,Unisex Laptop Backpack with Rain Cover- 30 L,₹744,3.3,10,,https://www.ajio.com/priority-unisex-laptop-backpack-with-rain-cover-30-l/p/469810652_darkgrey?
Puma,Plus Logo Print Gym Sack,₹529,,,,https://www.ajio.com/puma-plus-logo-print-gym-sack/p/469755499_black?
Decathlon,Forclaz - Unisex In Travel Compact Design Ball Backpack 15 L,₹539,,,,https://www.ajio.com/decathlon-forclaz--unisex-in-travel-compact-design-ball-backpack-15-l/p/702221610_green?
Wildcraft,Unisex Checked Backpack with Adjustable Straps,₹489,5,2,,https://www.ajio.com/wildcraft-unisex-checked-backpack-with-adjustable-straps/p/4931127480_multi?
Priority,Unisex Laptop Backpack with Rain Cover- 30 L,₹744,5,3,,https://www.ajio.com/priority-unisex-laptop-backpack-with-rain-cover-30-l/p/469810653_darkgrey?
F-GEAR,Men Typographic Print Backpack with Adjustable Straps,₹479,,,,https://www.ajio.com/f-gear-men-typographic-print-backpack-with-adjustable-straps/p/702520022_purple?
Priority,Men Mototrcycle Printed College Backpack - 31L,₹425,3,5,,https://www.ajio.com/priority-men-mototrcycle-printed-college-backpack---31l/p/701737440_blue?
Gilmore Oak,Men Hard Body Laptop Back Pack,"₹2,799",,,,https://www.ajio.com/gilmore-oak-men-hard-body-laptop-back-pack/p/701495870_yellow?
Puma,Casual Backpack with Adjustable Strap,₹972,3.5,28,,https://www.ajio.com/puma-casual-backpack-with-adjustable-strap/p/460934501_pink?
Puma,Men Printed Backpack,"₹1,200",3.8,4,,https://www.ajio.com/puma-men-printed-backpack/p/701421807_blue?
Skybags,Men Valor 02 Laptop Backpack,₹823,3,6,,https://www.ajio.com/skybags-men-valor-02-laptop-backpack/p/4932177590_multi?
Puma,PUMA Deck Multi-Compartment Backpack 21L,"₹1,000",3.9,39,,https://www.ajio.com/puma-puma-deck-multi-compartment-backpack-21l/p/700301751_green?
NETPLAY,Men Casual Fanny Backpack,₹450,,,,https://www.ajio.com/netplay-men-casual-fanny-backpack/p/443700762_olive?
Priority,Unisex Printed College Backpack with Raincover - 38L,₹432,4,82,,https://www.ajio.com/priority-unisex-printed-college-backpack-with-raincover--38l/p/700519792_black?
Kuber Industries,Cartoon Back Pack,₹526,,,,https://www.ajio.com/kuber-industries-cartoon-back-pack/p/700276604_black?
BEWAKOOF,Unisex Typographic Print Slingbag,₹449,,,,https://www.ajio.com/bewakoof-unisex-typographic-print-slingbag/p/702676314_black?
Decathlon,Quechua - Women Arpenaz 50 Ventilation Hiking Backpack 10L,₹379,3.5,4,,https://www.ajio.com/decathlon-quechua--women-arpenaz-50-ventilation-hiking-backpack-10l/p/702221549_green?
NIKE,Brasilia Logo Print Backpack,"₹2,995",,,,https://www.ajio.com/nike-brasilia-logo-print-backpack/p/469814278_white?
BEWAKOOF,Marvel - Men Graphic Print Backpack,₹367,,,,https://www.ajio.com/bewakoof-marvel--men-graphic-print-backpack/p/702553492_orange?
F-GEAR,Men Back Pack with Adjustable Shoulder Strap,"₹1,398",3.8,8,,https://www.ajio.com/f-gear-men-back-pack-with-adjustable-shoulder-strap/p/701900804_blue?
F-GEAR,Boys Graphic Print Backpack,₹592,3.3,6,,https://www.ajio.com/f-gear-boys-graphic-print-backpack/p/469736493_brown?
Decathlon,Tarmak - Unisex NBA Chicago Bulls Basketball Backpacks 25 L,"₹2,199",1,2,,https://www.ajio.com/decathlon-tarmak--unisex-nba-chicago-bulls-basketball-backpacks-25-l/p/702221657_red?
Priority,Unisex Laptop Backpack with Rain Cover- 30 L,₹744,3.3,10,,https://www.ajio.com/priority-unisex-laptop-backpack-with-rain-cover-30-l/p/469810652_navyblue?
PERFORMAX,Men Brand Print Backpack,₹200,2.8,70,,https://www.ajio.com/performax-men-brand-print-backpack/p/442125082_black?
Priority,Unisex Printed College Backpack with Raincover - 38L,₹432,3.8,47,,https://www.ajio.com/priority-unisex-printed-college-backpack-with-raincover--38l/p/700643977_black?
NIKE,Heritage Eugene 2.0 Winterized Backpack,"₹4,095",,,https://assets-jiocdn.ajio.com/medias/sys_master/root1/20260413/8KRs/69dcc48814d0c21719689d66/nike_pink_heritage_eugene_2.0_winterized_backpack.jpg,https://www.ajio.com/nike-heritage-eugene-2-0-winterized-backpack/p/469816632_darkred?
Wildcraft,Unisex Travel Pro 50 Rucksack,"₹2,999",,,https://assets-jiocdn.ajio.com/medias/sys_master/root/20250303/tbgi/67c59a812960820c49c81588/wildcraft_black_unisex_travel_pro_50_rucksack.jpg,https://www.ajio.com/wildcraft-unisex-travel-pro-50-rucksack/p/442171420_black?
GAUGE MACHINE,Men Leather Travel Back Pack,"₹3,500",,,,https://www.ajio.com/gauge-machine-men-leather-travel-back-pack-/p/702210278_grey?
Columbia,Unisex Omni-Shield Manresa 30L Backpack,"₹6,499",,,https://assets-jiocdn.ajio.com/medias/sys_master/root1/20260112/K6kY/6964fa50cbfa0d56086b22af/columbia_black_unisex_omni-shield_manresa_30l_backpack.jpg,https://www.ajio.com/columbia-unisex-omni-shield-manresa-30l-backpack/p/702754296_black?
F-GEAR,Men Back Pack with Adjustable Shoulder Strap,₹559,3.4,8,https://assets-jiocdn.ajio.com/medias/sys_master/root/20250709/uBfD/686e7adbb13fc54edd0d96f4/f-gear_green_men_back_pack_with_adjustable_shoulder_strap.jpg,https://www.ajio.com/f-gear-men-back-pack-with-adjustable-shoulder-strap/p/701900797_green?
Decathlon,Forclaz - Unisex Travel 100 Locking Mechanism Trekking Backpack 60L,"₹4,799",,,,https://www.ajio.com/decathlon-forclaz--unisex-travel-100-locking-mechanism-trekking-backpack-60l/p/702222167_yellow?
POLICE,Patterned Backpack with Adjustable Straps,"₹1,499",,,https://assets-jiocdn.ajio.com/medias/sys_master/root1/20260609/xHUo/6a2829a414d0c2171933f6b8/police_brown_patterned_backpack_with_adjustable_straps.jpg,https://www.ajio.com/police-patterned-backpack-with-adjustable-straps/p/703544824_brown?
The Souled Store,Nimbus Phantom|The Souled Store - Unisex Graphic Backpack,"₹2,099",,,https://assets-jiocdn.ajio.com/medias/sys_master/root1/20260313/US7i/69b4460a0ad5d933375bf5ef/the_souled_store_black_nimbus_phantom%7Cthe_souled_store__-_unisex_graphic_backpack.jpg,https://www.ajio.com/the-souled-store-nimbus-phantom-the-souled-store--unisex-graphic-backpack/p/703155915_black?
Skybags,Unisex Voxel Casual Backpack with 2 Specious Compartments & Bottle Pocket - 22L,₹999,3.9,192,,https://www.ajio.com/skybags-unisex-voxel-casual-backpack-with-2-specious-compartments--bottle-pocket--22l/p/469200732_blue?
Lino Perros,Men Harvard Milo Everyday Backpack,"₹2,178",5,4,,https://www.ajio.com/lino-perros-men-harvard-milo-everyday-backpack/p/469768450_olive?
TOMMY HILFIGER,"14"" Backpack with Adjustable Straps","₹7,902",,,,https://www.ajio.com/tommy-hilfiger-14-backpack-with-adjustable-straps/p/443547514_oliveblack?
TOMMY HILFIGER,Unisex Printed Backpack,"₹5,595",,,,https://www.ajio.com/tommy-hilfiger-unisex-printed-backpack/p/703001114_black?
MOKOBARA,The Unisex Multipurpose Briefcase,"₹5,999",3.9,10,,https://www.ajio.com/mokobara-the-unisex-multipurpose-briefcase/p/467076413_blue?
Decathlon,Quechua - Unisex Travel 500 Organiser Carrying Comfort Hiking Backpack 30 L,"₹5,199",,,,https://www.ajio.com/decathlon-quechua--unisex-travel-500-organiser-carrying-comfort-hiking-backpack-30-l/p/703202677_beige?
TOMMY HILFIGER,Unisex Genuine Leather Everyday Backpack,"₹8,467",5,2,,https://www.ajio.com/tommy-hilfiger-unisex-genuine-leather-everyday-backpack/p/4933746870_multi?
Wildcraft,Men Everyday Back Pack,"₹1,562",,,,https://www.ajio.com/wildcraft-men-everyday-back-pack/p/701365718_grey?
ALDO,Men Backpack with Adjustable Shoulder Strap,"₹7,199",,,,https://www.ajio.com/aldo-men-backpack-with-adjustable-shoulder-strap/p/701139367_black?
Columbia,Unisex Omni-Shield Convey III 27L Backpack,"₹6,999",,,,https://www.ajio.com/columbia-unisex-omni-shield-convey-iii-27l-backpack/p/701988071_black?
POLICE,Patterned Breathable Laptop Bag,"₹1,215",,,,https://www.ajio.com/police-patterned-breathable-laptop-bag/p/703529024_brown?
FUR JADEN,Men Smart Tech 15.6 Inch Structured Laptop Bag with Dual USB Charging Port,"₹1,299",,,,https://www.ajio.com/fur-jaden-men-smart-tech-15-6-inch-structured-laptop-bag-with-dual-usb-charging-port/p/702606615_tan?
PROVOGUE,Men Colourblock Backpack with Adjustable Strap,"₹1,225",,,,https://www.ajio.com/provogue-men-colourblock-backpack-with-adjustable-strap/p/703172323_green?
Wildcraft,Unisex Laptop Back Pack,"₹2,260",3.6,13,,https://www.ajio.com/wildcraft-unisex-laptop-back-pack/p/701324879_black?
F-GEAR,Men Floyd Backpack with Adjustable Straps,₹780,,,,https://www.ajio.com/f-gear-men-floyd-backpack-with-adjustable-straps/p/469736534_black?
MOKOBARA,Water-Resistant Material Everyday Back Pack,"₹8,000",,,,https://www.ajio.com/mokobara-water-resistant-material-everyday-back-pack/p/702117798_black?
MOKOBARA,The Hovercraft Multipurpose Laptop Backpack,"₹6,999",5,4,,https://www.ajio.com/mokobara-the-hovercraft-multipurpose-laptop-backpack/p/467076421_red?
The Souled Store,TSS Originals Musafir|The Souled Store - Men Graphic Print Backpack with Adjustable Strap,"₹1,819",,,,https://www.ajio.com/the-souled-store-tss-originals-musafir-the-souled-store--men-graphic-print-backpack-with-adjustable-strap/p/703081865_multi?
MOKOBARA,Water-Resistant Material Everyday Back Pack,"₹4,299",4.5,17,,https://www.ajio.com/mokobara-water-resistant-material-everyday-back-pack/p/702117801_grey?
Puma,BMW M Motorsport Pro Backpack,"₹2,820",3.8,9,,https://www.ajio.com/puma-bmw-m-motorsport-pro-backpack/p/701417184_black?
TOMMY HILFIGER,"15"" Laptop Backpack with Adjustable Straps","₹2,959",4.5,11,,https://www.ajio.com/tommy-hilfiger-15-laptop-backpack-with-adjustable-straps/p/469267834_black?
EA7 Emporio Armani,Logo Series Backpack,"₹19,600",,,,https://www.ajio.com/ea7-emporio-armani-logo-series-backpack/p/410564907_uc001?
French Accent,Men Laptop Back Pack with Zip-Closure,"₹2,949",,,,https://www.ajio.com/french-accent-men-laptop-back-pack-with-zip-closure/p/700353166_black?
NIKE,Heritage Brand Print Backpack,"₹2,895",,,,https://www.ajio.com/nike-heritage-brand-print-backpack/p/469816634_armygreen?
Priority,Women Star Printed Casual College Backpack - 42L,₹594,4.2,210,,https://www.ajio.com/priority-women-star-printed-casual-college-backpack---42l/p/700699588_green?
ZIPLINE,Colourblock Back Pack with Zip-Closure,₹950,1.6,10,,https://www.ajio.com/zipline-colourblock-back-pack-with-zip-closure/p/466925826_beige?
ZIPLINE,Colourblock Backpack with Adjustable Straps,₹950,,,,https://www.ajio.com/zipline-colourblock-backpack-with-adjustable-straps/p/466937134_black?
Lino Perros,Men Colourblock Backpack,"₹2,239",5,3,,https://www.ajio.com/lino-perros-men-colourblock-backpack/p/469751365_grey?
MOKOBARA,Men Backpack with Zip Closure,"₹5,799",4.3,17,,https://www.ajio.com/mokobara-men-backpack-with-zip-closure/p/701416899_blue?
Wildcraft,Unisex Backpack with Logo Embroidery,"₹2,499",3.8,6,,https://www.ajio.com/wildcraft-unisex-backpack-with-logo-embroidery/p/4929137180_multi?
Puma,Men Logo Print Backpack,"₹1,250",,,,https://www.ajio.com/puma-men-logo-print-backpack/p/469452875_black?
SUPERDRY,Reina Kinsei Backpack,"₹4,199",,,,https://www.ajio.com/superdry-reina-kinsei-backpack/p/410436114_31o?
Decathlon,Kipsta - Unisex Multiple Compartments Football Backpack Bag 24L,₹999,,,,https://www.ajio.com/decathlon-kipsta--unisex-multiple-compartments-football-backpack-bag-24l/p/702221579_blue?
Wildcraft,Men Laptop Back Pack,"₹2,185",3.5,2,,https://www.ajio.com/wildcraft-men-laptop-back-pack/p/701324918_grey?
Columbia,Unisex Buxton 26L Backpack,"₹4,999",,,,https://www.ajio.com/columbia-unisex-buxton-26l-backpack/p/702754298_black?
UNITED COLORS OF BENETTON,Men Typographic Print Everyday Backpack,"₹2,249",,,,https://www.ajio.com/united-colors-of-benetton-men-typographic-print-everyday-backpack/p/702940882_beige?
Puma,Ferrari Lifestyle HD Print Spacious Backpack,"₹4,230",4.3,7,,https://www.ajio.com/puma-ferrari-lifestyle-hd-print-spacious-backpack/p/701965371_black?
FUR JADEN,Backpack with Adjustable Shoulder Strap,"₹2,499",4.3,188,https://assets-jiocdn.ajio.com/medias/sys_master/root1/20260401/iJFm/69cd435e9e784a25d5b0112b/fur_jaden_brown_backpack_with_adjustable_shoulder_strap.jpg,https://www.ajio.com/fur-jaden-backpack-with-adjustable-shoulder-strap/p/466263547_brown?
Puma,"17"" Laptop Backpack with Logo Embossed","₹4,199",2.6,5,https://assets-jiocdn.ajio.com/medias/sys_master/root/20230330/Pwny/6425a666907deb497abd650d/puma_black_17%22_laptop_backpack_with_logo_embossed.jpg,https://www.ajio.com/puma-17-laptop-backpack-with-logo-embossed/p/469452902_black?
Wiki,Men Printed Crossbody Bag with Adjustable Strap,"₹1,184",,,,https://www.ajio.com/wiki-men-printed-crossbody-bag-with-adjustable-strap/p/701320141_blue?
Pazzo,Alto 40L Casual Backpack,₹849,3.5,73,https://assets-jiocdn.ajio.com/medias/sys_master/root/20220413/KP0p/6256e5f0f997dd03e25afe3b/pazzo_grey_alto_40l_casual_backpack.jpg,https://www.ajio.com/pazzo-alto-40l-casual-backpack/p/469183429_grey?
Priority,Unisex Printed College Backpack - 38L,₹432,3.9,59,https://assets-jiocdn.ajio.com/medias/sys_master/root/20241024/KQfF/671a78c5260f9c41e89b13ae/priority_dark_grey_unisex_printed_college_backpack_-_38l.jpg,https://www.ajio.com/priority-unisex-printed-college-backpack--38l/p/700643993_grey?
Priority,"Unisex 19"" Laptop Backpack with Trolley Sleeve",₹960,4.5,34,,https://www.ajio.com/priority-unisex-19-laptop-backpack-with-trolley-sleeve/p/469810651_darkgrey?
SAFARI,Men Duplex 32L School Bag,"₹1,400",,,,https://www.ajio.com/safari-men-duplex-32l-school-bag/p/703347209_black?
Wildcraft,Unisex Backpack with Adjustable Straps,"₹1,616",4,3,,https://www.ajio.com/wildcraft-unisex-backpack-with-adjustable-straps/p/701336372_black?
SUPERDRY,Spector Laptop Backpack,"₹5,999",,,,https://www.ajio.com/superdry-spector-laptop-backpack/p/410436120_05q?
FUR JADEN,Back Pack with Adjustable Strap,₹699,3.9,63,,https://www.ajio.com/fur-jaden-back-pack-with-adjustable-strap-/p/466268446_blue?
YOUSTA,Men Laptop Backpack,₹599,,,,https://www.ajio.com/yousta-men-laptop-backpack/p/443701297_navy?
POLICE,Patterned Laptop Bag,₹539,,,,https://www.ajio.com/police-patterned-laptop-bag/p/703528859_navy?
Priority,Unisex College Backpack with Raincover - 38L,₹432,3.7,202,,https://www.ajio.com/priority-unisex-college-backpack-with-raincover--38l/p/700643987_blue?
NIKE,Brasilia Logo Print Backpack,"₹3,895",,,,https://www.ajio.com/nike-brasilia-logo-print-backpack/p/469814276_black?
MOKOBARA,Men Water-Resistant Fabric Everyday Back Pack,"₹4,799",4,3,,https://www.ajio.com/mokobara-men-water-resistant-fabric-everyday-back-pack/p/702179799_blue?
Puma,Colorblock School Backpack,"₹1,749",,,,https://www.ajio.com/puma-colorblock-school-backpack/p/467099133_blue?
Skybags,"Unisex Thala CSK 16.5"" Compatible Laptop Backpack with USB Port & Rain Cover-24L","₹2,205",2.5,2,,https://www.ajio.com/skybags-unisex-thala-csk-16-5-compatible-laptop-backpack-with-usb-port--rain-cover-24l/p/4947749280_multi?
Decathlon,Quechua - Unisex Arpenaz 100 Abrasion Resistant Hiking Backpacks 27L,"₹1,969",,,,https://www.ajio.com/decathlon-quechua--unisex-arpenaz-100-abrasion-resistant-hiking-backpacks-27l/p/703114790_olive?
ASICS,Men Shoulder Pouch Bag,₹736,,,,https://www.ajio.com/asics-men-shoulder-pouch-bag/p/702139681_blue?
AMERICAN TOURISTER,Men Herd 3.0 Backpack,"₹2,160",,,,https://www.ajio.com/american-tourister-men-herd-3-0-backpack/p/442171751_blue?
UMAI,Men Laptop Back Pack,"₹2,779",,,,https://www.ajio.com/umai-men-laptop-back-pack/p/700699059_purple?
Reebok,Solid Backpacks Bags,"₹1,250",,,,https://www.ajio.com/reebok-solid-backpacks-bags/p/469286476_yellow?
Nasher Miles,Printed Backpack with Adjustable Straps,"₹1,299",,,,https://www.ajio.com/nasher-miles-printed-backpack-with-adjustable-straps/p/466580726_red?
Lunar's,Heritage Geometric Print Backpack,₹799,3.6,121,,https://www.ajio.com/lunar-s-heritage-geometric-print-backpack/p/469183497_grey?
MOKOBARA,P Men Laptop Back Pack,"₹7,999",4.5,6,,https://www.ajio.com/mokobara-p-men-laptop-back-pack/p/701365752_blue?
TOMMY HILFIGER,"15"" Checked Laptop Backpack with Zip Pocket","₹1,565",,,,https://www.ajio.com/tommy-hilfiger-15-checked-laptop-backpack-with-zip-pocket/p/460612630_navy?
Wildcraft,Unisex Backpack with Multiple Compartments,"₹2,499",4.2,6,,https://www.ajio.com/wildcraft-unisex-backpack-with-multiple-compartments/p/701286977_black?
POLICE,Laptop Backpack with Utility Pocket & Bottle Holder,₹539,,,,https://www.ajio.com/police-laptop-backpack-with-utility-pocket--bottle-holder-/p/703525918_black?
Priority,Unisex College Backpack with Raincover - 36L,₹540,3.1,60,,https://www.ajio.com/priority-unisex-college-backpack-with-raincover--36l/p/701551438_grey?
MOKOBARA,Colourblock Backpack with Adjustable Straps,"₹8,999",4.4,20,,https://www.ajio.com/mokobara-colourblock-backpack-with-adjustable-straps/p/701113575_grey?
Skybags,Unisex Fuse 15.6 Inch Compatible Laptop Backpack with 2 Compartments - 18L,"₹1,625",,,,https://www.ajio.com/skybags-unisex-fuse-15-6-inch-compatible-laptop-backpack-with-2-compartments--18l/p/4947749040_multi?
TOMMY HILFIGER,15'' Laptop Backpack with Adjustable Straps,"₹2,274",4.4,80,,https://www.ajio.com/tommy-hilfiger-15--laptop-backpack-with-adjustable-straps/p/460612697_black?
MOKOBARA,Men Back Pack with Top-Handle & Size Zip-Pockets,"₹6,999",4.2,11,,https://www.ajio.com/mokobara-men-back-pack-with-top-handle--size-zip-pockets/p/702548186_black?
MAX,Men Typographic Print Gym Bag,"₹1,099",4,6,,https://www.ajio.com/max-men-typographic-print-gym-bag/p/700252744_black?
Puma,School Backpack,₹760,3.7,35,,https://www.ajio.com/puma-school-backpack/p/466239099_blue?
ARMANI EXCHANGE,Men Digital Desert Milano Edition Backpack,"₹10,000",,,,https://www.ajio.com/armani-exchange-men-digital-desert-milano-edition-backpack/p/410475789_10739?
ARMANI EXCHANGE,Cedric Backpack with Brand Print,"₹13,799",,,,https://www.ajio.com/armani-exchange-cedric-backpack-with-brand-print/p/410533221_mc105?
The Souled Store,Batman Gotham Gear|DC Comics™ - Men Batman Backpack,"₹3,919",,,,https://www.ajio.com/the-souled-store-batman-gotham-gear-dc-comics--men-batman-backpack/p/701960415_black?
MOKOBARA,The Kaleido Unisex Multipurpose Backpack,"₹4,799",4.3,63,,https://www.ajio.com/mokobara-the-kaleido-unisex-multipurpose-backpack/p/467060647_black?
Priority,Men College Backpack with Front Pocket - 30L,₹384,3.6,112,,https://www.ajio.com/priority-men-college-backpack-with-front-pocket---30l/p/700519744_blue?
Wildcraft,Unisex Patterned Blaze 35 Backpack,"₹1,274",3.4,7,,https://www.ajio.com/wildcraft-unisex-patterned-blaze-35-backpack/p/4928673280_multi?
The Vertical,Men Logo Print Everyday Back Pack,₹800,1.5,2,,https://www.ajio.com/the-vertical-men-logo-print-everyday-back-pack-/p/466942414_black?
NIKE,Brand Embroidered Heritage Backpack,"₹2,495",,,,https://www.ajio.com/nike-brand-embroidered-heritage-backpack/p/469814274_green?
Decathlon,Quechua - Unisex Arpenaz 100 Abrasion Resistant Hiking Backpacks 20L,"₹1,399",,,,https://www.ajio.com/decathlon-quechua--unisex-arpenaz-100-abrasion-resistant-hiking-backpacks-20l/p/703114772_mustard?
BAD HABIT,Men Back Pack with Adjustable Shoulder Strap,"₹1,000",3,6,,https://www.ajio.com/bad-habit-men-back-pack-with-adjustable-shoulder-strap/p/701362433_black?
NIKE,Sportswear Commute Backpack,"₹5,495",,,https://assets-jiocdn.ajio.com/medias/sys_master/root1/20260406/19QP/69d3f25f9e784a25d5c29ca2/nike_blue_sportswear_commute_backpack.jpg,https://www.ajio.com/nike-sportswear-commute-backpack/p/469814269_blue?
Priority,Men Camouflage College Backpack with Raincover - 39L,₹680,3.7,50,https://assets-jiocdn.ajio.com/medias/sys_master/root/20250508/9Xhc/681c072c7a6cd4182f1c997d/priority_navy_blue_men_camouflage_college_backpack_with_raincover_-___39l.jpg,https://www.ajio.com/priority-men-camouflage-college-backpack-with-raincover---39l/p/701551432_navy?
Priority,Men Printed College Backpack with Raincover - 38L,₹432,3.8,124,,https://www.ajio.com/priority-men-printed-college-backpack-with-raincover---38l/p/700644023_navy?
NIKE,Logo Print Everyday Backpack,"₹1,951",,,https://assets-jiocdn.ajio.com/medias/sys_master/root1/20260320/mKcC/69bce39d5bc52e77e0f16bf1/nike_blue_logo_print_everyday_backpack.jpg,https://www.ajio.com/nike-logo-print-everyday-backpack/p/469813287_blue?
POLICE,Colourblock Water-Resistant Backpack,₹959,,,https://assets-jiocdn.ajio.com/medias/sys_master/root1/20260511/ptjD/6a01ca5e14d0c21719d30132/police_navy_blue_%26_black_colourblock_water-resistant_backpack.jpg,https://www.ajio.com/police-colourblock-water-resistant-backpack/p/703433697_navy?
Puma,PUMA Maze Everyday Backpack,"₹1,035",4.1,41,,https://www.ajio.com/puma-puma-maze-everyday-backpack/p/469694233_blue?
F-GEAR,Men Floyd Backpack with Adjustable Straps,₹780,4,2,,https://www.ajio.com/f-gear-men-floyd-backpack-with-adjustable-straps/p/469736535_navyblue?
Puma,PUMA Phase Colorblock Everyday Backpack,₹989,4.3,18,,https://www.ajio.com/puma-puma-phase-colorblock-everyday-backpack/p/469759974_blue?
Decathlon,Forclaz - Unisex Forclaz Compact Design Travel Backpack 20L,₹999,,,,https://www.ajio.com/decathlon-forclaz--unisex-forclaz-compact-design-travel-backpack-20l/p/702221602_black?
SUPERDRY,Men Classic Patch Montana Printed Backpack,"₹2,700",4.3,68,,https://www.ajio.com/superdry-men-classic-patch-montana-printed-backpack/p/410479977_hte?
Decathlon,Tarmak - Unisex NBA Los Angeles Lakers Robustness Basketball Backpack 25 L,"₹2,199",,,,https://www.ajio.com/decathlon-tarmak--unisex-nba-los-angeles-lakers-robustness-basketball-backpack-25-l/p/702221663_black?
KOSHER,Men Graphic Print Laptop Backpack,₹592,,,,https://www.ajio.com/kosher-men-graphic-print-laptop-backpack-/p/702055240_black?
Puma,PUMA Accelerate Everyday Backpack,"₹1,999",3.7,9,,https://www.ajio.com/puma-puma-accelerate-everyday-backpack/p/469694232_brown?
Puma,Archive KING Backpack 28L,"₹2,400",4.3,10,,https://www.ajio.com/puma-archive-king-backpack-28l/p/701965489_black?
BEWAKOOF,Men Typographic Print Backpack with Adjustable Shoulder Straps,₹899,5,2,,https://www.ajio.com/bewakoof-men-typographic-print-backpack-with-adjustable-shoulder-straps/p/702592653_black?
Puma,Graphic School Backpack,"₹1,250",,,,https://www.ajio.com/puma-graphic-school-backpack/p/467099135_black?
Pazzo,Travel Bag with Adjustable Strap,"₹1,200",3.4,9,,https://www.ajio.com/pazzo-travel-bag-with-adjustable-strap/p/469183534_blue?
Puma,Men Printed Backpack with Adjustable Straps,₹994,5,3,,https://www.ajio.com/puma-men-printed-backpack-with-adjustable-straps/p/469591206_red?
Priority,Men Mototrcycle Printed College Backpack - 31L,₹425,3,5,,https://www.ajio.com/priority-men-mototrcycle-printed-college-backpack---31l/p/701737440_grey?
Puma,Unisex Phase Brand Print Backpack,"₹1,473",5,3,,https://www.ajio.com/puma-unisex-phase-brand-print-backpack/p/469755486_grey?
Reebok,Men Everyday Back Pack,"₹1,250",,,,https://www.ajio.com/reebok-men-everyday-back-pack/p/702060510_blue?
Decathlon,Quechua - Unisex Arpenaz 100 Abrasion Resistant Hiking Backpacks 10L,₹699,,,,https://www.ajio.com/decathlon-quechua--unisex-arpenaz-100-abrasion-resistant-hiking-backpacks-10l/p/703114777_olive?
Puma,Phase Tape Everyday Backpack,"₹1,999",4.4,18,,https://www.ajio.com/puma-phase-tape-everyday-backpack/p/469759973_blue?
YOUSTA,Men Laptop Backpack,₹899,,,,https://www.ajio.com/yousta-men-laptop-backpack/p/443701298_black?
BEWAKOOF,Men Typographic Print Backpack,₹359,4.7,3,,https://www.ajio.com/bewakoof-men-typographic-print-backpack/p/702739460_black?
Puma,Fast Trac Backpack,"₹4,999",3.9,23,,https://www.ajio.com/puma-fast-trac-backpack/p/702045297_black?
Puma,S Everyday Backpack with Adjustable Strap,"₹1,354",4.3,4,,https://www.ajio.com/puma-s-everyday-backpack-with-adjustable-strap/p/469759982_blue?
Puma,Men Logo Print Backpack,"₹1,136",,,,https://www.ajio.com/puma-men-logo-print-backpack/p/469610184_pink?
Wildcraft,Unisex Printed Backpack with Adjustable Straps,"₹1,649",,,,https://www.ajio.com/wildcraft-unisex-printed-backpack-with-adjustable-straps/p/4945741810_multi?
Priority,Men Mototrcycle Printed College Backpack - 31L,₹425,3,5,,https://www.ajio.com/priority-men-mototrcycle-printed-college-backpack---31l/p/701737440_black?
NETPLAY,Men Laptop Backpack with Adjustable Straps,₹600,4.2,184,,https://www.ajio.com/netplay-men-laptop-backpack-with-adjustable-straps/p/442950766_navy?
Puma,Convertible Handheld 2-Way Carry Backpack,"₹1,120",4.3,8,,https://www.ajio.com/puma-convertible-handheld-2-way-carry-backpack/p/702588393_black?
ZIPLINE,Graphic Print Everyday Backpack,₹855,2.9,15,,https://www.ajio.com/zipline-graphic-print-everyday-backpack/p/463937805_red?
Pazzo,Men Colourblock Backpack with Adjustable Straps,₹336,4.5,4,,https://www.ajio.com/pazzo-men-colourblock-backpack-with-adjustable-straps/p/466885066_grey?
Priority,Men Mototrcycle Printed College Backpack - 31L,₹425,3,5,,https://www.ajio.com/priority-men-mototrcycle-printed-college-backpack---31l/p/701737440_navy?
Puma,PUMA Adventure Travel Backpack,"₹2,799",3.6,9,,https://www.ajio.com/puma-puma-adventure-travel-backpack/p/469694225_grey?
Priority,Unisex Printed College Backpack with Raincover - 38L,₹432,3.9,336,,https://www.ajio.com/priority-unisex-printed-college-backpack-with-raincover--38l/p/700644026_navy?
Decathlon,Quechua - Unisex Arpenaz 100 Abrasion Resistant Hiking Backpack 10 L,₹699,3.4,5,,https://www.ajio.com/decathlon-quechua--unisex-arpenaz-100-abrasion-resistant-hiking-backpack-10-l/p/703114787_multi?
Priority,Unisex Printed College Backpack with Raincover - 38L,₹432,3.9,53,,https://www.ajio.com/priority-unisex-printed-college-backpack-with-raincover--38l/p/700643977_grey?
Wildcraft,Men Backpack with Multiple Compartments,"₹1,249",3.5,6,,https://www.ajio.com/wildcraft-men-backpack-with-multiple-compartments/p/701286998_multi?
Puma,Camouflage Print Everyday Backpack,"₹2,499",3.1,9,,https://www.ajio.com/puma-camouflage-print-everyday-backpack/p/469452878_green?
BAD HABIT,Textured Backpack with Adjustable Shoulder Straps,₹700,2.4,9,,https://www.ajio.com/bad-habit-textured-backpack-with-adjustable-shoulder-straps/p/460143415_black?
NETPLAY,Men Casual Crossbody Bag,₹400,3.9,10,,https://www.ajio.com/netplay-men-casual-crossbody-bag/p/443700763_brown?
Priority,Unisex College Backpack with Raincover - 38L,₹464,3.6,160,,https://www.ajio.com/priority-unisex-college-backpack-with-raincover--38l/p/700643987_black?
NETPLAY,Men Backpack with Adjustable Strap,₹420,4.1,39,,https://www.ajio.com/netplay-men-backpack-with-adjustable-strap/p/442691635_olive?
VENEER,Men Back Pack with Adjustable Strap,"₹1,053",3.1,17,https://assets-jiocdn.ajio.com/medias/sys_master/root/20240229/32UK/65e0879f05ac7d77bb8951e1/veneer_black_men_back_pack_with_adjustable_strap.jpg,https://www.ajio.com/veneer-men-back-pack-with-adjustable-strap/p/467123021_black?
Priority,Unisex Printed College Backpack - 38L,₹432,3.7,10,https://assets-jiocdn.ajio.com/medias/sys_master/root/20241026/80LU/671cefe6f9b8ef490be4e0df/priority_arctic_blue_unisex_printed_college_backpack_-_38l.jpg,https://www.ajio.com/priority-unisex-printed-college-backpack--38l/p/700644037_blue?
Tatonka,Checked Norix Trekking Backpack,"₹16,790",,,,https://www.ajio.com/tatonka-checked-norix-trekking-backpack/p/466861701_olive?
PERFORMAX,Men Logo Print Backpack,₹250,4,92,https://assets-jiocdn.ajio.com/medias/sys_master/root/20240124/2Ejn/65b0f72e8cdf1e0df5cbe681/performax_navy_blue_men_logo_print_backpack.jpg,https://www.ajio.com/performax-men-logo-print-backpack/p/450156508_navy?
DIESEL,Embroidered Tech-D Backpack,"₹18,000",,,https://assets-jiocdn.ajio.com/medias/sys_master/root1/20250806/5zoN/68933e903d468c61ab50e810/diesel_black_embroidered_tech-d_backpack.jpg,https://www.ajio.com/diesel-embroidered-tech-d-backpack/p/410519993_t8013?
Priority,Men Everyday Use Back Pack,₹419,4.2,125,,https://www.ajio.com/priority-men-everyday-use-back-pack/p/700582663_grey?
Deuter,Men Typographic Print Backpack with Zip Closure,"₹6,999",1.5,2,,https://www.ajio.com/deuter-men-typographic-print-backpack-with-zip-closure/p/467123872_yellow?
The Souled Store,Demon Slayer Tanjiro's Gear|Demon slayer - Men Colourblocked Backpack with Adjustable Straps,"₹2,919",,,,https://www.ajio.com/the-souled-store-demon-slayer-tanjiro-s-gear-demon-slayer--men-colourblocked-backpack-with-adjustable-straps/p/703284961_black?
Wildcraft,Unisex Backpack with Logo Embroidered,"₹1,699",3.8,6,,https://www.ajio.com/wildcraft-unisex-backpack-with-logo-embroidered/p/4929137150_multi?
The Souled Store,Harry Potter Slytherin|Harry Potter™ - Men Harry Potter Backpack,"₹3,779",,,,https://www.ajio.com/the-souled-store-harry-potter-slytherin-harry-potter--men-harry-potter-backpack/p/701960423_green?
Columbia,Unisex Omni-Shield Wildwood Heights 45L+5L Backpack,"₹13,999",,,,https://www.ajio.com/columbia-unisex-omni-shield-wildwood-heights-45l-5l-backpack/p/702754321_beige?
Wildcraft,Unisex Backpack with Adjustable Straps,"₹1,699",2.9,9,,https://www.ajio.com/wildcraft-unisex-backpack-with-adjustable-straps/p/4929137200_multi?
F-GEAR,Colourblock Rucksack with Padded Shoulder Straps,"₹3,780",3.7,23,,https://www.ajio.com/f-gear-colourblock-rucksack-with-padded-shoulder-straps/p/469001799_grey?
Decathlon,Quechua - Unisex MH100 Multiple Compartments Hiking Backpack - 35L,"₹3,949",,,,https://www.ajio.com/decathlon-quechua--unisex-mh100-multiple-compartments-hiking-backpack--35l/p/702221892_black?
Decathlon,Forclaz - Unisex Waterproof Travel Backpack 25L,"₹2,779",,,,https://www.ajio.com/decathlon-forclaz--unisex-waterproof-travel-backpack-25l/p/702221867_green?
Wildcraft,Unisex Backpack with Adjustable Straps,"₹1,999",,,,https://www.ajio.com/wildcraft-unisex-backpack-with-adjustable-straps/p/4929137250_multi?
ARMANI EXCHANGE,Ian 3D Logo Print Backpack,"₹20,999",,,,https://www.ajio.com/armani-exchange-ian-3d-logo-print-backpack/p/410560735_uc001?
FUR JADEN,Backpack with USB Charging Port,₹699,4,415,,https://www.ajio.com/fur-jaden-backpack-with-usb-charging-port/p/466263549_black?
Deuter,Backpack with Adjustable Shoulder Strap,"₹5,999",,,,https://www.ajio.com/deuter-backpack-with-adjustable-shoulder-strap/p/467109016_green?
DIESEL,Trompe Loeil Denim Backpack,"₹15,000",,,,https://www.ajio.com/diesel-trompe-loeil-denim-backpack/p/410532749_hb014?
BAD HABIT,Canvas Backpack with Badges,"₹1,050",1,6,,https://www.ajio.com/bad-habit-canvas-backpack-with-badges/p/460218350_navyblue?
SPRAYGROUND,Men Colour-block Back Pack,"₹9,650",,,,https://www.ajio.com/sprayground-men-colour-block-back-pack/p/701067482_black?
OZUKO,9388 Backpack with Adjustable Straps,"₹8,030",4,2,,https://www.ajio.com/ozuko-9388-backpack-with-adjustable-straps/p/469396697_green?
VIP,Unisex Urban Laptop Backpack with USB Port for Office Use - 25L+5L Expandable,"₹8,000",4.4,10,,https://www.ajio.com/vip-unisex-urban-laptop-backpack-with-usb-port-for-office-use--25l-5l-expandable/p/701880264_grey?
DIESEL,Destroyed Denim Backpack,"₹15,000",,,,https://www.ajio.com/diesel-destroyed-denim-backpack/p/410532748_hb013?
WALRUS,Men Everyday Padded Backpack,"₹2,354",4.5,2,,https://www.ajio.com/walrus-men-everyday-padded-backpack/p/700217963_grey?
CAT,Others Back Pack,"₹3,500",3.4,5,,https://www.ajio.com/cat-others-back-pack/p/466611901_black?
The Souled Store,Naruto Akatsuki Overnighter|Naruto - Men Applique Backpack with Adjustable Strap,"₹3,499",,,,https://www.ajio.com/the-souled-store-naruto-akatsuki-overnighter-naruto--men-applique-backpack-with-adjustable-strap/p/703082782_black?
Wildcraft,Men Laptop Back Pack,"₹1,509",3.9,14,,https://www.ajio.com/wildcraft-men-laptop-back-pack/p/701324913_navy?
Skybags,Laptop Backpack with Adjustable Straps,"₹4,400",3.7,107,,https://www.ajio.com/skybags-laptop-backpack-with-adjustable-straps/p/469200731_black?
The Souled Store,Punisher Tactical Gear|Marvel™ - Men Water-Resistant Travel Backpack,"₹3,409",3,2,,https://www.ajio.com/the-souled-store-punisher-tactical-gear-marvel--men-water-resistant-travel-backpack/p/703061188_black?
Wildcraft,Men Laptop Back Pack,"₹1,170",2.3,3,,https://www.ajio.com/wildcraft-men-laptop-back-pack/p/701324776_green?
The Souled Store,DC Vintage Pack|DC Comics™ - Men Comics Print Vintage Backpack,"₹1,999",,,,https://www.ajio.com/the-souled-store-dc-vintage-pack-dc-comics---men-comics-print-vintage-backpack/p/703112359_black?
SUPERDRY,Printed Montana Backpack,"₹2,606",4.4,77,,https://www.ajio.com/superdry-printed-montana-backpack/p/410479422_2hu?
ARISTOCRAT,Laptop Backpack with Adjustable Straps,"₹2,300",3.5,12,,https://www.ajio.com/aristocrat-laptop-backpack-with-adjustable-straps/p/4926499480_multi?
French Accent,Men Leather Backpack with Adjustable Strap,"₹3,149",3.3,28,,https://www.ajio.com/french-accent-men-leather-backpack-with-adjustable-strap-/p/466495355_black?
Wildcraft,Unisex Backpack with Adjustable Straps,"₹2,299",3.8,5,,https://www.ajio.com/wildcraft-unisex-backpack-with-adjustable-straps/p/4929137680_multi?
The Souled Store,Naruto Akatsuki Rogue Shinobi|Naruto Shippuden - Men Graphic Print Backpack with Adjustable Straps,"₹2,012",3,2,,https://www.ajio.com/the-souled-store-naruto-akatsuki-rogue-shinobi-naruto-shippuden--men-graphic-print-backpack-with-adjustable-straps/p/703061391_black?
FUR JADEN,Men Typographic Print Rucksack with Adjustable Straps,₹949,3.6,8,,https://www.ajio.com/fur-jaden-men-typographic-print-rucksack-with-adjustable-straps/p/702597715_grey?
Decathlon,Solognac - Unisex Tactical Carrying Comfort Travel Backpack 20L,"₹1,499",,,,https://www.ajio.com/decathlon-solognac--unisex-tactical-carrying-comfort-travel-backpack-20l/p/702221691_khaki?
Wildcraft,Unisex Backpack with Adjustable Straps,"₹1,699",,,,https://www.ajio.com/wildcraft-unisex-backpack-with-adjustable-straps/p/4929137220_multi?
Skybags,EON 1 Backpack with Side Mesh Pockets,₹999,,,,https://www.ajio.com/skybags-eon-1-backpack-with-side-mesh-pockets/p/4914549730_multi?
Decathlon,Quechua - Unisex Arpenaz 100 Abrasion Resistant Hiking Backpacks 20L,"₹1,399",4.6,7,,https://www.ajio.com/decathlon-quechua--unisex-arpenaz-100-abrasion-resistant-hiking-backpacks-20l/p/703114770_beige?
Brown Bear,Men Leather Back Pack,"₹12,510",,,,https://www.ajio.com/brown-bear-men-leather-back-pack/p/701139150_brown?
Deuter,Men Back Pack with Adjustable Straps,"₹14,999",,,https://assets-jiocdn.ajio.com/medias/sys_master/root/20241216/Gt7e/675ff069c148fa1b303e2d6d/deuter_green_men_back_pack_with_adjustable_straps.jpg,https://www.ajio.com/deuter-men-back-pack-with-adjustable-straps/p/700932678_green?
Deuter,Men Rucksacks Backpack,"₹19,999",,,https://assets-jiocdn.ajio.com/medias/sys_master/root/20240913/fLkQ/66e393f61d763220fae41836/deuter_grey_men_rucksacks_backpack.jpg,https://www.ajio.com/deuter-men-rucksacks-backpack/p/700415987_grey?
The Souled Store,Superman Krypton Origin|DC Comics™ - Men Water-Resistant Travel Backpack,"₹3,599",3.7,3,,https://www.ajio.com/the-souled-store-superman-krypton-origin-dc-comics--men-water-resistant-travel-backpack/p/703060910_blue?
Art N Vintage,Men Graphic Print Genuine Leather Backpack,"₹11,249",,,https://assets-jiocdn.ajio.com/medias/sys_master/root/20231010/GHhi/652480b6ddf77915192e944f/art_n_vintage_black_men_graphic_print_genuine_leather_backpack.jpg,https://www.ajio.com/art-n-vintage-men-graphic-print-genuine-leather-backpack/p/466689261_black?
Wildcraft,Men Laptop Back Pack,"₹1,391",3.8,13,https://assets-jiocdn.ajio.com/medias/sys_master/root/20250311/wQOu/67cf680c2960820c49e181c0/wildcraft_red_men_laptop_back_pack.jpg,https://www.ajio.com/wildcraft-men-laptop-back-pack/p/701324781_red?
NIKE,Logo Print Everyday Backpack,"₹6,995",,,,https://www.ajio.com/nike-logo-print-everyday-backpack/p/469813281_black?
TOMMY HILFIGER,Logo Print Everyday Back Pack,"₹1,624",,,,https://www.ajio.com/tommy-hilfiger-logo-print-everyday-back-pack/p/702171983_black?
Wildcraft,Unisex Laptop Back Pack,"₹2,832",4,4,,https://www.ajio.com/wildcraft-unisex-laptop-back-pack/p/701336357_black?
Decathlon,Unisex KB 500 Content Protection Cricket Kit Bag 75L,"₹2,779",,,,https://www.ajio.com/decathlon-unisex-kb-500-content-protection-cricket-kit-bag-75l/p/702221667_black?
Wildcraft,Men Travel Pro 40 Rucksack,"₹2,599",3,4,,https://www.ajio.com/wildcraft-men-travel-pro-40-rucksack/p/442171419_yellow?
Wildcraft,Unisex Cliff 45 Hooded Rucksack,"₹1,699",,,,https://www.ajio.com/wildcraft-unisex-cliff-45-hooded-rucksack/p/460032614_black?
F-GEAR,"Men 17"" Laptop Backpack","₹1,980",4.2,12,,https://www.ajio.com/f-gear-men-17-laptop-backpack/p/469584265_black?
F-GEAR,Quilted Rucksack with Branding,"₹3,180",4.3,107,,https://www.ajio.com/f-gear-quilted-rucksack-with-branding/p/460754530_black?
SPRAYGROUND,Men Colour-block Back Pack,"₹9,650",,,,https://www.ajio.com/sprayground-men-colour-block-back-pack/p/701067378_black?
F-GEAR,Men Tundra Canvas Backpack,"₹1,398",,,,https://www.ajio.com/f-gear-men-tundra-canvas-backpack/p/469808670_khaki?
HIDESIGN,Men Textured Back Pack,"₹17,095",,,,https://www.ajio.com/hidesign-men-textured-back-pack/p/700961782_tan?
Deuter,Cylindrical Back Pack,"₹6,499",,,,https://www.ajio.com/deuter-cylindrical-back-pack/p/467124709_yellow?
VIP,Unisex Legacy Laptop Backpack with USB Port for Office Use - 25L,"₹8,250",4.3,3,,https://www.ajio.com/vip-unisex-legacy-laptop-backpack-with-usb-port-for-office-use--25l/p/701873766_black?
The Souled Store,Top Gun Maverick Gear|Top Gun - Men Water-Resistant Travel Backpack,"₹4,139",,,,https://www.ajio.com/the-souled-store-top-gun-maverick-gear-top-gun--men-water-resistant-travel-backpack/p/703061546_olive?
NU REPUBLIC,Triphop Voyager Nomad Laptop Backpack,"₹3,999",,,,https://www.ajio.com/nu-republic-triphop-voyager-nomad-laptop-backpack/p/702702485_black?
The Souled Store,FCB Legacy|FC Barcelona - Men Colourblocked Backpack,"₹3,099",,,,https://www.ajio.com/the-souled-store-fcb-legacy-fc-barcelona--men-colourblocked-backpack/p/701960418_navy?
DIESEL,Pull-Up Leather 1Dr-Camera Bag,"₹42,000",,,,https://www.ajio.com/diesel-pull-up-leather-1dr-camera-bag/p/410570041_t2064?
Tatonka,Checked Norix 48 Backpack,"₹16,790",,,,https://www.ajio.com/tatonka-checked-norix-48-backpack/p/466861782_black?
YOUSTA,Men Laptop Backpack,₹999,,,,https://www.ajio.com/yousta-men-laptop-backpack/p/443701311_beige?
BEWAKOOF,Marvel - Spiderman Print Laptop Backpack,"₹1,499",4.3,11,,https://www.ajio.com/bewakoof-marvel--spiderman-print-laptop-backpack/p/702387167_black?
MOKOBARA,Men Everyday Backpack with Adjustable Straps,"₹4,999",4.8,25,,https://www.ajio.com/mokobara-men-everyday-backpack-with-adjustable-straps/p/467060651_blue?
Puma,SUPER Backpack,"₹2,799",3.9,52,,https://www.ajio.com/puma-super-backpack/p/700684166_black?
OZUKO,APEX Range One Size Backpack,"₹13,260",,,,https://www.ajio.com/ozuko-apex-range-one-size-backpack/p/701317610_black?
Deuter,Men Polyster Back Pack,"₹26,999",,,,https://www.ajio.com/deuter-men-polyster-back-pack/p/701164685_grey?
French Accent,Men Leather Back Pack,"₹3,949",,,,https://www.ajio.com/french-accent-men-leather-back-pack/p/700624997_black?
Deuter,"Unisex Set of 2 Logo Print Rucksack & 13"" Laptop Backpack","₹18,999",,,,https://www.ajio.com/deuter-unisex-set-of-2-logo-print-rucksack--13-laptop-backpack/p/467106737_red?
NU REPUBLIC,Triphop Voyager Speed Hardcase Backpack,"₹1,999",,,,https://www.ajio.com/nu-republic-triphop-voyager-speed-hardcase-backpack/p/702706376_black?
hoi polloi,Men Laptop Backpack,"₹4,799",,,,https://www.ajio.com/hoi-polloi-men-laptop-backpack/p/702601910_green?
Jack & Jones,Unisex Leather Everyday Backpack,"₹14,999",,,,https://www.ajio.com/jack--jones-unisex-leather-everyday-backpack/p/702630011_black?
CONVERSE,"Printed 14"" Laptop Backpack","₹1,499",,,,https://www.ajio.com/converse-printed-14-laptop-backpack/p/460309353_blue?
Skybags,Unisex Protech 17 Inch Laptop Compatible Backpack with Side Pocket - 25L,"₹3,200",4,26,,https://www.ajio.com/skybags-unisex-protech-17-inch-laptop-compatible-backpack-with-side-pocket--25l/p/442172109_teal?
French Accent,Men Logo Embossed Travel Backpack,"₹3,949",,,,https://www.ajio.com/french-accent-men-logo-embossed-travel-backpack/p/700350477_blue?
YOUSTA,Men Laptop Backpack,₹599,,,,https://www.ajio.com/yousta-men-laptop-backpack/p/443701296_brown?
Columbia,Men Rucksack Bag with Buckle Closure,"₹14,999",4.5,4,,https://www.ajio.com/columbia-men-rucksack-bag-with-buckle-closure/p/467045503_black?
Wildcraft,Men Laptop Back Pack,"₹1,364",2,4,,https://www.ajio.com/wildcraft-men-laptop-back-pack/p/701324776_blue?
HUGO BLUE,Rubber Logo Patch Backpack,"₹9,600",,,,https://www.ajio.com/hugo-blue-rubber-logo-patch-backpack/p/410499936_001?
FUR JADEN,Men Typographic Print Rucksack Bag,₹949,3.8,9,,https://www.ajio.com/fur-jaden-men-typographic-print-rucksack-bag/p/702597715_khaki?
FUR JADEN,Men Laptop Backpack,"₹2,199",,,,https://www.ajio.com/fur-jaden-men-laptop-backpack/p/702666065_black?
Skybags,Unisex Grad Laptop Backpack with Rain Cover for Office Use - 30L,"₹1,750",3.5,11,,https://www.ajio.com/skybags-unisex-grad-laptop-backpack-with-rain-cover-for-office-use--30l/p/442890838_green?
Columbia,Unisex Buxton 26L Backpack,"₹4,999",,,,https://www.ajio.com/columbia-unisex-buxton-26l-backpack/p/702754314_green?
VIP,Unisex Vogue Laptop Backpack for Office Use - 27L+5L Expandable,"₹7,250",3.5,2,https://assets-jiocdn.ajio.com/medias/sys_master/root1/20250718/xdEu/687a27c56034bf77f0d3c9fc/vip_beige_unisex_vogue_laptop_backpack_for_office_use_-_27l%2B5l_expandable.jpg,https://www.ajio.com/vip-unisex-vogue-laptop-backpack-for-office-use--27l-5l-expandable/p/701882277_beige?
DIESEL,Rugged Travel Backpack,"₹19,000",,,https://assets-jiocdn.ajio.com/medias/sys_master/root1/20260312/1KQX/69b294824970ce6a6e3c64d2/diesel_silver_rugged_travel_backpack.jpg,https://www.ajio.com/diesel-rugged-travel-backpack/p/410570151_01?
F-GEAR,Camouflage Print Backpack with Rain Cover,"₹1,980",4,2K,,https://www.ajio.com/f-gear-camouflage-print-backpack-with-rain-cover/p/460327967_camouflage?
POLICE,Praida 15'' Laptop Backpack with Adjustable Straps,₹712,,,https://assets-jiocdn.ajio.com/medias/sys_master/root1/20260514/TsEU/6a05ae38fcb5bb61d2c1a01f/police_black_praida_15%27%27_laptop_backpack_with_adjustable_straps.jpg,https://www.ajio.com/police-praida-15--laptop-backpack-with-adjustable-straps/p/466016120_black?
CALVIN KLEIN,Logo Print Backpack,"₹6,299",,,https://assets-jiocdn.ajio.com/medias/sys_master/root1/20260402/l9QQ/69ce4f6e9e784a25d5b3766e/calvin_klein_black_logo_print_backpack.jpg,https://www.ajio.com/calvin-klein-logo-print-backpack/p/703273584_black?
SNITCH,Men Backpack with Multiple Compartments,"₹2,699",,,,https://www.ajio.com/snitch-men-backpack-with-multiple-compartments/p/703340880_black?
Decathlon,Simond - Men MT500 Air Ventilated Trekking Backpacks 50+10L,"₹10,199",,,,https://www.ajio.com/decathlon-simond--men-mt500-air-ventilated-trekking-backpacks-50-10l/p/703114788_grey?
The Souled Store,Harley Quinn Rebel|DC Comics™ - Unisex Applique Backpack,"₹2,015",,,,https://www.ajio.com/the-souled-store-harley-quinn-rebel-dc-comics---unisex-applique-backpack/p/703127961_black?
NETPLAY,Men Geometric Printed Side Panel Everyday Backpack,"₹1,399",,,,https://www.ajio.com/netplay-men-geometric-printed-side-panel-everyday-backpack/p/443700769_grey?
VAN HEUSEN,Men Backpack with Adjustable Straps,"₹3,249",4.8,12,,https://www.ajio.com/van-heusen-men-backpack-with-adjustable-straps/p/469550709_black?
FUR JADEN,Backpack with Adjustable Shoulder Strap,₹999,4,216,,https://www.ajio.com/fur-jaden-backpack-with-adjustable-shoulder-strap/p/466263541_grey?
Wildcraft,Men Travel Pro 50 Rucksack,"₹2,999",2,3,,https://www.ajio.com/wildcraft-men-travel-pro-50-rucksack/p/442171420_red?
Wildcraft,Men Backpack with Multiple Compartments,"₹2,399",3.9,21,,https://www.ajio.com/wildcraft-men-backpack-with-multiple-compartments/p/701286980_rust?
Skybags,Travel Backpack with Adjustable Straps,"₹1,200",3.7,60,,https://www.ajio.com/skybags-travel-backpack-with-adjustable-straps/p/469200736_darkblue?
EA7 Emporio Armani,Essential Everyday Backpack,"₹16,800",,,,https://www.ajio.com/ea7-emporio-armani-essential-everyday-backpack/p/410564913_mc429?
F-GEAR,Men Typographic Print Backpack with Adjustable Straps,₹479,,,,https://www.ajio.com/f-gear-men-typographic-print-backpack-with-adjustable-straps/p/702520038_navy?
NIKE,Logo Print Everyday Backpack,"₹4,246",5,3,,https://www.ajio.com/nike-logo-print-everyday-backpack/p/469813279_grey?
MOKOBARA,Bagpack with Adjustable Shoulder Strap,"₹8,999",4,3,,https://www.ajio.com/mokobara-bagpack-with-adjustable-shoulder-strap/p/467076458_blue?
Wildcraft,Men Everyday Back Pack,"₹1,842",3.5,2,,https://www.ajio.com/wildcraft-men-everyday-back-pack/p/701324141_greymelange?
Nasher Miles,Engineering Laptop Backpack with Raincover 36 L,"₹1,299",,,,https://www.ajio.com/nasher-miles-engineering-laptop-backpack-with-raincover-36-l/p/701522125_teal?
Reebok,Solid Backpacks Bags,₹850,,,,https://www.ajio.com/reebok-solid-backpacks-bags/p/469286480_navyblue?
Wildcraft,Cliff 45 Hooded Rucksack,"₹1,699",,,,https://www.ajio.com/wildcraft-cliff-45-hooded-rucksack/p/460032614_red?
Skybags,"Unisex Yellove CSK 15.6"" Compatible Laptop Backpack with Rain Cover-21L","₹1,562",,,,https://www.ajio.com/skybags-unisex-yellove-csk-15-6-compatible-laptop-backpack-with-rain-cover-21l/p/4947749480_multi?
Wildcraft,Men Laptop Back Pack,"₹1,747",4,7,,https://www.ajio.com/wildcraft-men-laptop-back-pack/p/701324837_brown?
Decathlon,Quechua - Men Arpenaz 500 Insulated Isothermal Hiking Backpacks 20L,"₹3,099",3,2,,https://www.ajio.com/decathlon-quechua--men-arpenaz-500-insulated-isothermal-hiking-backpacks-20l/p/703125520_blue?
Decathlon,Quechua - Unisex MH900 Ventilation Mountain Hiking Backpacks 25L,"₹8,198",,,,https://www.ajio.com/decathlon-quechua--unisex-mh900-ventilation-mountain-hiking-backpacks-25l/p/703117291_grey?
Decathlon,Quechua - Unisex NH Arpenaz 100 Abrasion Resistant Hiking Backpack 30L,"₹1,449",3.8,12,,https://www.ajio.com/decathlon-quechua--unisex-nh-arpenaz-100-abrasion-resistant-hiking-backpack-30l/p/702222159_brown?
SNITCH,Men Backpack with Adjustable Straps,"₹2,631",3.7,3,,https://www.ajio.com/snitch-men-backpack-with-adjustable-straps/p/701032247_green?
SUPERDRY,Men Classic Patch Montana Backpack,"₹2,844",4.3,68,,https://www.ajio.com/superdry-men-classic-patch-montana-backpack/p/410479977_10r?
Skybags,32 Ltr Travel Backpack with Adjustable Straps,₹843,3.3,113,,https://www.ajio.com/skybags-32-ltr-travel-backpack-with-adjustable-straps/p/469200719_red?
Skybags,Backpack with Signature Branding,₹999,3.4,158,,https://www.ajio.com/skybags-backpack-with-signature-branding/p/469169159_blue?
NIKE,Men Hayward Brand Print Backpack,"₹4,295",4.1,38,,https://www.ajio.com/nike-men-hayward-brand-print-backpack/p/469754995_black?
Puma,West Logo Print Backpack,₹896,3.7,27,,https://www.ajio.com/puma-west-logo-print-backpack/p/460635690_orange?
UNITED COLORS OF BENETTON,Men Laptop Backpack with Zip Closure,"₹2,474",4.9,8,,https://www.ajio.com/united-colors-of-benetton-men-laptop-backpack-with-zip-closure-/p/702214622_black?
Astrid,Colourblock Backpack with Branding,₹198,3.5,151,,https://www.ajio.com/astrid-colourblock-backpack-with-branding/p/465032867_red?
SAFARI,"Unisex Punch 16"" Laptop Backpack",₹891,,,,https://www.ajio.com/safari-unisex-punch-16-laptop-backpack/p/4938500500_multi?
Skybags,Unisex Offroader NX 16 Inch Laptop Compatible Backpack with Front Pocket - 20L,₹823,4.2,5,,https://www.ajio.com/skybags-unisex-offroader-nx-16-inch-laptop-compatible-backpack-with-front-pocket--20l/p/4932177500_multi?
Skybags,Unisex Tribe Pro 14 Inch Laptop Compatible Backpack with Inside Mesh Bottle Pocket - 18L,₹823,3.5,4,,https://www.ajio.com/skybags-unisex-tribe-pro-14-inch-laptop-compatible-backpack-with-inside-mesh-bottle-pocket--18l/p/442172096_black?
Puma,Men All-Over Print Phase Backpack,₹927,5,4,,https://www.ajio.com/puma-men-all-over-print-phase-backpack/p/469755472_blue?
Priority,Logo Print Backpack,₹529,2.7,3,,https://www.ajio.com/priority-logo-print-backpack/p/469810642_darkgrey?
Priority,Unisex Laptop Backpack with Rain Cover- 30 L,₹744,5,3,,https://www.ajio.com/priority-unisex-laptop-backpack-with-rain-cover-30-l/p/469810653_darkgreen?
BEWAKOOF,Men Typographic Print Backpack,₹326,,,,https://www.ajio.com/bewakoof-men-typographic-print-backpack/p/702739501_black?
POLICE,Unisex Lightweight Backpack,₹539,,,,https://www.ajio.com/police-unisex-lightweight-backpack/p/703525812_navy?
SNITCH,Men Backpack with Adjustable Straps,"₹2,161",3.3,6,https://assets-jiocdn.ajio.com/medias/sys_master/root1/20251111/nLxl/6912c221a470c5082f850e92/snitch_black_men_backpack_with_adjustable_straps.jpg,https://www.ajio.com/snitch-men-backpack-with-adjustable-straps/p/700775882_black?
VENEER,Men Backpack with Zip Closure & Adjustable Strap,"₹1,080",4.4,29,https://assets-jiocdn.ajio.com/medias/sys_master/root/20240105/5JAt/6598384154c30e62769790ba/veneer_brown_men_backpack_with_zip_closure_%26_adjustable_strap.jpg,https://www.ajio.com/veneer-men-backpack-with-zip-closure--adjustable-strap/p/466951287_brown?
FUR JADEN,Backpack with Adjustable Shoulder Strap,"₹2,499",4.4,38,,https://www.ajio.com/fur-jaden-backpack-with-adjustable-shoulder-strap/p/466257307_black?
Lunar's,Bingo Laptop Bag,₹900,3.9,136,https://assets-jiocdn.ajio.com/medias/sys_master/root/20220413/0c8q/6256ec90f997dd03e25b2351/lunar%27s_black_bingo_laptop_bag.jpg,https://www.ajio.com/lunar-s-bingo-laptop-bag/p/469183437_black?
GUESS,Logo Print Everyday Backpack,"₹8,354",,,https://assets-jiocdn.ajio.com/medias/sys_master/root/20240722/q89p/669e0bbf1d763220fa0cfe48/guess_coal__black_logo_print_everyday_backpack.jpg,https://www.ajio.com/guess-logo-print-everyday-backpack/p/700214771_black?
MUJI,Water Repellent Less Tiring Backpack,"₹3,690",3.8,5,,https://www.ajio.com/muji-water-repellent-less-tiring-backpack/p/410457784_mediumg?
F-GEAR,Unisex Tropical Print Everyday Backpack,"₹1,320",4.2,58,,https://www.ajio.com/f-gear-unisex-tropical-print-everyday-backpack/p/469513474_blue?
ARMANI EXCHANGE,Men Milano Edition Backpack,"₹10,500",4.8,4,,https://www.ajio.com/armani-exchange-men-milano-edition-backpack/p/410475778_00020?
NIKE,Logo Print Everyday Backpack,"₹2,295",,,,https://www.ajio.com/nike-logo-print-everyday-backpack/p/469813288_pink?
BEWAKOOF,Men Typographic Print Backpack,₹359,4.5,2,,https://www.ajio.com/bewakoof-men-typographic-print-backpack/p/702739456_black?
ARISTOCRAT,Unisex Smash Laptop Backpack with Rain Cover - 32L,"₹1,820",3.5,8,,https://www.ajio.com/aristocrat-unisex-smash-laptop-backpack-with-rain-cover--32l/p/701554336_black?
ARMANI EXCHANGE,Men Logo Print Backpack with Adjustable Straps,"₹10,500",4.5,15,,https://www.ajio.com/armani-exchange-men-logo-print-backpack-with-adjustable-straps/p/410498900_mb039?
Wildcraft,Men Laptop Back Pack,"₹1,855",4,7,,https://www.ajio.com/wildcraft-men-laptop-back-pack/p/701324837_blue?
Decathlon,Solognac - Unisex Robustness Laptop Compatible Wildlife Bags 20L,"₹1,499",3.3,6,,https://www.ajio.com/decathlon-solognac--unisex-robustness-laptop-compatible-wildlife-bags-20l/p/702478306_black?
OZUKO,APEX Range One Size Backpack,"₹13,260",4.7,3,,https://www.ajio.com/ozuko-apex-range-one-size-backpack/p/701317597_blue?
Pazzo,Men Colourblock Backpack with Adjustable Straps,₹336,3.3,9,,https://www.ajio.com/pazzo-men-colourblock-backpack-with-adjustable-straps/p/466884881_navy?
Priority,Unisex Laptop Backpack with Padded Sleeve - 38L,₹800,3.9,141,,https://www.ajio.com/priority-unisex-laptop-backpack-with-padded-sleeve--38l/p/700519740_black?
Wildcraft,Men Backpack with Multiple Compartments,"₹2,599",4,8,,https://www.ajio.com/wildcraft-men-backpack-with-multiple-compartments/p/701286979_rust?
Wildcraft,Unisex Backpack with Multiple Compartments,"₹3,366",4,4,,https://www.ajio.com/wildcraft-unisex-backpack-with-multiple-compartments/p/701286988_black?
Puma,Printed Backpack,"₹1,374",4,3,,https://www.ajio.com/puma-printed-backpack/p/700189040_black?
OZUKO,9509 Debossed Laptop Crossbody Bag,"₹6,150",1.8,4,,https://www.ajio.com/ozuko-9509-debossed-laptop-crossbody-bag/p/469396735_grey?
Wildcraft,Unisex Backpack with Multiple Compartments,"₹1,999",3.6,11,,https://www.ajio.com/wildcraft-unisex-backpack-with-multiple-compartments/p/701287003_black?
Assembly,Men Crossbody Back Pack,"₹1,299",,,,https://www.ajio.com/assembly-men-crossbody-back-pack/p/701504715_green?
Wildcraft,Men Backpack with Multiple Compartments,"₹1,999",3.6,11,,https://www.ajio.com/wildcraft-men-backpack-with-multiple-compartments/p/701287003_rust?
Wildcraft,Unisex Backpack with Multiple Compartments,"₹2,299",3.3,3,,https://www.ajio.com/wildcraft-unisex-backpack-with-multiple-compartments/p/701287055_black?
VIP,Unisex Vogue Water-Resistant Laptop Backpack for Office Use - 22L,"₹6,750",,,,https://www.ajio.com/vip-unisex-vogue-water-resistant-laptop-backpack-for-office-use--22l/p/701874051_beige?
RED TAPE,Men Logo Print Laptop Backpack,"₹1,680",3,2,,https://www.ajio.com/red-tape-men-logo-print-laptop-backpack/p/701505894_beige?
NIKE,AURA Backpack,"₹4,295",3,3,,https://www.ajio.com/nike-aura-backpack/p/469807531_black?
NIKE,Sportswear RPM Backpack with Adjustable Strap,"₹5,795",,,,https://www.ajio.com/nike-sportswear-rpm-backpack-with-adjustable-strap/p/469814265_purple?
NIKE,Hayward Backpack with Adjustable Strap,"₹4,295",,,,https://www.ajio.com/nike-hayward-backpack-with-adjustable-strap/p/469814270_grey?
MOVE-MEANT,Men Everyday Backpack with Adjustable Strap,₹990,,,,https://www.ajio.com/move-meant-men-everyday-backpack-with-adjustable-strap/p/701579969_black?
F-GEAR,Camouflage Print Backpack with Rain Cover,"₹1,980",3.5,20,,https://www.ajio.com/f-gear-camouflage-print-backpack-with-rain-cover/p/460327966_camouflage?
MOKOBARA,Unisex Everyday Nylon Backpack,"₹4,799",,,,https://www.ajio.com/mokobara-unisex-everyday-nylon-backpack/p/702974314_black?
Wildcraft,Men Typographic Print Laptop Back Pack with Zip-Closure,₹783,,,,https://www.ajio.com/wildcraft-men-typographic-print-laptop-back-pack-with-zip-closure/p/701994361_grey?
TOMMY HILFIGER,Logo Print Everyday Back Pack,"₹1,491",3.7,3,,https://www.ajio.com/tommy-hilfiger-logo-print-everyday-back-pack/p/702171986_maroon?
Skybags,Travel Backpack with Adjustable Straps,₹999,4.1,10,,https://www.ajio.com/skybags-travel-backpack-with-adjustable-straps/p/469200733_pink?
SAFARI,Unisex Duplex1 Graphic Print School Backpack,₹810,,,,https://www.ajio.com/safari-unisex-duplex1-graphic-print-school-backpack/p/4946179080_multi?
NIKE,Medn BRSLA Backpack - 9.5 (24L),"₹2,795",4.4,70,,https://www.ajio.com/nike-medn-brsla-backpack--9-5-24l-/p/469146024_black?
TOMMY HILFIGER,"14"" Backpack with Adjustable Straps","₹2,057",4,7,,https://www.ajio.com/tommy-hilfiger-14-backpack-with-adjustable-straps/p/443547517_oliveblack?
NIKE,Varsity Elite Backpack with Adjustable Straps,"₹5,495",4.8,4,,https://www.ajio.com/nike-varsity-elite-backpack-with-adjustable-straps/p/469759604_blue?
PROVOGUE,Men Backpack with Adjustable Strap,"₹1,320",,,,https://www.ajio.com/provogue-men-backpack-with-adjustable-strap/p/703161052_black?
BEWAKOOF,Unisex Applique Backpack,₹499,,,,https://www.ajio.com/bewakoof-unisex-applique-backpack/p/703153430_black?
SAFARI,Men Formal Laptop Backpack,"₹2,296",,,,https://www.ajio.com/safari-men-formal-laptop-backpack/p/703347646_blue?
SAFARI,Men Ronin 30L Formal Laptop Backpack,"₹2,990",,,,https://www.ajio.com/safari-men-ronin-30l-formal-laptop-backpack/p/703346809_black?
SAFARI,Men Triplex 37L School Bag,"₹1,600",4,2,,https://www.ajio.com/safari-men-triplex-37l-school-bag/p/703346360_black?
SNITCH,Men Everyday Leather Backpack,"₹2,699",,,https://assets-jiocdn.ajio.com/medias/sys_master/root1/20260418/Z4xV/69e3a6ed14d0c217197c8df1/snitch_brown_men_everyday_leather_backpack.jpg,https://www.ajio.com/snitch-men-everyday-leather-backpack/p/703340880_brown?
Decathlon,Quechua - Unisex Arpenaz 500 Carrying Comfort Hiking Backpack 30 L,"₹2,699",,,https://assets-jiocdn.ajio.com/medias/sys_master/root1/20260306/B5Qg/69aab8564970ce6a6e252f4f/decathlon_beige_quechua_-_unisex_arpenaz_500_carrying_comfort_hiking_backpack_30_l.jpg,https://www.ajio.com/decathlon-quechua--unisex-arpenaz-500-carrying-comfort-hiking-backpack-30-l/p/703117245_beige?
POLICE,Patterned Laptop Backpack with Adjustable Straps,"₹1,079",,,,https://www.ajio.com/police-patterned-laptop-backpack-with-adjustable-straps/p/703546366_black?
Puma,"Premium Fwd Cricket 15"" Laptop Backpack","₹2,749",,,https://assets-jiocdn.ajio.com/medias/sys_master/root1/20260504/tT33/69f8a7adfcb5bb61d29c231a/puma_black_premium_fwd_cricket_15%22_laptop_backpack.jpg,https://www.ajio.com/puma-premium-fwd-cricket-15-laptop-backpack-/p/703408152_black?
NETPLAY,Men Casual PU Everyday Backpack,"₹1,999",2.7,6,https://assets-jiocdn.ajio.com/medias/sys_master/root1/20260427/QqSg/69ef4d47fcb5bb61d2841413/netplay_olive_men_casual_pu_everyday_backpack.jpg,https://www.ajio.com/netplay-men-casual-pu-everyday-backpack/p/443700768_olive?
Skybags,Unisex Fuse Plus 17 Inch Laptop Compatible Backpack with Side Pocket - 22L,₹999,3.9,62,,https://www.ajio.com/skybags-unisex-fuse-plus-17-inch-laptop-compatible-backpack-with-side-pocket--22l/p/467095827_orange?
Jack & Jones,"Men 15"" Colourblock Laptop Backpack with Adjustable Shoulder Straps","₹2,249",4.1,75,,https://www.ajio.com/jack--jones-men-15-colourblock-laptop-backpack-with-adjustable-shoulder-straps/p/467084025_green?
REDHORNS,Men Logo Print Laptop Backpack,"₹3,500",3.4,13,,https://www.ajio.com/redhorns-men-logo-print-laptop-backpack/p/466809169_black?
Wildcraft,Unisex Rucksacks Back Pack,"₹4,799",,,,https://www.ajio.com/wildcraft-unisex-rucksacks-back-pack/p/701324289_blue?
AMERICAN TOURISTER,Men Typographic Print Laptop Backpack with Adjustable Straps,₹999,,,,https://www.ajio.com/american-tourister-men-typographic-print-laptop-backpack-with-adjustable-straps/p/700772582_beige?
NIKE,Heritage Eugene 2.0 Backpack (20L),"₹3,495",,,,https://www.ajio.com/nike-heritage-eugene-2-0-backpack-20l-/p/469829801_black?
CONVERSE,Unisex Go Lo Mesh Backpack,"₹2,999",,,,https://www.ajio.com/converse-unisex-go-lo-mesh-backpack/p/701687813_pink?
REDHORNS,Men Back Pack,"₹3,500",1,2,,https://www.ajio.com/redhorns-men-back-pack/p/701172619_black?
Wildcraft,Men Laptop Back Pack,"₹2,304",3.6,13,,https://www.ajio.com/wildcraft-men-laptop-back-pack/p/701324879_grey?
AMERICAN TOURISTER,Men Printed Backpack with Adjustable Straps,₹999,,,,https://www.ajio.com/american-tourister-men-printed-backpack-with-adjustable-straps/p/4913777370_multi?
AMERICAN TOURISTER,Men Brand Print Backpack with Adjustable Straps,₹999,,,,https://www.ajio.com/american-tourister-men-brand-print-backpack-with-adjustable-straps/p/4913777340_multi?
French Accent,Men Backpack with Adjustable Strap,"₹3,949",,,,https://www.ajio.com/french-accent-men-backpack-with-adjustable-strap/p/700604173_black?
Decathlon,Forclaz - Unisex Travel 500 Hiking Organizer Backpacks 40L,"₹6,199",,,,https://www.ajio.com/decathlon-forclaz--unisex-travel-500-hiking-organizer-backpacks-40l/p/702221899_black?
Decathlon,Quechua - Unisex NH500 Carrying Comfort Rolltop Hiking Backpack 23L,"₹3,499",,,,https://www.ajio.com/decathlon-quechua--unisex-nh500-carrying-comfort-rolltop-hiking-backpack-23l/p/702221591_green?
FUR JADEN,Men Laptop Bag,"₹1,499",,,,https://www.ajio.com/fur-jaden-men-laptop-bag/p/702608779_green?
VIP,Unisex Urban Laptop Backpack with USB Port for Office Use - 20L,"₹7,500",4.8,4,,https://www.ajio.com/vip-unisex-urban-laptop-backpack-with-usb-port-for-office-use--20l/p/701873962_black?
Puma,HOOPS x LAFRANCÉ Basketball Backpack,"₹5,999",,,,https://www.ajio.com/puma-hoops-x-lafranc-basketball-backpack/p/701633465_multi?
Decathlon,Quechua - Unisex MH500 Multiple Compartments Hiking Backpack 38 L,"₹6,199",,,,https://www.ajio.com/decathlon-quechua--unisex-mh500-multiple-compartments-hiking-backpack-38-l/p/702477118_green?
FUR JADEN,Men Backpack with Adjustable Shoulder Strap,₹949,3.8,9,,https://www.ajio.com/fur-jaden-men-backpack-with-adjustable-shoulder-strap/p/702597715_black?
FUR JADEN,Men Backpack with Adjustable Shoulder Strap,₹949,3.8,9,,https://www.ajio.com/fur-jaden-men-backpack-with-adjustable-shoulder-strap/p/702597715_orange?
Decathlon,Unisex Carrying Comfort Football Backpack 33L,"₹2,489",,,,https://www.ajio.com/decathlon-unisex-carrying-comfort-football-backpack-33l/p/702221630_black?
Decathlon,SIMOND - Men Typographic Print Rucksack with Adjustable Straps,"₹9,200",,,,https://www.ajio.com/decathlon-simond--men-typographic-print-rucksack-with-adjustable-straps/p/702478383_black?
Decathlon,SIMOND - Men Typographic Print Rucksack with Adjustable Straps,"₹8,199",,,,https://www.ajio.com/decathlon-simond--men-typographic-print-rucksack-with-adjustable-straps/p/702478442_yellow?
Decathlon,Quechua - Unisex MH500 Ventilated Hiking Backpack 25L,"₹5,199",,,,https://www.ajio.com/decathlon-quechua--unisex-mh500-ventilated-hiking-backpack-25l/p/702478327_blue?
Wildcraft,Men Laptop Back Pack,"₹2,285",3.6,13,,https://www.ajio.com/wildcraft-men-laptop-back-pack/p/701324879_blue?
Decathlon,Quechua - Unisex Arpenaz 500 Isothermal Hiking Backpack 30 L,"₹4,199",,,,https://www.ajio.com/decathlon-quechua--unisex-arpenaz-500-isothermal-hiking-backpack-30-l/p/702221509_grey?
OZUKO,9587 Range Backpack with Zip Closure,"₹7,695",3.3,7,,https://www.ajio.com/ozuko-9587-range-backpack-with-zip-closure/p/469481271_black?
IMPULSE,"16"" Colourblock Laptop Backpack",₹800,3.5,23,,https://www.ajio.com/impulse-16-colourblock-laptop-backpack/p/469471169_navyblue?
Decathlon,Kiprun - Unisex 500 Trail Anatomic Design Running Hydration Bag 5L,"₹3,329",,,,https://www.ajio.com/decathlon-kiprun--unisex-500-trail-anatomic-design-running-hydration-bag-5l/p/703114869_navy?
Decathlon,Forclaz - Unisex 500 Organizer Travel Backpacks 40L,"₹6,199",,,,https://www.ajio.com/decathlon-forclaz--unisex-500-organizer-travel-backpacks-40l/p/703114868_black?
YOUSTA,Men Colourblock Backpack,₹799,,,,https://www.ajio.com/yousta-men-colourblock-backpack/p/443677524_grey?
CONVERSE,"17"" Logo Embroidered Laptop Backpack","₹2,499",,,,https://www.ajio.com/converse-17-logo-embroidered-laptop-backpack-/p/703582716_brown?
ARMANI EXCHANGE,Men A-Line Everyday Backpack,"₹10,500",3.7,3,,https://www.ajio.com/armani-exchange-men-a-line-everyday-backpack/p/410498840_00035?
SUPERDRY,Skyline Laptop Backpack,"₹6,999",,,,https://www.ajio.com/superdry-skyline-laptop-backpack/p/410436119_10e?
Skybags,Unisex Thrive 17 Inch Compatible Laptop Backpack with 3 Compartments - 30L,"₹1,625",,,,https://www.ajio.com/skybags-unisex-thrive-17-inch-compatible-laptop-backpack-with-3-compartments--30l/p/4947749300_multi?
ARMANI EXCHANGE,New York Backpack,"₹17,499",,,,https://www.ajio.com/armani-exchange-new-york-backpack/p/410561349_uc001?
ARMANI EXCHANGE,Dylan Logo Print Backpack with Adjustable Straps,"₹13,799",4.5,15,,https://www.ajio.com/armani-exchange-dylan-logo-print-backpack-with-adjustable-straps/p/410498900_mc257?
ARMANI EXCHANGE,Men Okinawa Everyday Backpack with Logo Accent,"₹16,099",4,5,,https://www.ajio.com/armani-exchange-men-okinawa-everyday-backpack-with-logo-accent/p/410521543_uc001?
Wildcraft,Unisex Back Pack,"₹1,099",,,,https://www.ajio.com/wildcraft-unisex-back-pack/p/701316452_yellow?
F-GEAR,Men Prowler Printed Backpack,₹799,5,2,,https://www.ajio.com/f-gear-men-prowler-printed-backpack/p/469736501_aquablue?
Adidas Originals,Adicolor Backpk Originals Backpack,"₹2,999",3.8,11,https://assets-jiocdn.ajio.com/medias/sys_master/root/20241018/dYVl/671264c3f9b8ef490bc76203/adidas_originals_black_adicolor_backpk_originals_backpack.jpg,https://www.ajio.com/adidas-originals-adicolor-backpk-originals-backpack/p/469610654_black?
Skybags,Travel Backpack with Adjustable Straps,₹999,3.9,267,https://assets-jiocdn.ajio.com/medias/sys_master/root/20220521/boYT/628857b4f997dd03e2014994/skybags_blue_travel_backpack_with_adjustable_straps.jpg,https://www.ajio.com/skybags-travel-backpack-with-adjustable-straps/p/469200720_azur?
KENNETH COLE,Men Laptop Back Pack,"₹1,999",,,,https://www.ajio.com/kenneth-cole-men-laptop-back-pack/p/701576454_grey?
Wildcraft,Men Backpack with Multiple Compartments,"₹1,899",3.2,9,https://assets-jiocdn.ajio.com/medias/sys_master/root/20250303/wTiX/67c4caa659f835398011dfe6/wildcraft_red_men_backpack_with_multiple_compartments.jpg,https://www.ajio.com/wildcraft-men-backpack-with-multiple-compartments/p/701286975_red?
KENNETH COLE,Versatile Back Pack With Laptop Compartment,"₹1,999",3,2,,https://www.ajio.com/kenneth-cole-versatile-back-pack-with-laptop-compartment/p/701580837_black?
SAFARI,"Unisex Zen 1 17"" Formal Laptop Backpack","₹1,515",,,,https://www.ajio.com/safari-unisex-zen-1-17-formal-laptop-backpack/p/4944435300_multi?
ARMANI EXCHANGE,Nappa Effect Laptop Backpack,"₹10,000",5,2,,https://www.ajio.com/armani-exchange-nappa-effect-laptop-backpack/p/410394403_16476?
Urban Jungle,"Unisex Water-Resistant 16"" Laptop Backpack","₹3,520",,,,https://www.ajio.com/urban-jungle-unisex-water-resistant-16-laptop-backpack/p/4943918000_multi?
ARISTOCRAT,Unisex Chip 15.6 Inch Compatible Laptop Backpack with Rain Cover - 32L,"₹2,699",,,,https://www.ajio.com/aristocrat-unisex-chip-15-6-inch-compatible-laptop-backpack-with-rain-cover--32l/p/4944887290_multi?
Puma,Man Puma Back Pack,"₹2,799",4.5,10,,https://www.ajio.com/puma-man-puma-back-pack/p/700683891_green?
NIKE,Heritage Brand Print Mini Backpack,"₹2,495",,,,https://www.ajio.com/nike-heritage-brand-print-mini-backpack/p/469816631_001black?
MOKOBARA,The Transit Unisex Laptop Backpack,"₹5,999",4.2,24,,https://www.ajio.com/mokobara-the-transit-unisex-laptop-backpack/p/467041342_grey?
Puma,Men Teamfinal Football Backpack,"₹2,197",,,,https://www.ajio.com/puma-men-teamfinal-football-backpack/p/469755590_black?
NIKE,Utility Power Backpack with Adjustable Strap,"₹6,195",,,,https://www.ajio.com/nike-utility-power-backpack-with-adjustable-strap/p/469814267_blue?
NIKE,NSW Commute Backpack,"₹5,495",,,,https://www.ajio.com/nike-nsw-commute-backpack/p/469807530_black?
NIKE,Varsity Elite Logo Print Backpack,"₹5,495",,,,https://www.ajio.com/nike-varsity-elite-logo-print-backpack/p/469814271_orange?
NIKE,Heritage Brand Print Backpack,"₹2,495",,,,https://www.ajio.com/nike-heritage-brand-print-backpack/p/469816629_mediumblue?
OZUKO,9479 Range Backpack with Zip Closure,"₹5,625",,,,https://www.ajio.com/ozuko-9479-range-backpack-with-zip-closure/p/469481265_black?
Skybags,Everyday Backpack with Front Slip-In Pocket,₹869,3.8,45,,https://www.ajio.com/skybags-everyday-backpack-with-front-slip-in-pocket/p/469235896_grey?
NIKE,Utility Speed Backpack with Adjustable Strap,"₹4,995",,,,https://www.ajio.com/nike-utility-speed-backpack-with-adjustable-strap/p/469814266_blue?
BEWAKOOF,Marvel - Men Graphic Print Backpack,₹539,4,3,,https://www.ajio.com/bewakoof-marvel--men-graphic-print-backpack/p/702553475_green?
F-GEAR,Men Laptop Backpack with Adjustable Strap,₹952,,,,https://www.ajio.com/f-gear-men-laptop-backpack-with-adjustable-strap/p/702526993_navy?
THOMAS SCOTT,Men Laptop Back Pack,"₹1,359",,,,https://www.ajio.com/thomas-scott-men-laptop-back-pack/p/702393364_grey?
Decathlon,Unisex BC 900 Content Protection Cricket Bat Cover,₹699,3.7,3,,https://www.ajio.com/decathlon-unisex-bc-900-content-protection-cricket-bat-cover/p/702221448_black?
Decathlon,Quechua - Men Travel 100 Ventilation Hiking Backpack 20L,₹749,3,2,,https://www.ajio.com/decathlon-quechua--men-travel-100-ventilation-hiking-backpack-20l/p/702221613_blue?
BEWAKOOF,Unisex Printed Backpack with Shoulder Straps,₹455,,,,https://www.ajio.com/bewakoof-unisex-printed-backpack-with-shoulder-straps/p/702676318_black?
EA7 Emporio Armani,Everyday Backpack with Zip Closure,"₹19,600",,,,https://www.ajio.com/ea7-emporio-armani-everyday-backpack-with-zip-closure/p/410564934_ub102?
Decathlon,Quechua - Unisex Escape 100 Abrasion Resistant Hiking Backpacks 17L,₹749,5,2,,https://www.ajio.com/decathlon-quechua--unisex-escape-100-abrasion-resistant-hiking-backpacks-17l/p/702221647_blue?
MOKOBARA,Men Backpack with Adjustable Straps,"₹9,999",5,2,,https://www.ajio.com/mokobara-men-backpack-with-adjustable-straps/p/702184100_silver?
Priority,Women College Backpack with Pouch - 40L,₹726,3.6,9,,https://www.ajio.com/priority-women-college-backpack-with-pouch---40l/p/701737333_grey?
EA7 Emporio Armani,Logo Series Backpack,"₹19,600",,,,https://www.ajio.com/ea7-emporio-armani-logo-series-backpack/p/410564907_u7260?
The Souled Store,Star wars Iconic|Star Wars™ - Men Graphic Print Backpack with Adjustable Straps,"₹1,920",,,,https://www.ajio.com/the-souled-store-star-wars-iconic-star-wars--men-graphic-print-backpack-with-adjustable-straps/p/703061092_multi?
PROVOGUE,Men Printed Backpack,₹907,,,,https://www.ajio.com/provogue-men-printed-backpack/p/702892176_green?
PROVOGUE,Men Colourblocked Backpack,"₹1,225",,,,https://www.ajio.com/provogue-men-colourblocked-backpack/p/702892194_blue?
Wildcraft,Men Typographic Print Laptop Back Pack with Zip-Closure,₹899,,,,https://www.ajio.com/wildcraft-men-typographic-print-laptop-back-pack-with-zip-closure/p/701994342_red?
Wildcraft,Men Backpack with Adjustable Straps,₹899,4.5,2,,https://www.ajio.com/wildcraft-men-backpack-with-adjustable-straps/p/701984680_blue?
THOMAS SCOTT,Men Laptop Back Pack,"₹1,389",,,,https://www.ajio.com/thomas-scott-men-laptop-back-pack/p/702393366_black?
THOMAS SCOTT,Men Crossbody Back Pack,₹769,,,,https://www.ajio.com/thomas-scott-men-crossbody-back-pack/p/702393361_black?
ARMANI EXCHANGE,Madrid Leather Backapck,"₹24,999",,,,https://www.ajio.com/armani-exchange-madrid-leather-backapck/p/410561345_uc001?
Skybags,Unisex Xelius Plus 17 Inch Laptop Backpack with Raincover & Pockets - 19L,"₹2,788",3.7,19,,https://www.ajio.com/skybags-unisex-xelius-plus-17-inch-laptop-backpack-with-raincover--pockets--19l/p/442172111_blue?
Skybags,"Unisex Thala CSK 16.5"" Compatible Laptop Backpack with USB Port & Rain Cover-24L","₹2,205",,,,https://www.ajio.com/skybags-unisex-thala-csk-16-5-compatible-laptop-backpack-with-usb-port--rain-cover-24l/p/4947749270_multi?
ARMANI EXCHANGE,Mix Mag Backpack,"₹11,500",4,3,,https://www.ajio.com/armani-exchange-mix-mag-backpack/p/410475794_00020?
ARMANI EXCHANGE,Men Dino Backpack with Zip Closure,"₹10,199",,,https://assets-jiocdn.ajio.com/medias/sys_master/root/20250506/KtBF/681a0f9655340d4b4f1c21b8/armani_exchange_grey_men_dino_backpack_with_zip_closure.jpg,https://www.ajio.com/armani-exchange-men-dino-backpack-with-zip-closure/p/410521670_ub104?
Skybags,Everyday Backpack with Front Slip-In Pocket,₹999,4.5,98,https://assets-jiocdn.ajio.com/medias/sys_master/root/20220823/I1ah/6303debcaeb269176191192d/skybags_yellow_everyday_backpack_with_front_slip-in_pocket.jpg,https://www.ajio.com/skybags-everyday-backpack-with-front-slip-in-pocket/p/469235897_yellow?
SPYKAR,Everyday Backpack with Adjustable Straps,"₹2,000",4,46,,https://www.ajio.com/spykar-everyday-backpack-with-adjustable-straps-/p/465373349_grey?
ANKIT INTERNATIONAL,Graphic Print Everyday Backpack,"₹1,535",,,https://assets-jiocdn.ajio.com/medias/sys_master/root/20230925/PgT9/6511a97eafa4cf41f507e143/ankit_international_green_graphic_print_everyday_backpack.jpg,https://www.ajio.com/ankit-international-graphic-print-everyday-backpack-/p/466628187_green?
BAD HABIT,Back Pack with Adjustable Straps,₹875,,,https://assets-jiocdn.ajio.com/medias/sys_master/root/20220912/38E5/631f26f5aeb269dbb383556e/bad_habit_black_back_pack_with_adjustable_straps.jpg,https://www.ajio.com/bad-habit-back-pack-with-adjustable-straps/p/463021740_grey?
ZIPLINE,Floral Print Backpack with Adjustable Strap,"₹1,110",5,3,,https://www.ajio.com/zipline-floral-print-backpack-with-adjustable-strap/p/466937170_navy?
NIKE,Brasilia Laptop Backpack,"₹3,495",,,,https://www.ajio.com/nike-brasilia-laptop-backpack/p/469816633_mediumblue?
NIKE,Logo Print Everyday Backpack,"₹1,951",,,,https://www.ajio.com/nike-logo-print-everyday-backpack/p/469813260_pink?
NIKE,Utility Elite Backpack with Adjustable Strap,"₹6,995",,,,https://www.ajio.com/nike-utility-elite-backpack-with-adjustable-strap/p/469814268_blue?
Puma,Cairo Backpack with Adjustable Straps,"₹1,599",4.1,8,,https://www.ajio.com/puma-cairo-backpack-with-adjustable-straps/p/469767593_grey?
PROVOGUE,Men Colourblocked Crossbody Bag,"₹1,008",,,,https://www.ajio.com/provogue-men-colourblocked-crossbody-bag/p/703160987_white?
Decathlon,Quechua - Unisex Travel 500 Organiser Multiple Compartments Hiking Backpacks 30L,"₹5,199",,,,https://www.ajio.com/decathlon-quechua--unisex-travel-500-organiser-multiple-compartments-hiking-backpacks-30l/p/703190673_purple?
PROVOGUE,Men Backpack with Adjustable Strap,"₹1,320",,,,https://www.ajio.com/provogue-men-backpack-with-adjustable-strap/p/703161237_blue?
PROVOGUE,Men Roll-Top Backpack with Adjustable Shoulder Strap,"₹1,007",,,,https://www.ajio.com/provogue-men-roll-top-backpack-with-adjustable-shoulder-strap-/p/702962973_blue?
PROVOGUE,Men Colourblocked Backpack with Adjustable Strap,"₹1,801",,,,https://www.ajio.com/provogue-men-colourblocked-backpack-with-adjustable-strap/p/703160630_grey?
MAGNOLIA,Men Backpack with Adjustable Straps,"₹3,999",,,,https://www.ajio.com/magnolia-men-backpack-with-adjustable-straps/p/703243570_coffee?
The Souled Store,Deadpool Iconic|Marvel™ - Men Deadpool Utility Backpack,"₹3,849",,,,https://www.ajio.com/the-souled-store-deadpool-iconic-marvel---men-deadpool-utility-backpack/p/703242755_maroon?
YELLOE,Unisex Laptop Backpack,₹896,,,,https://www.ajio.com/yelloe-unisex-laptop-backpack/p/703448898_blue?
WROGN,Men Backpack with Adjustable Strap,"₹2,565",,,,https://www.ajio.com/wrogn-men-backpack-with-adjustable-strap/p/703488111_green?
Urban Jungle,Men Padded Laptop Bag,"₹3,818",,,,https://www.ajio.com/urban-jungle-men-padded-laptop-bag/p/703380386_black?
POLICE,Backpack with Ajustable Straps,₹599,,,,https://www.ajio.com/police-backpack-with-ajustable-straps/p/703506522_green?
YOUSTA,Men Backpack with Adjustable Strap,₹899,,,,https://www.ajio.com/yousta-men-backpack-with-adjustable-strap/p/443701287_black?
Call it spring,Men Back Pack with Zip Closure,"₹3,599",,,,https://www.ajio.com/call-it-spring-men-back-pack-with-zip-closure/p/700280218_black?
NETPLAY,Men Casual Fanny Backpack,₹450,,,,https://www.ajio.com/netplay-men-casual-fanny-backpack/p/443700762_grey?
NETPLAY,Men Crossbody Bag Minimalist Patch Logo Front,₹999,,,,https://www.ajio.com/netplay-men-crossbody-bag-minimalist-patch-logo-front/p/443700770_black?
F-GEAR,Men Laptop Backpack with Adjustable Strap,"₹4,980",3.8,5,,https://www.ajio.com/f-gear-men-laptop-backpack-with-adjustable-strap/p/702527115_black?
WALRUS,Men Everyday Padded Backpack,₹779,2,7,,https://www.ajio.com/walrus-men-everyday-padded-backpack/p/700218024_black?
F-GEAR,Solid Canvas Rucksack,"₹2,980",4,95,,https://www.ajio.com/f-gear-solid-canvas-rucksack/p/469001789_black?
Priority,Men Printed Lightweight College Backpack - 30L,₹449,3.9,45,,https://www.ajio.com/priority-men-printed-lightweight-college-backpack---30l/p/700178815_navy?
Priority,Unisex Printed College Backpack - 38L,₹432,3.7,10,,https://www.ajio.com/priority-unisex-printed-college-backpack--38l/p/700644037_grey?
NIKE,Y Boxy Backpack,"₹2,995",,,,https://www.ajio.com/nike-y-boxy-backpack/p/469768256_black?
Wildcraft,Men Rucksacks Back Pack,"₹4,799",,,,https://www.ajio.com/wildcraft-men-rucksacks-back-pack/p/701324289_grey?
Puma,PUMA Punch Solid Everyday Backpack,₹927,4,11,,https://www.ajio.com/puma-puma-punch-solid-everyday-backpack/p/469759968_black?
Lunar's,Neo Laptop Travel Bag,"₹1,199",3.9,45,,https://www.ajio.com/lunar-s-neo-laptop-travel-bag/p/469183489_blue?
TOMMY HILFIGER,Brand Print Laptop Backpack,"₹2,989",4.3,48,,https://www.ajio.com/tommy-hilfiger-brand-print-laptop-backpack/p/467064118_navy?
WILDHORN,Everyday Backpack with Zip Closure,₹840,3.8,34,,https://www.ajio.com/wildhorn-everyday-backpack-with-zip-closure/p/469155104_multi?
Decathlon,Forclaz - Unisex 500 Organizer Travel Backpacks 40L,"₹6,199",3.8,4,,https://www.ajio.com/decathlon-forclaz--unisex-500-organizer-travel-backpacks-40l/p/702221652_black?
AMERICAN TOURISTER,Men Herd 3.0 Backpack,"₹2,160",,,,https://www.ajio.com/american-tourister-men-herd-3-0-backpack/p/442171751_brown?
Reebok,Duffle Bag with Adjustable Shoulder Strap,"₹1,399",,,,https://www.ajio.com/reebok-duffle-bag-with-adjustable-shoulder-strap/p/467059471_black?
Puma,Stylised Pu Backpack,"₹1,799",,,,https://www.ajio.com/puma-stylised-pu-backpack/p/466999899_grey?
Wildcraft,Men Laptop Back Pack,"₹1,358",3.8,5,,https://www.ajio.com/wildcraft-men-laptop-back-pack/p/701324889_blue?
Wildcraft,Men Laptop Back Pack,"₹1,325",3.8,5,,https://www.ajio.com/wildcraft-men-laptop-back-pack/p/701324889_red?
Wildcraft,Unisex Laptop Back Pack,"₹2,224",3,4,,https://www.ajio.com/wildcraft-unisex-laptop-back-pack/p/701324907_black?
Wildcraft,Men Backpack with Multiple Compartments,"₹1,699",2.8,5,,https://www.ajio.com/wildcraft-men-backpack-with-multiple-compartments/p/701286995_navy?
REDHORNS,Men Laptop Back Pack,"₹2,500",,,,https://www.ajio.com/redhorns-men-laptop-back-pack/p/701044108_black?
Wildcraft,Unisex Backpack with Multiple Compartments,"₹1,899",3.2,9,https://assets-jiocdn.ajio.com/medias/sys_master/root/20250303/l7z7/67c4c76e2960820c49c5ea00/wildcraft_navy_unisex_backpack_with_multiple_compartments.jpg,https://www.ajio.com/wildcraft-unisex-backpack-with-multiple-compartments/p/701286975_aqua?
Wildcraft,Men Backpack with Multiple Compartments,"₹1,899",3.2,9,https://assets-jiocdn.ajio.com/medias/sys_master/root/20250303/dUGi/67c4c9452960820c49c61142/wildcraft_navy_men_backpack_with_multiple_compartments.jpg,https://www.ajio.com/wildcraft-men-backpack-with-multiple-compartments/p/701286975_navy?
MOVE-MEANT,Men Everyday Backpack with Adjustable Strap,₹990,4,2,,https://www.ajio.com/move-meant-men-everyday-backpack-with-adjustable-strap/p/701579958_teal?
SNITCH,Men Backpack with Adjustable Straps,"₹2,631",,,https://assets-jiocdn.ajio.com/medias/sys_master/root1/20251111/0CAX/6912c22ca470c5082f850fd5/snitch_black_men_backpack_with_adjustable_straps.jpg,https://www.ajio.com/snitch-men-backpack-with-adjustable-straps/p/701032264_black?
RED TAPE,Men Laptop Back Pack,"₹1,200",2.7,3,https://assets-jiocdn.ajio.com/medias/sys_master/root1/20251213/82cL/693ca4548945db77cf2d4cca/red_tape_olive_men_laptop_back_pack.jpg,https://www.ajio.com/red-tape-men-laptop-back-pack/p/701507515_olive?
Wildcraft,Men Backpack with Multiple Compartments,"₹3,080",2.5,4,,https://www.ajio.com/wildcraft-men-backpack-with-multiple-compartments/p/701286986_khaki?
Wildcraft,Men Backpack with Multiple Compartments,"₹2,299",3.3,3,,https://www.ajio.com/wildcraft-men-backpack-with-multiple-compartments/p/701287055_navy?
Wildcraft,Men Backpack with Multiple Compartments,"₹2,399",3.9,21,,https://www.ajio.com/wildcraft-men-backpack-with-multiple-compartments/p/701286980_blue?
MOKOBARA,Men Western Back Pack,"₹7,299",4.3,11,,https://www.ajio.com/mokobara-men-western-back-pack/p/701408824_black?
Nasher Miles,Tetris Laptop Backpack with Raincover 36 L,₹999,3,2,,https://www.ajio.com/nasher-miles-tetris-laptop-backpack-with-raincover-36-l/p/701522109_black?
La Martina,Men Multi Pocket Utility Backpack,"₹6,999",,,,https://www.ajio.com/la-martina-men-multi-pocket-utility-backpack/p/410538668_bk?
Lunar's,Panelled Backpack with Adjustable Straps,₹849,3.3,43,,https://www.ajio.com/lunar-s-panelled-backpack-with-adjustable-straps/p/469183453_grey?
VENEER,Men Backpack with Zip Closure & Adjustable Strap,₹945,3.5,4,,https://www.ajio.com/veneer-men-backpack-with-zip-closure--adjustable-strap/p/466951275_black?
Lino Perros,"Men Harvard Core 15"" Laptop Backpack","₹1,698",3.7,3,,https://www.ajio.com/lino-perros-men-harvard-core-15-laptop-backpack/p/469791777_black?
Decathlon,Kipsta - Unisex Essential Robustness Football Backpack 17L,₹849,,,,https://www.ajio.com/decathlon-kipsta--unisex-essential-robustness-football-backpack-17l/p/702221792_black?
Wildcraft,Men Typographic Print Backpack with Adjustable Straps,"₹1,359",3.4,13,,https://www.ajio.com/wildcraft-men-typographic-print-backpack-with-adjustable-straps/p/442171969_grey?
TEAKWOOD LEATHERS,Men Everyday Backpack with Adjustable Straps,₹900,3,2,,https://www.ajio.com/teakwood-leathers-men-everyday-backpack-with-adjustable-straps-/p/701945610_grey?
TEAKWOOD LEATHERS,Men Everyday Zip Closure Back Pack,₹850,2,2,,https://www.ajio.com/teakwood-leathers-men-everyday-zip-closure-back-pack/p/701953605_black?
KOSHER,Men Colourblock Laptop Backpack,₹592,1,2,,https://www.ajio.com/kosher-men-colourblock-laptop-backpack/p/702055237_black?
ALDO,Men Backpack with Adjustable Straps,"₹7,199",,,,https://www.ajio.com/aldo-men-backpack-with-adjustable-straps/p/701984538_navy?
TEAKWOOD LEATHERS,Men Everyday Backpack with Adjustable Straps,₹850,,,,https://www.ajio.com/teakwood-leathers-men-everyday-backpack-with-adjustable-straps-/p/701947507_grey?
The Souled Store,Marvel Mightiest Heroes|Marvel™ - Men Graphic Print Water-Resistant Travel Backpack,"₹1,919",,,,https://www.ajio.com/the-souled-store-marvel-mightiest-heroes-marvel--men-graphic-print-water-resistant-travel-backpack/p/703061753_black?
PROVOGUE,Men Roll-Top Backpack with Front Pockets,"₹2,046",,,,https://www.ajio.com/provogue-men-roll-top-backpack-with-front-pockets/p/702962969_green?
ASICS,Men Backpack 25L,"₹1,645",,,,https://www.ajio.com/asics-men-backpack-25l/p/702106008_black?
Skybags,Unisex Transit 17 Inch Compatible Laptop Backpack with Rain Cover - 29L,"₹2,250",,,,https://www.ajio.com/skybags-unisex-transit-17-inch-compatible-laptop-backpack-with-rain-cover--29l/p/4947749320_multi?
OZUKO,9388 Backpack with Adjustable Straps,"₹7,450",2.6,5,,https://www.ajio.com/ozuko-9388-backpack-with-adjustable-straps/p/469396699_grey?
F-GEAR,Pixel Print Travel Backpack,₹567,3.3,7,,https://www.ajio.com/f-gear-pixel-print-travel-backpack/p/469274069_brown?
WROGN,PU Everyday Backpack,"₹2,070",,,,https://www.ajio.com/wrogn-pu-everyday-backpack/p/703112049_brown?
Puma,Aston Martin F1 Lifestyle Multi-Pocket Backpack,"₹4,949",,,,https://www.ajio.com/puma-aston-martin-f1-lifestyle-multi-pocket-backpack/p/703137908_black?
Decathlon,Quechua - Men Arpenaz 100 Abrasion Resistant Hiking Backpacks 20L,"₹1,399",,,,https://www.ajio.com/decathlon-quechua--men-arpenaz-100-abrasion-resistant-hiking-backpacks-20l/p/703114773_multi?
MAGNOLIA,Men Backpack with Adjustable Straps,"₹3,999",,,,https://www.ajio.com/magnolia-men-backpack-with-adjustable-straps/p/703243562_black?
ARISTOCRAT,Men Casual Daypack with Adjustable Shoulder Strap,₹329,,,,https://www.ajio.com/aristocrat-men-casual-daypack-with-adjustable-shoulder-strap-/p/703321557_blue?
ARISTOCRAT,Men Casual Daypack with Adjustable Shoulder Strap,₹599,,,,https://www.ajio.com/aristocrat-men-casual-daypack-with-adjustable-shoulder-strap-/p/703321557_teal?
POLICE,Printed Everyday Backpack,₹539,,,,https://www.ajio.com/police-printed-everyday-backpack/p/703527012_navy?
FUR JADEN,Men Laptop Backpack with Multiple Pockets,"₹2,499",4.7,3,,https://www.ajio.com/fur-jaden-men-laptop-backpack-with-multiple-pockets/p/702628265_green?
The Souled Store,Black Panther Tactical Pack|Marvel™ - Men Water-Resistant Travel Backpack,"₹3,599",,,,https://www.ajio.com/the-souled-store-black-panther-tactical-pack-marvel--men-water-resistant-travel-backpack/p/703061340_black?
MOKOBARA,The Transit Unisex Multipurpose Briefcase,"₹5,499",4.8,10,,https://www.ajio.com/mokobara-the-transit-unisex-multipurpose-briefcase/p/467076390_green?
Puma,Streak Backpack,"₹1,150",4.3,571,,https://www.ajio.com/puma-streak-backpack/p/467019773_blue?
MOKOBARA,Colourblock Backpack with Flap Pockets,"₹8,999",4.2,10,,https://www.ajio.com/mokobara-colourblock-backpack-with-flap-pockets/p/701121294_brown?
NIKE,NSW Futura 365 Mini Backpack,"₹1,297",4.2,13,,https://www.ajio.com/nike-nsw-futura-365-mini-backpack/p/469764125_blue?
F-GEAR,Men Blaze Leather Backpack with Adjustable Strap,₹632,3.5,4,,https://www.ajio.com/f-gear-men-blaze-leather-backpack-with-adjustable-strap/p/469749163_maroon?
MOKOBARA,Men Colour Block Back Pack,"₹7,499",4.4,13,,https://www.ajio.com/mokobara-men-colour-block-back-pack/p/701400522_beige?
Deuter,Men Graphic Everyday Back Pack,"₹8,999",,,,https://www.ajio.com/deuter-men-graphic-everyday-back-pack/p/702451506_blue?
TOMMY HILFIGER,"15"" Laptop Backpack with Adjustable Straps","₹2,404",4.4,49,,https://www.ajio.com/tommy-hilfiger-15-laptop-backpack-with-adjustable-straps/p/469371479_blue?
Lunar's,Backpack with Front-Zip Pocket,"₹1,699",,,https://assets-jiocdn.ajio.com/medias/sys_master/root/h3c/h13/15209704226846/lunar%27s_red_backpack_with_front-zip_pocket.jpg,https://www.ajio.com/lunar-s-backpack-with-front-zip-pocket/p/460311986_red?
NIKE,Men Aura Backpack with Adjustable Shoulder Straps,"₹2,362",3.6,5,https://assets-jiocdn.ajio.com/medias/sys_master/root/20250423/0SpP/6808995c55340d4b4ff3ddaf/nike_pink_men_aura_backpack_with_adjustable_shoulder_straps.jpg,https://www.ajio.com/nike-men-aura-backpack-with-adjustable-shoulder-straps/p/469754992_red?
F-GEAR,Men Sydney Laptop Backpack,"₹4,998",,,,https://www.ajio.com/f-gear-men-sydney-laptop-backpack/p/469808682_black?
Puma,"Men 17"" Laptop Backpack with Logo Print","₹1,390",4,5,https://assets-jiocdn.ajio.com/medias/sys_master/root/20230524/U2jb/646e3d8642f9e729d7ab6845/puma_blue_%26_black_men_17%22_laptop_backpack_with_logo_print.jpg,https://www.ajio.com/puma-men-17-laptop-backpack-with-logo-print/p/469477854_blue?
GUESS,Men Back Pack,"₹6,757",,,https://assets-jiocdn.ajio.com/medias/sys_master/root/20250109/Kbvc/677efdca663dbe1c5fc70ad7/guess_black_men_back_pack.jpg,https://www.ajio.com/guess-men-back-pack/p/701030189_black?
REDHORNS,Men Back Pack,"₹3,500",,,,https://www.ajio.com/redhorns-men-back-pack/p/701172617_maroon?
French Accent,Men Colourblock Laptop Backpack,"₹2,489",,,,https://www.ajio.com/french-accent-men-colourblock-laptop-backpack/p/701838633_grey?
CAT,Men Crossbody Bag with Adjustable Strap,"₹2,000",,,,https://www.ajio.com/cat-men-crossbody-bag-with-adjustable-strap-/p/466312096_black?
HIDESIGN,Leather Formal Backpack,"₹13,295",,,,https://www.ajio.com/hidesign-leather-formal-backpack/p/702601957_black?
RED TAPE,Men Backpack with Adjustable Shoulder Strap,"₹1,650",4.4,7,,https://www.ajio.com/red-tape-men-backpack-with-adjustable-shoulder-strap-/p/701689200_brown?
Jack & Jones,Men Colourblock Backpack with Adjustable Straps,"₹2,500",,,,https://www.ajio.com/jack--jones-men-colourblock-backpack-with-adjustable-straps/p/702151149_blue?
Jeep,Men Rectangular Travel Backpack with Padded Back,"₹4,410",,,,https://www.ajio.com/jeep-men-rectangular-travel-backpack-with-padded-back/p/702018300_yellow?
TOMMY HILFIGER,Textured Multiple Pockets Back Pack,"₹9,890",5,2,,https://www.ajio.com/tommy-hilfiger-textured-multiple-pockets-back-pack/p/701358626_black?
TOMMY HILFIGER,Textured Multiple Pockets Back Pack,"₹9,890",,,,https://www.ajio.com/tommy-hilfiger-textured-multiple-pockets-back-pack/p/701358612_navy?
POLICE,Margret Pro 15'' Laptop Backpack with Adjustable Straps,₹712,,,,https://www.ajio.com/police-margret-pro-15--laptop-backpack-with-adjustable-straps/p/466016115_black?
TEAKWOOD LEATHERS,Back Pack with Textured Detail,"₹4,350",4.1,19,,https://www.ajio.com/teakwood-leathers-back-pack-with-textured-detail/p/461855672_brown?
POLICE,Mozes 15'' Laptop Backpack with Adjustable Straps,₹891,,,,https://www.ajio.com/police-mozes-15--laptop-backpack-with-adjustable-straps/p/466016113_grey?
F-GEAR,Men Prowler Printed Backpack,"₹1,998",3.9,8,,https://www.ajio.com/f-gear-men-prowler-printed-backpack/p/469736502_black?
Columbia,Unisex Omni-Shield Wildwood Heights 45L+5L Backpack,"₹13,999",,,,https://www.ajio.com/columbia-unisex-omni-shield-wildwood-heights-45l-5l-backpack/p/702754329_beige?
YOUSTA,Men Crossbody Backpack,₹499,,,,https://www.ajio.com/yousta-men-crossbody-backpack/p/443701292_navy?
POLICE,Brand Print Backpack with Adjustable Shoulder Strap,₹599,,,,https://www.ajio.com/police-brand-print-backpack-with-adjustable-shoulder-strap/p/703609742_black?
VENEER,Men Backpack with Zip Closure & Adjustable Strap,"₹1,080",4.4,29,,https://www.ajio.com/veneer-men-backpack-with-zip-closure--adjustable-strap/p/466951287_black?
MOKOBARA,Men Everyday Backpack with Adjustable Straps,"₹7,299",4.3,20,,https://www.ajio.com/mokobara-men-everyday-backpack-with-adjustable-straps/p/467060654_black?
ARMANI EXCHANGE,Men Salina Essential Brand Print Backpack,"₹10,000",,,,https://www.ajio.com/armani-exchange-men-salina-essential-brand-print-backpack/p/410475784_00020?
ARMANI EXCHANGE,New York Crossbody Bag,"₹10,499",,,,https://www.ajio.com/armani-exchange-new-york-crossbody-bag/p/410561350_uc001?
Puma,Graphic Backpack,"₹2,519",,,,https://www.ajio.com/puma-graphic-backpack/p/701068441_white?
NIKE,Logo Print Everyday Backpack,"₹2,376",,,,https://www.ajio.com/nike-logo-print-everyday-backpack/p/469813261_blue?
KENNETH COLE,Men Laptop Back Pack,"₹2,499",,,,https://www.ajio.com/kenneth-cole-men-laptop-back-pack/p/701578673_black?
Da Milano,Men Everyday Back Pack,"₹19,499",,,,https://www.ajio.com/da-milano-men-everyday-back-pack/p/701624236_brown?
Da Milano,Men Backpack with Logo Applique,"₹19,499",,,,https://www.ajio.com/da-milano-men-backpack-with-logo-applique/p/701624236_black?
Puma,Bolt Backpack,"₹2,799",,,,https://www.ajio.com/puma-bolt-backpack/p/467064410_blue?
Puma,Men Logo Print Backpack,₹620,4.5,2,,https://www.ajio.com/puma-men-logo-print-backpack/p/469477856_black?
NIKE,Men Hayward Scouter Big Backpack,"₹3,287",4.1,24,,https://www.ajio.com/nike-men-hayward-scouter-big-backpack/p/469754989_brown?
NIKE,Y Boxy Backpack,"₹2,546",,,,https://www.ajio.com/nike-y-boxy-backpack/p/469768258_cream?
MOKOBARA,Men Water-Resistant Fabric Everyday Back Pack,"₹4,799",4,3,,https://www.ajio.com/mokobara-men-water-resistant-fabric-everyday-back-pack/p/702179799_maroon?
MOKOBARA,Men Backpack with Adjustable Straps,"₹5,999",4.3,3,,https://www.ajio.com/mokobara-men-backpack-with-adjustable-straps/p/702184088_navy?
Astrid,Men Bag with Padded Laptop Comparment,₹400,,,,https://www.ajio.com/astrid-men-bag-with-padded-laptop-comparment/p/702720301_beige?
Decathlon,Unisex Waterproof kayaking and Sailing Backpack 20 L,"₹3,149",,,,https://www.ajio.com/decathlon-unisex-waterproof-kayaking-and-sailing-backpack-20-l/p/702478414_charcoal?
Skybags,Unisex Ontrak 17 Inch Compatible Laptop Backpack with Rain Cover - 30L,"₹2,875",,,,https://www.ajio.com/skybags-unisex-ontrak-17-inch-compatible-laptop-backpack-with-rain-cover--30l/p/4947749150_multi?
POLICE,Margret Pro 15'' Laptop Backpack with Adjustable Straps,₹891,3.7,3,,https://www.ajio.com/police-margret-pro-15--laptop-backpack-with-adjustable-straps/p/466016115_maroon?
SPYKAR,Everyday Back Pack with Laptop Compartment,"₹1,500",3.9,19,,https://www.ajio.com/spykar-everyday-back-pack-with-laptop-compartment/p/465362265_black?
SPYKAR,Everyday Back Pack with Adjustable Straps,"₹1,500",3,9,,https://www.ajio.com/spykar-everyday-back-pack-with-adjustable-straps/p/465372378_black?
SPYKAR,Backpack with Adjustable Straps,"₹1,750",3.1,19,,https://www.ajio.com/spykar-backpack-with-adjustable-straps-/p/465373282_black?
Pazzo,Sky Tourister Medium 22 L Laptop Backpack,₹499,3.1,49,,https://www.ajio.com/pazzo-sky-tourister-medium-22-l-laptop-backpack/p/469183525_blue?
Puma,Brand Embroidered Backpack,₹927,3.9,16,,https://www.ajio.com/puma-brand-embroidered-backpack/p/469694230_grey?
Puma,Brand Print Backpack,"₹1,061",3.5,2,https://assets-jiocdn.ajio.com/medias/sys_master/root/20250116/45dl/6788fee30431850e0da0c2aa/puma_blue_brand_print_backpack.jpg,https://www.ajio.com/puma-brand-print-backpack/p/469694227_blue?
ZIPLINE,Printed Backpack with Adjustable Straps,₹750,3,8,https://assets-jiocdn.ajio.com/medias/sys_master/root/20240102/QFoA/6593ea96afa4cf41f5fbc915/zipline_pink_printed_backpack_with_adjustable_straps.jpg,https://www.ajio.com/zipline-printed-backpack-with-adjustable-straps/p/466937171_pink?
SPYKAR,Men Laptop Backpack with Zip Closure,"₹1,750",,,,https://www.ajio.com/spykar-men-laptop-backpack-with-zip-closure-/p/700241898_green?
NIKE,Elemental Brand Print Backpack,"₹2,895",,,https://assets-jiocdn.ajio.com/medias/sys_master/root1/20260407/3wcZ/69d424b25bc52e77e03a16b8/nike_blue_elemental_brand_print_backpack.jpg,https://www.ajio.com/nike-elemental-brand-print-backpack/p/469814280_blue?
PROVOGUE,Men Colourblocked Crossbody Bag,"₹1,008",,,https://assets-jiocdn.ajio.com/medias/sys_master/root1/20260316/uDUq/69b7f5990ad5d933376089f5/provogue_fiery_orange_men_colourblocked_crossbody_bag.jpg,https://www.ajio.com/provogue-men-colourblocked-crossbody-bag/p/703160948_orange?
MAGNOLIA,Men Laptop Backpack with Adjustable Strap,"₹3,849",,,,https://www.ajio.com/magnolia-men-laptop-backpack-with-adjustable-strap/p/703248560_brown?
MAGNOLIA,Men Backpack with Adjustable Straps,"₹3,849",,,,https://www.ajio.com/magnolia-men-backpack-with-adjustable-straps/p/703243566_black?
Skybags,Unisex Dino Printed School Backpack with 2 Compartments - 15L,₹879,4,35,,https://www.ajio.com/skybags-unisex-dino-printed-school-backpack-with-2-compartments--15l/p/442172086_green?
MOKOBARA,Men Everyday Backpack with Adjustable Straps,"₹7,299",4.3,20,,https://www.ajio.com/mokobara-men-everyday-backpack-with-adjustable-straps/p/467060654_green?
F-GEAR,Colourblock Everyday Backpack,"₹1,000",3.9,95,,https://www.ajio.com/f-gear-colourblock-everyday-backpack/p/469307223_navyblue?
Skybags,Unisex Tribe 14 Inch Laptop Compatible Backpack with Inside Mesh Bottle Pocket - 20L,₹849,3.9,28,,https://www.ajio.com/skybags-unisex-tribe-14-inch-laptop-compatible-backpack-with-inside-mesh-bottle-pocket--20l/p/442172094_blue?
F-GEAR,"Men 17"" Backpack with Logo Applique",₹990,4.6,5,,https://www.ajio.com/f-gear-men-17-backpack-with-logo-applique/p/469584266_navyblue?
OZUKO,8020 Brand Print Backpack,"₹6,950",3.5,4,,https://www.ajio.com/ozuko-8020-brand-print-backpack/p/469396675_black?
OZUKO,APEX Range One Size Backpack,"₹13,260",,,,https://www.ajio.com/ozuko-apex-range-one-size-backpack/p/701317604_grey?
MOKOBARA,Men Padded Laptop Backpack,"₹9,999",4.3,11,,https://www.ajio.com/mokobara-men-padded-laptop-backpack-/p/701164143_navy?
Strap It,Men Laptop Backpack with Zip Closure,"₹3,250",2.6,5,,https://www.ajio.com/strap-it-men-laptop-backpack-with-zip-closure/p/466320547_blue?
Deuter,Men Graphic Everyday Back Pack,"₹7,999",,,,https://www.ajio.com/deuter-men-graphic-everyday-back-pack/p/702451481_mustard?
Decathlon,Unisex Carrying Comfort Office Backpack with Laptop Compartment 15L,"₹2,999",,,,https://www.ajio.com/decathlon-unisex-carrying-comfort-office-backpack-with-laptop-compartment-15l/p/702221597_black?
Decathlon,Forclaz - Unisex Compact Design Travel Backpack 10L,₹299,,,,https://www.ajio.com/decathlon-forclaz--unisex-compact-design-travel-backpack-10l/p/702222061_black?
NIKE,Heritage Brand Print Backpack,"₹1,696",,,,https://www.ajio.com/nike-heritage-brand-print-backpack/p/469811197_yellow?
YOUSTA,Men Laptop Backpack,₹799,,,,https://www.ajio.com/yousta-men-laptop-backpack/p/443701294_black?
POLICE,Men Backpack with Adjustable Strap & Zip Closure,"₹2,200",4.8,6,,https://www.ajio.com/police-men-backpack-with-adjustable-strap--zip-closure/p/701377503_black?
Decathlon,Quechua - Unisex Arpenaz 100 Abrasion Resistant Hiking Backpacks 27L,"₹1,699",2.5,4,,https://www.ajio.com/decathlon-quechua--unisex-arpenaz-100-abrasion-resistant-hiking-backpacks-27l/p/703125513_grey?
Wildcraft,Men Brand Print Backpack with Adjustable Straps,"₹1,359",3.5,6,,https://www.ajio.com/wildcraft-men-brand-print-backpack-with-adjustable-straps/p/451016570_navy?
MOVE-MEANT,Men Typographic Print Backpack with Zip Closure,₹630,3.3,4,,https://www.ajio.com/move-meant-men-typographic-print-backpack-with-zip-closure/p/700352395_black?
UNITED COLORS OF BENETTON,Men Stylish Back Pack,"₹1,979",4.2,10,,https://www.ajio.com/united-colors-of-benetton-men-stylish-back-pack/p/700410174_navy?
TOMMY HILFIGER,Men Casual Day Back Pack,"₹1,799",3.7,11,,https://www.ajio.com/tommy-hilfiger-men-casual-day-back-pack/p/700684823_navy?
Reebok,Backpack with Adjustable Shoulder Strap,₹900,3.5,4,,https://www.ajio.com/reebok-backpack-with-adjustable-shoulder-strap/p/467059589_blue?
Columbia,Unisex Zigzag II 22L Backpack,"₹3,499",3,3,,https://www.ajio.com/columbia-unisex-zigzag-ii-22l-backpack/p/701064559_black?
Wildcraft,Men Laptop Back Pack,"₹2,078",3.5,2,,https://www.ajio.com/wildcraft-men-laptop-back-pack/p/701324918_blue?
MOKOBARA,Men Laptop Back Pack,"₹7,999",4.5,6,,https://www.ajio.com/mokobara-men-laptop-back-pack/p/701365752_grey?
Puma,Printed Backpack,"₹1,799",,,,https://www.ajio.com/puma-printed-backpack/p/700683865_grey?
Wildcraft,Men Backpack with Multiple Compartments,"₹2,706",4.8,8,,https://www.ajio.com/wildcraft-men-backpack-with-multiple-compartments/p/701287054_navy?
Tortoise,"15"" Laptop Backpack with Adjustable Straps","₹1,980",4.3,3,,https://www.ajio.com/tortoise-15-laptop-backpack-with-adjustable-straps/p/469135087_lightbrown?
Pazzo,Sky Tourister Medium 22 L Laptop Backpack,₹499,3.9,17,,https://www.ajio.com/pazzo-sky-tourister-medium-22-l-laptop-backpack/p/469183526_grey?
MOKOBARA,Men Back Pack,"₹3,299",5,3,,https://www.ajio.com/mokobara-men-back-pack/p/701422263_green?
Columbia,Men Travel Backpack with Adjustable Strap,"₹2,499",,,,https://www.ajio.com/columbia-men-travel-backpack-with-adjustable-strap/p/701139015_black?
Puma,Men Printed Backpack,"₹1,200",4.1,12,,https://www.ajio.com/puma-men-printed-backpack/p/701421852_blue?
Wildcraft,Men Backpack with Multiple Compartments,"₹1,999",3.6,11,,https://www.ajio.com/wildcraft-men-backpack-with-multiple-compartments/p/701287003_blue?
Jack & Jones,Men Back Pack,"₹1,600",1.3,3,,https://www.ajio.com/jack--jones-men-back-pack/p/701302884_blue?
ASTELLER,Women Embellished Back Pack,₹766,,,,https://www.ajio.com/asteller-women-embellished-back-pack/p/701746226_multi?
Hummel,Men Back Pack with Adjustable Strap,₹495,,,,https://www.ajio.com/hummel-men-back-pack-with-adjustable-strap/p/701450899_grey?
Assembly,Men Back Pack with Buckle Closure,"₹3,299",2.5,2,,https://www.ajio.com/assembly-men-back-pack-with-buckle-closure/p/701483663_grey?
HUGO,Signature Logo Backpack,"₹24,000",,,,https://www.ajio.com/hugo-signature-logo-backpack/p/410516835_001?
SAFARI,"Unisex Zen 1 17"" Formal Laptop Backpack","₹1,515",,,,https://www.ajio.com/safari-unisex-zen-1-17-formal-laptop-backpack/p/4944435290_multi?
F-GEAR,Striped Everyday Backpack with Adjustable Straps,₹800,,,https://assets-jiocdn.ajio.com/medias/sys_master/root1/20251126/cnCa/6926ffc388d6d62ff80c6ef0/f-gear_black_%26_blue_striped_everyday_backpack_with_adjustable_straps.jpg,https://www.ajio.com/f-gear-striped-everyday-backpack-with-adjustable-straps/p/469274063_blue?
ZIPLINE,Striped Backpack with Adjustable Strap,₹950,5,3,https://assets-jiocdn.ajio.com/medias/sys_master/root/20240102/qfO8/6593ecb0ddf7791519fbd09b/zipline_blue_striped_backpack_with_adjustable_strap.jpg,https://www.ajio.com/zipline-striped-backpack-with-adjustable-strap/p/466937165_blue?
ZIPLINE,Striped Backpack with Adjustable Strap,₹950,5,3,,https://www.ajio.com/zipline-striped-backpack-with-adjustable-strap/p/466937165_black?
F-GEAR,Men Brand Print Laptop Backpack,"₹1,190",5,2,https://assets-jiocdn.ajio.com/medias/sys_master/root/20250513/seP1/6823304a55340d4b4f304846/f-gear_aqua_blue_men_brand_print_laptop_backpack.jpg,https://www.ajio.com/f-gear-men-brand-print-laptop-backpack/p/469736515_aquablue?
Reebok,Solid Backpacks Bags,"₹1,000",3.5,4,https://assets-jiocdn.ajio.com/medias/sys_master/root/20231124/2Ku3/6560c824ddf779151999f07a/reebok__solid_backpacks_bags.jpg,https://www.ajio.com/reebok-solid-backpacks-bags/p/469050064_blue?
Lunar's,Panelled Backpack with Adjustable Straps,₹849,3.6,39,,https://www.ajio.com/lunar-s-panelled-backpack-with-adjustable-straps/p/469183449_blue?
Tortoise,"15"" Laptop Backpack with Adjustable Straps","₹1,980",,,,https://www.ajio.com/tortoise-15-laptop-backpack-with-adjustable-straps/p/469135086_darkbrown?
POLICE,Colourblock Laptop Backpack with Adjustable Shoulder Strap,₹879,2.5,2,,https://www.ajio.com/police-colourblock-laptop-backpack-with-adjustable-shoulder-strap/p/702678912_navy?
F-GEAR,Men Typographic Print Backpack with Adjustable Straps,"₹1,198",,,,https://www.ajio.com/f-gear-men-typographic-print-backpack-with-adjustable-straps/p/702520158_black?
Decathlon,Kipsta - Unisex Carrying Comfort Sports Backpack 17L,₹909,,,,https://www.ajio.com/decathlon-kipsta--unisex-carrying-comfort-sports-backpack-17l/p/702221863_black?
MOKOBARA,Men Laptop Backpack,"₹4,299",4.5,17,,https://www.ajio.com/mokobara-men-laptop-backpack/p/702117801_blue?
Skybags,Unisex Propack Plus Anti‑Theft Laptop Backpack for Office & Travel - 36L,"₹2,334",,,,https://www.ajio.com/skybags-unisex-propack-plus-anti-theft-laptop-backpack-for-office--travel--36l/p/702113044_black?
Puma,Logo Back Pack,"₹2,176",,,,https://www.ajio.com/puma-logo-back-pack/p/702045520_black?
TOMMY HILFIGER,Logo Print Everyday Back Pack,"₹1,874",2,2,,https://www.ajio.com/tommy-hilfiger-logo-print-everyday-back-pack/p/702171979_maroon?
Wildcraft,Textured Backpack with Adjustable Shoulder Straps,"₹1,159",,,,https://www.ajio.com/wildcraft-textured-backpack-with-adjustable-shoulder-straps/p/460169541_blue?
TOMMY HILFIGER,Unisex High School Backpack,"₹2,910",,,,https://www.ajio.com/tommy-hilfiger-unisex-high-school-backpack/p/443805070_navy?
TEAKWOOD LEATHERS,Men Everyday Zip Closure Back Pack,₹450,,,,https://www.ajio.com/teakwood-leathers-men-everyday-zip-closure-back-pack/p/701945618_black?
KOSHER,Men Laptop Backpack with Multiple Pockets,₹606,,,,https://www.ajio.com/kosher-men-laptop-backpack-with-multiple-pockets/p/702048568_black?
KOSHER,Men Typographic Print Backpack with Adjustable Strap,₹592,,,,https://www.ajio.com/kosher-men-typographic-print-backpack-with-adjustable-strap/p/702055244_blue?
The Souled Store,Solids Neon Green|The Souled Store - Men Backpack with Adjustable Straps,"₹1,520",,,,https://www.ajio.com/the-souled-store-solids-neon-green-the-souled-store--men-backpack-with-adjustable-straps/p/703056690_seagreen?
The Souled Store,Nimbus Mint Bite|The Souled Store - Men Water-Resistant Travel Backpack,"₹1,715",,,,https://www.ajio.com/the-souled-store-nimbus-mint-bite-the-souled-store--men-water-resistant-travel-backpack/p/703061155_green?
LACOSTE,Abstract Classics Backpack,"₹14,490",,,,https://www.ajio.com/lacoste-abstract-classics-backpack/p/703095104_black?
Columbia,Unisex Landroamer 32L Backpack,"₹7,499",,,,https://www.ajio.com/columbia-unisex-landroamer-32l-backpack/p/702754304_blue?
PROVOGUE,Men Roll-Top Backpack with Adjustable Shoulder Strap,"₹1,610",,,,https://www.ajio.com/provogue-men-roll-top-backpack-with-adjustable-shoulder-strap-/p/702962978_black?
TOMMY HILFIGER,Solid Blue Nylon Backpack,"₹4,558",,,,https://www.ajio.com/tommy-hilfiger-solid-blue-nylon-backpack/p/702937768_blue?
Skybags,Unisex Propack Laptop Compatible Backpack for Office & Travel - 32L,"₹1,820",,,,https://www.ajio.com/skybags-unisex-propack-laptop-compatible-backpack-for-office--travel--32l/p/702117526_blue?
F-GEAR,Men Graphic Print Backpack with Padded Shoulder Straps,₹725,,,,https://www.ajio.com/f-gear-men-graphic-print-backpack-with-padded-shoulder-straps/p/701989798_blue?
TOMMY HILFIGER,"15"" Laptop Backpack with Adjustable Straps","₹2,589",,,,https://www.ajio.com/tommy-hilfiger-15-laptop-backpack-with-adjustable-straps/p/469371475_blue?
TOMMY HILFIGER,Men Laptop Backpack with Zip Closure & Adjustable Strap,"₹2,404",4.3,33,,https://www.ajio.com/tommy-hilfiger-men-laptop-backpack-with-zip-closure--adjustable-strap/p/700529326_navy?
TOMMY HILFIGER,Logo Print Everyday Back Pack,"₹1,624",,,,https://www.ajio.com/tommy-hilfiger-logo-print-everyday-back-pack/p/702171983_navy?
TOMMY HILFIGER,Laptop Backpack with Logo Applique,"₹2,989",4,71,,https://www.ajio.com/tommy-hilfiger-laptop-backpack-with-logo-applique/p/467063884_wine?
Decathlon,Quechua - Women Cooler 100 Insulated Hiking Bag 20L,"₹1,999",,,,https://www.ajio.com/decathlon-quechua--women-cooler-100-insulated-hiking-bag-20l/p/703115065_beige?
Wildcraft,Unisex Backpack with Adjustable Straps,"₹1,699",,,,https://www.ajio.com/wildcraft-unisex-backpack-with-adjustable-straps/p/4929137230_multi?
SUPERDRY,Aviator Laptop Backpack,"₹6,599",,,,https://www.ajio.com/superdry-aviator-laptop-backpack/p/410436116_18e?
Wildcraft,Unisex Graphic Print Everyday Backpack with Adjustable Straps,"₹1,493",5,2,,https://www.ajio.com/wildcraft-unisex-graphic-print-everyday-backpack-with-adjustable-straps/p/4945751500_multi?
TOMMY HILFIGER,Unisex High School Backpack,"₹2,910",,,,https://www.ajio.com/tommy-hilfiger-unisex-high-school-backpack/p/443805070_blue?
Skybags,Unisex Transit 17 Inch Compatible Laptop Backpack with Rain Cover - 29L,"₹2,250",,,,https://www.ajio.com/skybags-unisex-transit-17-inch-compatible-laptop-backpack-with-rain-cover--29l/p/4947749340_multi?
Wildcraft,Men Printed Backpack with Adjustable Straps,"₹2,595",4,15,,https://www.ajio.com/wildcraft-men-printed-backpack-with-adjustable-straps/p/442171991_grey?
Wiki,Unisex Checked Backpack with Adjustable Straps,"₹1,084",2.8,4,,https://www.ajio.com/wiki-unisex-checked-backpack-with-adjustable-straps/p/451019332_red?
Wildcraft,Unisex Laptop Back Pack,"₹1,623",,,,https://www.ajio.com/wildcraft-unisex-laptop-back-pack/p/701336371_seagreen?
MOKOBARA,Mini Zip-Around Logo Back Pack,"₹6,999",3.8,6,,https://www.ajio.com/mokobara-mini-zip-around-logo-back-pack/p/701334660_black?
Decathlon,Solognac - Unisex Robustness Laptop Compatible Wildlife Bags 20L,"₹1,499",,,,https://www.ajio.com/decathlon-solognac--unisex-robustness-laptop-compatible-wildlife-bags-20l/p/702221421_green?
Decathlon,Forclaz - Unisex Capacity Travel Backpack 15L,₹699,,,,https://www.ajio.com/decathlon-forclaz--unisex-capacity-travel-backpack-15l/p/702222047_blue?
Decathlon,Solognac - Unisex Camo Water Repellent Wildlife Backpack 20 L,"₹1,169",,,,https://www.ajio.com/decathlon-solognac--unisex-camo-water-repellent-wildlife-backpack-20-l/p/702221848_black?
Decathlon,Unisex Carrying Comfort Sports Backpack 17L,₹959,,,,https://www.ajio.com/decathlon-unisex-carrying-comfort-sports-backpack-17l/p/702222029_black?
Decathlon,Unisex Modularity Football Backpack 25 L,"₹1,999",3,2,https://assets-jiocdn.ajio.com/medias/sys_master/root1/20251113/nQOZ/6915fe36a470c5082f8d1a90/decathlon_black_unisex_modularity_football_backpack_25_l.jpg,https://www.ajio.com/decathlon-unisex-modularity-football-backpack-25-l/p/702222173_black?
TOMMY HILFIGER,"15"" Checked Laptop Backpack","₹2,399",,,https://assets-jiocdn.ajio.com/medias/sys_master/root/20200829/dZpN/5f4962b7f997dd6918b07865/tommy_hilfiger_red_15%22_checked_laptop_backpack.jpg,https://www.ajio.com/tommy-hilfiger-15-checked-laptop-backpack/p/460612636_red?
SUPERDRY,Skyline Laptop Backpack,"₹6,999",,,,https://www.ajio.com/superdry-skyline-laptop-backpack/p/410436119_31o?
Skybags,Unisex Elevate 17 Inch Compatible Laptop Backpack with USB Charging Port - 24L,"₹3,125",,,https://assets-jiocdn.ajio.com/medias/sys_master/root1/20260608/jLWV/6a26c893fcb5bb61d2128096/skybags_brown_unisex_elevate_17_inch_compatible_laptop_backpack_with_usb_charging_port_-_24l.jpg,https://www.ajio.com/skybags-unisex-elevate-17-inch-compatible-laptop-backpack-with-usb-charging-port--24l/p/4947748940_multi?
Skybags,Men Offroader 02 Biking Everyday Backpack,"₹1,260",3.6,16,https://assets-jiocdn.ajio.com/medias/sys_master/root/20240527/zHG6/66544a3305ac7d77bb7e024d/skybags_red_men_offroader_02_biking_everyday_backpack.jpg,https://www.ajio.com/skybags-men-offroader-02-biking-everyday-backpack/p/4932177350_multi?
SAFARI,"Unisex Impact 16"" Laptop Backpack","₹1,096",,,,https://www.ajio.com/safari-unisex-impact-16-laptop-backpack/p/442425635_grey?
SPYKAR,Everyday Back Pack with Laptop Compartment,"₹1,450",4,32,,https://www.ajio.com/spykar-everyday-back-pack-with-laptop-compartment/p/465362224_black?
ARMANI EXCHANGE,Alex Backapck with Logo Branding,"₹14,699",,,,https://www.ajio.com/armani-exchange-alex-backapck-with-logo-branding/p/410561073_uc001?
AMERICAN TOURISTER,"Men 17"" Sigma 3.0 Laptop Backpack","₹2,400",,,,https://www.ajio.com/american-tourister-men-17-sigma-3-0-laptop-backpack/p/442171763_biege?
Skybags,"Unisex Yellove CSK 15.6"" Compatible Laptop Backpack with Rain Cover-21L","₹1,562",,,,https://www.ajio.com/skybags-unisex-yellove-csk-15-6-compatible-laptop-backpack-with-rain-cover-21l/p/4947749490_multi?
Skybags,Unisex Tribe Pro 14 Inch Laptop Compatible Backpack with Inside Mesh Bottle Pocket - 18L,₹823,3.5,4,,https://www.ajio.com/skybags-unisex-tribe-pro-14-inch-laptop-compatible-backpack-with-inside-mesh-bottle-pocket--18l/p/442172096_blue?
POLICE,Bretha 15'' Laptop Backpack with Adjustable Straps,₹712,,,,https://www.ajio.com/police-bretha-15--laptop-backpack-with-adjustable-straps/p/466016121_grey?
SAFARI,"Unisex Impact 16"" Laptop Backpack","₹1,096",,,,https://www.ajio.com/safari-unisex-impact-16-laptop-backpack/p/442425635_blue?
Puma,Goal Core Football Backpack,"₹1,110",4.7,9,,https://www.ajio.com/puma-goal-core-football-backpack/p/469682334_blue?
Puma,Men teamGOAL Premium XL Football Backpack,"₹1,502",4.5,2,,https://www.ajio.com/puma-men-teamgoal-premium-xl-football-backpack/p/469755376_red?
Puma,Academy Backpack,"₹2,499",,,,https://www.ajio.com/puma-academy-backpack/p/469452874_pink?
ZIPLINE,"16"" Printed Back Pack with Adjustable Straps",₹855,2.9,15,,https://www.ajio.com/zipline-16-printed-back-pack-with-adjustable-straps/p/463937805_grey?
Skybags,Unisex Flik Casual Daypack with 1 Main Compartment Quick Access Pocket - 15L,₹894,,,,https://www.ajio.com/skybags-unisex-flik-casual-daypack-with-1-main-compartment-quick-access-pocket--15l/p/467134481_white?
TOMMY HILFIGER,"15"" Colourblock Laptop Backpack with Zip Pocket","₹2,399",4.3,3,,https://www.ajio.com/tommy-hilfiger-15-colourblock-laptop-backpack-with-zip-pocket/p/460612598_yellow?
Wiki,Unisex Backpack with Adjustable Straps,"₹1,307",3.7,3,,https://www.ajio.com/wiki-unisex-backpack-with-adjustable-straps/p/451019328_red?
Pazzo,Floral Print Back Pack,₹860,,,,https://www.ajio.com/pazzo-floral-print-back-pack/p/466885112_blue?
ZIPLINE,Men Printed Backpack with Side Mesh Pockets,₹950,,,,https://www.ajio.com/zipline-men-printed-backpack-with-side-mesh-pockets/p/466925817_blue?
ZIPLINE,Floral Print Backpack with Adjustable Strap,"₹1,110",5,3,,https://www.ajio.com/zipline-floral-print-backpack-with-adjustable-strap/p/466937170_pink?
Puma,Colourblock Everyday Backpack,"₹1,739",,,,https://www.ajio.com/puma-colourblock-everyday-backpack/p/466692600_yellow?
Puma,Logo Print Everyday Backpack,"₹2,499",,,,https://www.ajio.com/puma-logo-print-everyday-backpack/p/466999885_blue?
ZIPLINE,Solid Everyday Backpack,"₹1,000",3.6,36,,https://www.ajio.com/zipline-solid-everyday-backpack/p/463938053_black?
ZIPLINE,Men Printed Backpack with Adjustable Straps,₹950,2.9,15,,https://www.ajio.com/zipline-men-printed-backpack-with-adjustable-straps/p/463937805_green?
Puma,Logo Embossed Buzz Small Backpack,"₹1,118",3,3,,https://www.ajio.com/puma-logo-embossed-buzz-small-backpack/p/469767606_blackyellow?
F-GEAR,Everyday Backpack with Adjustable Straps,₹800,4.1,39,,https://www.ajio.com/f-gear-everyday-backpack-with-adjustable-straps/p/469307233_orange?
ADIDAS,Motion Bos Bp Sports Bag,"₹2,246",,,,https://www.ajio.com/adidas-motion-bos-bp-sports-bag/p/469610639_black?
NIKE,Aura Backpack,"₹3,651",,,,https://www.ajio.com/nike-aura-backpack/p/469807532_purple?
F-GEAR,Men Brand Print Laptop Backpack,"₹1,190",,,,https://www.ajio.com/f-gear-men-brand-print-laptop-backpack/p/469736512_green?
PROVOGUE,Men Colourblocked Backpack with Adjustable Strap,"₹1,801",,,,https://www.ajio.com/provogue-men-colourblocked-backpack-with-adjustable-strap/p/703160643_blue?
BEWAKOOF,Unisex Miltary Camo Printed Laptop Backpack,₹999,,,,https://www.ajio.com/bewakoof-unisex-miltary-camo-printed-laptop-backpack/p/703159997_green?
PROVOGUE,Men Colourblock Backpack with Adjustable Strap,"₹1,610",,,,https://www.ajio.com/provogue-men-colourblock-backpack-with-adjustable-strap/p/703172332_red?
Decathlon,Quechua - Unisex Escape 500 Multi Pocket Robustness Hiking Backpacks 32L,"₹4,709",,,,https://www.ajio.com/decathlon-quechua--unisex-escape-500-multi-pocket-robustness-hiking-backpacks-32l/p/703114783_green?
SAFARI,Men Ronin 30L Formal Laptop Backpack,"₹2,990",,,,https://www.ajio.com/safari-men-ronin-30l-formal-laptop-backpack/p/703346823_green?
SAFARI,Men Xyro 25L Formal Laptop Backpack,"₹2,709",,,,https://www.ajio.com/safari-men-xyro-25l-formal-laptop-backpack-/p/703346291_blue?
The Souled Store,Utility Backpack Army Green|The Souled Store - Men Backpack with Adjustable Strap,"₹2,469",,,,https://www.ajio.com/the-souled-store-utility-backpack-army-green-the-souled-store--men-backpack-with-adjustable-strap/p/703079235_olive?
Decathlon,Quechua - Unisex Arpenaz 100 Abrasion Resistant Hiking Backpacks 27L,"₹1,999",,,,https://www.ajio.com/decathlon-quechua--unisex-arpenaz-100-abrasion-resistant-hiking-backpacks-27l/p/703114796_orange?
WROGN,Polyester Everyday Backpack,"₹1,999",,,,https://www.ajio.com/wrogn-polyester-everyday-backpack/p/703111917_black?
LACOSTE,Brand Print Backpack with Adjustable Shoulder Strap,"₹8,260",,,,https://www.ajio.com/lacoste-brand-print-backpack-with-adjustable-shoulder-strap/p/703396976_blue?
ARISTOCRAT,Men Geometric Print Backpack with Adjustable Strap,"₹1,099",,,,https://www.ajio.com/aristocrat-men-geometric-print-backpack-with-adjustable-strap/p/703418296_beige?
ARISTOCRAT,Men Colourblock Backpack with Adjustable Strap,"₹1,599",,,,https://www.ajio.com/aristocrat-men-colourblock-backpack-with-adjustable-strap/p/703418810_red?
ARISTOCRAT,Men Laptop Backpack with Tablet Sleeve,₹819,,,,https://www.ajio.com/aristocrat-men-laptop-backpack-with-tablet-sleeve/p/703321410_black?
Puma,Cricket Backpack with Logo Patch,"₹1,924",,,https://assets-jiocdn.ajio.com/medias/sys_master/root1/20260504/0Hne/69f8a33414d0c21719b528ac/puma_grey_cricket_backpack_with_logo_patch.jpg,https://www.ajio.com/puma-cricket-backpack-with-logo-patch/p/703408804_grey?
ARISTOCRAT,Men Geometric Print Backpack with Adjustable Strap,"₹2,000",,,https://assets-jiocdn.ajio.com/medias/sys_master/root1/20260507/Tvye/69fba5effcb5bb61d2a6fc83/aristocrat_blue_men_geometric_print_backpack_with_adjustable_strap.jpg,https://www.ajio.com/aristocrat-men-geometric-print-backpack-with-adjustable-strap/p/703418296_blue?
Urban Ranger by Pantaloons,Men Laptop Backpack,"₹1,049",,,,https://www.ajio.com/urban-ranger-by-pantaloons-men-laptop-backpack/p/703578465_grey?
VAN HEUSEN,Travel Backpack with Zip Closure,"₹1,624",5,2,https://assets-jiocdn.ajio.com/medias/sys_master/root/20221018/dzA2/634e96b7aeb269659c4b644d/van_heusen_black_travel_backpack_with_zip_closure.jpg,https://www.ajio.com/van-heusen-travel-backpack-with-zip-closure/p/469339121_black?
Call it spring,Men Everyday Backpack with Adjustable Strap,"₹4,199",,,https://assets-jiocdn.ajio.com/medias/sys_master/root/20240812/BhzI/66b915a21d763220fa70f9f7/call_it_spring_navy_blue_men_everyday_backpack_with_adjustable_strap.jpg,https://www.ajio.com/call-it-spring-men-everyday-backpack-with-adjustable-strap/p/700279072_navy?
ARMANI EXCHANGE,Gerard Brand Embossed Backpack,"₹13,799",3.5,2,,https://www.ajio.com/armani-exchange-gerard-brand-embossed-backpack/p/410532890_uc001?
MOKOBARA,Men Padded Laptop Backpack,"₹9,999",4.3,11,,https://www.ajio.com/mokobara-men-padded-laptop-backpack-/p/701164143_black?
Puma,Team Goal V1 Everyday Backpack,₹994,,,,https://www.ajio.com/puma-team-goal-v1-everyday-backpack/p/469759970_red?
Puma,SUPER All-Over Print Large Backpack,"₹2,499",3.8,10,,https://www.ajio.com/puma-super-all-over-print-large-backpack/p/701633325_grey?
MOKOBARA,Water-Resistant Material Everyday Back Pack,"₹4,299",4.5,17,,https://www.ajio.com/mokobara-water-resistant-material-everyday-back-pack/p/702117801_black?
MOKOBARA,Men Colourblock Backpack with Adjustable Shoulder Strap,"₹8,000",5,4,,https://www.ajio.com/mokobara-men-colourblock-backpack-with-adjustable-shoulder-strap/p/702165283_brown?
AMERICAN TOURISTER,"Men 17"" Sigma 3.0 Laptop Backpack","₹2,400",,,,https://www.ajio.com/american-tourister-men-17-sigma-3-0-laptop-backpack/p/442171763_green?
THOMAS SCOTT,Men Laptop Back Pack,"₹1,299",,,,https://www.ajio.com/thomas-scott-men-laptop-back-pack/p/702393362_grey?
Wildcraft,Unisex Backpack with Multiple Compartments,"₹1,699",2.8,5,,https://www.ajio.com/wildcraft-unisex-backpack-with-multiple-compartments/p/701286995_black?
F-GEAR,Men Laptop Backpack with Adjustable Strap,"₹1,832",3.7,3,,https://www.ajio.com/f-gear-men-laptop-backpack-with-adjustable-strap/p/702527021_black?
Puma,Men Printed Backpack,"₹1,345",3.8,9,,https://www.ajio.com/puma-men-printed-backpack/p/701421908_blue?
NIKE,Y Classic Backpack,"₹1,995",3.7,23,,https://www.ajio.com/nike-y-classic-backpack/p/460568243_black?
Puma,Team Goal Premium Xl Football Backpack,"₹1,827",,,,https://www.ajio.com/puma-team-goal-premium-xl-football-backpack/p/469755379_grey?
PERFORMAX,Men Logo Print Backpack,₹200,2.8,70,,https://www.ajio.com/performax-men-logo-print-backpack/p/442125082_blue?
MOKOBARA,Men Everyday Backpack with Adjustable Straps,"₹4,799",4.5,45,,https://www.ajio.com/mokobara-men-everyday-backpack-with-adjustable-straps/p/467060656_black?
Reebok,Back Pack with Adjustable Shoulder Strap,"₹1,500",3,2,,https://www.ajio.com/reebok-back-pack-with-adjustable-shoulder-strap/p/467043440_black?
FUR JADEN,Backpack with Adjustable Shoulder Strap,"₹3,499",3.8,28,,https://www.ajio.com/fur-jaden-backpack-with-adjustable-shoulder-strap/p/466257375_black?
Skybags,Unisex Xelius XL 17 Inch Laptop Backpack with 2 Compartment - 25L,"₹2,668",3.9,19,,https://www.ajio.com/skybags-unisex-xelius-xl-17-inch-laptop-backpack-with-2-compartment--25l/p/442172112_black?
Skybags,Unisex BFF2 Colourblock Casual Backpack with Adjustable Strap - 21L,"₹1,710",3.5,15,,https://www.ajio.com/skybags-unisex-bff2-colourblock-casual-backpack-with-adjustable-strap--21l/p/4932176990_multi?
VENEER,Men Backpack with Zip Closure & Adjustable Strap,"₹1,080",4.4,29,,https://www.ajio.com/veneer-men-backpack-with-zip-closure--adjustable-strap/p/466951287_grey?
F-GEAR,Unisex Geometric Print Everyday Backpack,"₹1,320",3.8,30,,https://www.ajio.com/f-gear-unisex-geometric-print-everyday-backpack/p/469513471_multicolor?
Carriall,Laptop Backpack with Adjustable Straps,"₹1,499",3.1,28,,https://www.ajio.com/carriall-laptop-backpack-with-adjustable-straps/p/465853976_black?
Leather World,Textured Back Pack with Adjustable Strap,"₹1,000",3.5,139,,https://www.ajio.com/leather-world-textured-back-pack-with-adjustable-strap/p/462389200_multi?
Aeropostale,Men Typographic Print Backpack with Bottle Holder,₹840,,,,https://www.ajio.com/aeropostale-men-typographic-print-backpack-with-bottle-holder/p/467054862_navy?
Lunar's,Panelled Backpack with Adjustable Shoulder Straps,₹850,3.6,13,,https://www.ajio.com/lunar-s-panelled-backpack-with-adjustable-shoulder-straps/p/460523009_black?
ARMANI EXCHANGE,Nappa Effect Laptop Backpack,"₹10,000",,,,https://www.ajio.com/armani-exchange-nappa-effect-laptop-backpack/p/410394402_05139?
UNITED COLORS OF BENETTON,Men Everyday Backpack with Adjustable Straps,"₹2,249",3.3,30,,https://www.ajio.com/united-colors-of-benetton-men-everyday-backpack-with-adjustable-straps-/p/467066737_grey?
F-GEAR,"17"" Laptop Backpack-Cum-Messenger Bag","₹2,980",4.1,123,,https://www.ajio.com/f-gear-17-laptop-backpack-cum-messenger-bag/p/469001770_black?
Deuter,Men Typographic Print Backpack with Zip Closure,"₹2,999",,,,https://www.ajio.com/deuter-men-typographic-print-backpack-with-zip-closure/p/467123870_red?
ft frequent Traveller,Men Laptop Backpack with Multiple Pockets,"₹3,495",,,,https://www.ajio.com/ft-frequent-traveller-men-laptop-backpack-with-multiple-pockets/p/700312731_olive?
Puma,Men Printed Backpack,"₹1,200",4.3,7,,https://www.ajio.com/puma-men-printed-backpack/p/701421909_blue?
Travel Blue,Men Logo Pattern Laptop Back Pack,"₹2,657",,,,https://www.ajio.com/travel-blue-men-logo-pattern-laptop-back-pack/p/700294328_black?
Art N Vintage,Men Back Pack,"₹16,649",,,,https://www.ajio.com/art-n-vintage-men-back-pack-/p/466725317_beige?
Scarters,Men Graphic Everyday Back Pack,"₹11,799",,,,https://www.ajio.com/scarters-men-graphic-everyday-back-pack/p/702517394_blue?
OZUKO,APEX Range One Size Backpack,"₹13,260",,,,https://www.ajio.com/ozuko-apex-range-one-size-backpack/p/701317459_black?
Strap It,Back Pack with Adjustable Straps,"₹3,500",3.8,18,,https://www.ajio.com/strap-it-back-pack-with-adjustable-straps/p/464213521_olive?
Strap It,Men Laptop Backpack with Zip Closure,"₹3,250",3.7,7,,https://www.ajio.com/strap-it-men-laptop-backpack-with-zip-closure/p/466320520_multi?
Travel Blue,Laptop Backpack with Adjustable Straps,"₹5,249",3.5,2,,https://www.ajio.com/travel-blue-laptop-backpack-with-adjustable-straps/p/700291234_black?
Puma,Men Phase Brand Print Backpack,₹900,3.3,7,,https://www.ajio.com/puma-men-phase-brand-print-backpack/p/469755463_green?
Travel Blue,Laptop Backpack with Adjustable Straps,"₹3,149",,,,https://www.ajio.com/travel-blue-laptop-backpack-with-adjustable-straps/p/700291341_navy?
UNITED COLORS OF BENETTON,Men Printed Laptop Backpack,"₹2,429",2,3,https://assets-jiocdn.ajio.com/medias/sys_master/root/20240103/1adw/65956685ddf7791519ff3916/united_colors_of_benetton_black_men_printed_laptop_backpack.jpg,https://www.ajio.com/united-colors-of-benetton-men-printed-laptop-backpack/p/466943283_black?
ZIPLINE,Typographic Print Everyday Backpack,₹855,4.1,21,https://assets-jiocdn.ajio.com/medias/sys_master/root/20230621/L9PP/6492a40fd55b7d0c6393860c/zipline_blue_typographic_print_everyday_backpack.jpg,https://www.ajio.com/zipline-typographic-print-everyday-backpack/p/463937604_blue?
French Accent,Men Leather Backpack with Adjustable Strap,"₹2,241",3.8,5,,https://www.ajio.com/french-accent-men-leather-backpack-with-adjustable-strap-/p/466495242_brown?
F-GEAR,"Water-Resistant 18"" Laptop Backpack","₹2,980",4.4,155,https://assets-jiocdn.ajio.com/medias/sys_master/root/20211009/pstc/616095b1f997ddce890e7536/f-gear_brown_water-resistant_18%22_laptop_backpack.jpg,https://www.ajio.com/f-gear-water-resistant-18-laptop-backpack/p/469001768_brown?
VENEER,Men Croc-Embossed Backpack with Zip Closure,"₹1,350",4.3,4,https://assets-jiocdn.ajio.com/medias/sys_master/root/20240105/yfbo/65980ab254c30e627696dc86/veneer_black_men_croc-embossed_backpack_with_zip_closure.jpg,https://www.ajio.com/veneer-men-croc-embossed-backpack-with-zip-closure/p/466951281_black?
TOMMY HILFIGER,"18"" Laptop Backpack with Logo Applique","₹2,989",4.3,48,,https://www.ajio.com/tommy-hilfiger-18-laptop-backpack-with-logo-applique/p/467064118_wine?
VENEER,Men Back Pack with Adjustable Strap,"₹1,053",3.1,17,,https://www.ajio.com/veneer-men-back-pack-with-adjustable-strap/p/467123021_tan?
FUR JADEN,Backpack,"₹2,499",4.2,38,,https://www.ajio.com/fur-jaden-backpack/p/466257304_grey?
MOKOBARA,Men Everyday Backpack with Adjustable Straps,"₹5,999",4.2,28,,https://www.ajio.com/mokobara-men-everyday-backpack-with-adjustable-straps/p/467060670_black?
MOKOBARA,Men Front Zipper Back Pack,"₹7,499",4.4,13,,https://www.ajio.com/mokobara-men-front-zipper-back-pack/p/701400522_grey?
Puma,Men Everyday Backpack with Adjustable Straps,"₹1,570",4.3,16,,https://www.ajio.com/puma-men-everyday-backpack-with-adjustable-straps/p/469591213_brown?
F-GEAR,Girls Graphic Print Backpack,₹760,4.7,3,,https://www.ajio.com/f-gear-girls-graphic-print-backpack/p/469736495_purple?
Puma,Logo Debossed Buzz Backpack,"₹1,301",3,5,,https://www.ajio.com/puma-logo-debossed-buzz-backpack/p/469767598_navy?
ARMANI EXCHANGE,Laptop Backpack with Rubberized Zip,"₹9,500",3.5,2,,https://www.ajio.com/armani-exchange-laptop-backpack-with-rubberized-zip/p/410394395_07054?
French Accent,Men Leather Backpack with Adjustable Strap,"₹3,307",3,2,,https://www.ajio.com/french-accent-men-leather-backpack-with-adjustable-strap-/p/466495224_black?
DIESEL,Camouflage Print and Maxi Logo Zip-D-Bag,"₹20,000",,,,https://www.ajio.com/diesel-camouflage-print-and-maxi-logo-zip-d-bag/p/410570043_hb183?
ARMANI EXCHANGE,Men Okinawa Everyday Backpack with Logo Accent,"₹13,799",4,5,,https://www.ajio.com/armani-exchange-men-okinawa-everyday-backpack-with-logo-accent/p/410521543_u8092?
AMERICAN TOURISTER,"Men 17"" Sigma 3.0 Laptop Backpack","₹2,400",,,,https://www.ajio.com/american-tourister-men-17-sigma-3-0-laptop-backpack/p/442171763_blue?
Wildcraft,Unisex Geometric Print Water-Repellent Backpack,"₹1,439",4.5,6,,https://www.ajio.com/wildcraft-unisex-geometric-print-water-repellent-backpack/p/451019339_assorted?
MaheTri,Men Backpack with Padded Laptop Sleeve,"₹5,000",,,,https://www.ajio.com/mahetri-men-backpack-with-padded-laptop-sleeve/p/467049854_brown?
WALRUS,Men Everyday Padded Backpack,"₹1,094",,,,https://www.ajio.com/walrus-men-everyday-padded-backpack/p/700218018_tan?
SPYKAR,Men's Back Pack,₹650,,,,https://www.ajio.com/spykar-men-s-back-pack/p/701068685_black?
VENEER,Men Back Pack with Adjustable Strap,"₹1,053",3.1,17,,https://www.ajio.com/veneer-men-back-pack-with-adjustable-strap/p/467123021_grey?
TOMMY HILFIGER,Men Stylish Back Pack,"₹3,033",4.1,10,,https://www.ajio.com/tommy-hilfiger-men-stylish-back-pack/p/700552982_grey?
UNITED COLORS OF BENETTON,Men Typographic Print Backpack with Adjustable Strap,"₹1,934",4.6,7,,https://www.ajio.com/united-colors-of-benetton-men-typographic-print-backpack-with-adjustable-strap/p/467045523_green?
UNITED COLORS OF BENETTON,Men Typographic Print Backpack with Adjustable Strap,"₹1,754",4.5,13,,https://www.ajio.com/united-colors-of-benetton-men-typographic-print-backpack-with-adjustable-strap/p/467045610_grey?
MOKOBARA,The Unisex Multipurpose Briefcase Pro,"₹6,999",3.7,7,,https://www.ajio.com/mokobara-the-unisex-multipurpose-briefcase-pro/p/467073874_blue?
Aeropostale,Men Backpack with Adjustable Shoulder Straps,₹660,2.5,2,,https://www.ajio.com/aeropostale-men-backpack-with-adjustable-shoulder-straps/p/467054654_grey?
UNITED COLORS OF BENETTON,Men Printed Backpack with Adjustable Strap,"₹1,754",4.2,6,,https://www.ajio.com/united-colors-of-benetton-men-printed-backpack-with-adjustable-strap/p/467045752_black?
MOKOBARA,The Unisex Multipurpose Briefcase,"₹5,999",3.9,9,,https://www.ajio.com/mokobara-the-unisex-multipurpose-briefcase/p/467076413_grey?
Nasher Miles,Technology Laptop Backpack with Raincover - 31 L,"₹1,299",,,,https://www.ajio.com/nasher-miles-technology-laptop-backpack-with-raincover--31-l/p/701337840_blue?
Wiki,Men Crossbody Bag with Adjustable Strap,"₹2,922",,,,https://www.ajio.com/wiki-men-crossbody-bag-with-adjustable-strap/p/701320265_grey?
Wildcraft,Unisex Back Pack,"₹2,520",2.3,3,,https://www.ajio.com/wildcraft-unisex-back-pack/p/701316429_brown?
RED TAPE,Men Travel Back Pack,"₹2,400",3.7,3,,https://www.ajio.com/red-tape-men-travel-back-pack/p/701326519_navy?
Nasher Miles,Soho Roll-Top Laptop Backpack - 25 L,"₹2,199",,,,https://www.ajio.com/nasher-miles-soho-roll-top-laptop-backpack--25-l/p/701337745_black?
Nasher Miles,Chelsea Roll-Top Laptop Backpack - 28 L,"₹2,299",,,,https://www.ajio.com/nasher-miles-chelsea-roll-top-laptop-backpack--28-l/p/701337784_white?
Wiki,Men Back Pack,₹753,3.4,5,,https://www.ajio.com/wiki-men-back-pack/p/701316307_white?
OZUKO,Unisex One Size Backpack,"₹12,285",,,,https://www.ajio.com/ozuko-unisex-one-size-backpack/p/701335193_black?
Nasher Miles,Kinetics Laptop Backpack with Raincover - 45 L,"₹1,049",3.5,2,,https://www.ajio.com/nasher-miles-kinetics-laptop-backpack-with-raincover--45-l/p/701337837_blue?
Wildcraft,Men Laptop Back Pack,"₹2,809",4.2,5,,https://www.ajio.com/wildcraft-men-laptop-back-pack/p/701336357_grey?
SNITCH,Men Backpack with Adjustable Straps,"₹2,161",,,,https://www.ajio.com/snitch-men-backpack-with-adjustable-straps/p/700775869_silver?
OZUKO,GREAT NOMAD One Size Backpack,"₹13,585",,,,https://www.ajio.com/ozuko-great-nomad-one-size-backpack/p/701317504_black?
Wiki,Men Printed Everyday Back Pack,₹299,,,,https://www.ajio.com/wiki-men-printed-everyday-back-pack/p/701319182_purple?
Nasher Miles,History Laptop Backpack with Raincover - 31 L,"₹1,299",4.5,2,,https://www.ajio.com/nasher-miles-history-laptop-backpack-with-raincover--31-l/p/701337856_blue?
Wiki,Men Everyday Back Pack with Adjustable Strap,₹910,,,,https://www.ajio.com/wiki-men-everyday-back-pack-with-adjustable-strap/p/701319242_grey?
Nasher Miles,Queens Laptop Backpack with USB Charging - 22 L,"₹2,499",3.3,3,https://assets-jiocdn.ajio.com/medias/sys_master/root/20250317/fd8l/67d7f2142960820c49f0111b/nasher_miles_black_queens_laptop_backpack_with_usb_charging_-_22_l.jpg,https://www.ajio.com/nasher-miles-queens-laptop-backpack-with-usb-charging--22-l/p/701345881_black?
MOKOBARA,Men Logo Printed Back Pack,"₹6,999",,,https://assets-jiocdn.ajio.com/medias/sys_master/root/20250317/MK6w/67d80c332960820c49f33116/mokobara_mokogram_%28tofu%29_men_logo_printed_back_pack.jpg,https://www.ajio.com/mokobara-men-logo-printed-back-pack/p/701348104_black?
Nasher Miles,Coding Laptop Backpack with Raincover - 31 L,"₹1,299",,,,https://www.ajio.com/nasher-miles-coding-laptop-backpack-with-raincover--31-l/p/701337821_green?
Deuter,Unisex Logo Print Rucksack with Adjustable Shoulder Straps,"₹8,499",,,https://assets-jiocdn.ajio.com/medias/sys_master/root/20240925/95NB/66f40f5a260f9c41e8281b91/deuter_yellow_unisex_logo_print_rucksack_with_adjustable_shoulder_straps.jpg,https://www.ajio.com/deuter-unisex-logo-print-rucksack-with-adjustable-shoulder-straps/p/700406910_yellow?
SNITCH,Men Backpack with Adjustable Straps,"₹2,537",,,https://assets-jiocdn.ajio.com/medias/sys_master/root1/20251111/ooS1/6912c227a470c5082f850f34/snitch_black_men_backpack_with_adjustable_straps.jpg,https://www.ajio.com/snitch-men-backpack-with-adjustable-straps/p/700775887_black?
Wiki,Men Casual Back Pack,"₹1,499",4.5,2,,https://www.ajio.com/wiki-men-casual-back-pack/p/701286068_brown?
Wildcraft,Men Backpack with Multiple Compartments,"₹3,080",2.5,4,,https://www.ajio.com/wildcraft-men-backpack-with-multiple-compartments/p/701286986_white?
WALRUS,Men Leather Back Pack,"₹1,094",,,,https://www.ajio.com/walrus-men-leather-back-pack/p/700854664_grey?
Lino Perros,Men Harvard Sky Everyday Backpack,"₹2,198",,,,https://www.ajio.com/lino-perros-men-harvard-sky-everyday-backpack/p/469768453_olive?
OZUKO,9479 Backpack with Zip Closure,"₹6,250",,,,https://www.ajio.com/ozuko-9479-backpack-with-zip-closure/p/469481327_grey?
Lunar's,Monica Floral Print Backpack,₹599,3.6,17,,https://www.ajio.com/lunar-s-monica-floral-print-backpack/p/469183504_blue?
Wiki,Men Casual Back Pack,"₹2,099",,,,https://www.ajio.com/wiki-men-casual-back-pack/p/701286104_multi?
ASTELLER,Men Printed Everyday Back Pack,₹766,,,,https://www.ajio.com/asteller-men-printed-everyday-back-pack/p/701746224_multi?
Columbia,Unisex Helvetia II 14L Backpack,"₹5,499",,,,https://www.ajio.com/columbia-unisex-helvetia-ii-14l-backpack/p/701361809_brown?
EUME,Men Self-design Laptop Backpack,"₹3,999",,,,https://www.ajio.com/eume-men-self-design-laptop-backpack/p/701388764_black?
SPYKAR,Men Regular Fit Back Pack,₹950,3,2,,https://www.ajio.com/spykar-men-regular-fit-back-pack/p/701058769_black?
EUME,Men Self-design Laptop Backpack,"₹3,999",,,,https://www.ajio.com/eume-men-self-design-laptop-backpack/p/701423913_grey?
GUESS,Torino Compact Solid Backpack,"₹7,986",,,,https://www.ajio.com/guess-torino-compact-solid-backpack/p/701172379_black?
RED TAPE,Men Logo Print Laptop Backpack,"₹1,200",2.4,7,,https://www.ajio.com/red-tape-men-logo-print-laptop-backpack/p/701505871_black?
RED TAPE,Men Logo Print Laptop Backpack,"₹1,650",,,,https://www.ajio.com/red-tape-men-logo-print-laptop-backpack/p/701506031_navy?
RED TAPE,Men Logo Print Laptop Backpack,"₹1,200",,,,https://www.ajio.com/red-tape-men-logo-print-laptop-backpack/p/701506000_black?
Wildcraft,Men Backpack with Multiple Compartments,"₹3,366",4,4,,https://www.ajio.com/wildcraft-men-backpack-with-multiple-compartments/p/701286988_brown?
Wildcraft,Men Backpack with Multiple Compartments,"₹2,706",4.4,17,,https://www.ajio.com/wildcraft-men-backpack-with-multiple-compartments/p/701286992_brown?
Wiki,Men Everyday Printed Back Pack,"₹1,199",,,,https://www.ajio.com/wiki-men-everyday-printed-back-pack/p/701286093_blue?
Wildcraft,Unisex Backpack with Multiple Compartments,"₹4,636",5,3,,https://www.ajio.com/wildcraft-unisex-backpack-with-multiple-compartments/p/701289007_navy?
Wiki,Men Casual Back Pack,"₹2,099",,,,https://www.ajio.com/wiki-men-casual-back-pack/p/701286104_black?
Wiki,Men Back Pack,₹885,3.4,5,,https://www.ajio.com/wiki-men-back-pack/p/701316307_turquoise?
Nasher Miles,Staten Laptop Backpack with USB Charging - 22 L,"₹1,999",,,,https://www.ajio.com/nasher-miles-staten-laptop-backpack-with-usb-charging--22-l/p/701337732_olive?
Wiki,Men Casual Back Pack,"₹1,999",4,3,,https://www.ajio.com/wiki-men-casual-back-pack/p/701286336_black?
GUESS,Textured Back Pack,"₹7,372",,,,https://www.ajio.com/guess-textured-back-pack/p/701865249_brown?
VIP,Unisex Urban Laptop Backpack with USB Port for Office Use - 20L,"₹7,500",4.8,4,,https://www.ajio.com/vip-unisex-urban-laptop-backpack-with-usb-port-for-office-use--20l/p/701873962_grey?
KENNETH COLE,Versatile Back Pack With Laptop Compartment,"₹2,499",,,,https://www.ajio.com/kenneth-cole-versatile-back-pack-with-laptop-compartment/p/701581118_navy?
Nasher Miles,Engineering Laptop Backpack with Raincover 36 L,"₹1,299",,,,https://www.ajio.com/nasher-miles-engineering-laptop-backpack-with-raincover-36-l/p/701522095_grey?
Wildcraft,Men Everyday Back Pack,"₹1,831",3.5,2,,https://www.ajio.com/wildcraft-men-everyday-back-pack/p/701324141_multi?
DIESEL,Washed Denim 1Dr-Camera Bag,"₹50,000",,,,https://www.ajio.com/diesel-washed-denim-1dr-camera-bag/p/410570042_t8013?
SUPERDRY,Spector Laptop Backpack,"₹5,999",,,,https://www.ajio.com/superdry-spector-laptop-backpack/p/410436120_11s?
MUJI,2-Way Backpack,"₹2,993",5,3,,https://www.ajio.com/muji-2-way-backpack/p/410409541_black?
Skybags,Men Strider NXT Laptop Backtop,"₹3,292",,,,https://www.ajio.com/skybags-men-strider-nxt-laptop-backtop/p/4926499700_multi?
Reebok,Typographic Print Duffle Bag with Adjustable Strap,₹900,2.5,2,,https://www.ajio.com/reebok-typographic-print-duffle-bag-with-adjustable-strap/p/467059428_green?
UNITED COLORS OF BENETTON,Men Printed Backpack with Adjustable Strap,"₹1,754",4.2,6,,https://www.ajio.com/united-colors-of-benetton-men-printed-backpack-with-adjustable-strap/p/467045752_green?
OZUKO,9409 Travel Backpack with Adjustable Straps,"₹8,550",3.8,5,,https://www.ajio.com/ozuko-9409-travel-backpack-with-adjustable-straps/p/469396705_black?
Puma,Brand Print Backpack with Drawstring Closure,₹614,3.9,107,,https://www.ajio.com/puma-brand-print-backpack-with-drawstring-closure/p/469117246_blue?
OZUKO,9386 Waterproof Hiking Backpack,"₹12,250",,,,https://www.ajio.com/ozuko-9386-waterproof-hiking-backpack/p/469396691_silver?
WALRUS,Men Everyday Padded Backpack,"₹1,094",1.7,3,,https://www.ajio.com/walrus-men-everyday-padded-backpack/p/700218005_blue?
CAT,Men Travel Backpack with Adjustable Straps,"₹2,800",2.5,2,,https://www.ajio.com/cat-men-travel-backpack-with-adjustable-straps/p/466642164_grey?
UNITED COLORS OF BENETTON,Men Backpack with Laptop Compartment,"₹2,699",4.5,2,https://assets-jiocdn.ajio.com/medias/sys_master/root/20231220/WrmY/658219b4ddf7791519db6a74/united_colors_of_benetton_navy_blue_men_backpack_with_laptop_compartment.jpg,https://www.ajio.com/united-colors-of-benetton-men-backpack-with-laptop-compartment/p/466899808_navy?
Pazzo,Floral Print Backpack with Adjustable Strap,₹860,,,https://assets-jiocdn.ajio.com/medias/sys_master/root/20241002/M1pc/66fd7364f9b8ef490b8db8c9/pazzo_olive_floral_print_backpack_with_adjustable_strap.jpg,https://www.ajio.com/pazzo-floral-print-backpack-with-adjustable-strap/p/466884862_olive?
French Accent,Men Quilted Laptop Back Pack with Zip-Closure,"₹3,489",,,,https://www.ajio.com/french-accent-men-quilted-laptop-back-pack-with-zip-closure/p/700353297_black?
ZIPLINE,Printed Backpack with Adjustable Straps,"₹1,185",,,https://assets-jiocdn.ajio.com/medias/sys_master/root/20240102/zwPR/6593ed25afa4cf41f5fc10e7/zipline_green_printed_backpack_with_adjustable_straps.jpg,https://www.ajio.com/zipline-printed-backpack-with-adjustable-straps/p/466937168_green?
ZIPLINE,Men Typographic Print Backpack with Side Mesh Pockets,₹950,3,3,https://assets-jiocdn.ajio.com/medias/sys_master/root/20231228/5lWH/658da361afa4cf41f5f40a4e/zipline_black_men_typographic_print_backpack_with_side_mesh_pockets.jpg,https://www.ajio.com/zipline-men-typographic-print-backpack-with-side-mesh-pockets/p/466925814_black?
VENEER,Men Back Pack with Adjustable Strap,"₹1,350",4.3,4,,https://www.ajio.com/veneer-men-back-pack-with-adjustable-strap/p/466951281_navy?
TOMMY HILFIGER,Laptop Backpack with Zip Closure,"₹3,253",,,,https://www.ajio.com/tommy-hilfiger-laptop-backpack-with-zip-closure/p/467063970_burgundy?
French Accent,Men Laptop Back Pack with Zip-Closure,"₹3,949",3.1,7,,https://www.ajio.com/french-accent-men-laptop-back-pack-with-zip-closure/p/700353213_black?
SPYKAR,Men Laptop Bag with Adjustable Shoulder Strap,"₹1,700",,,,https://www.ajio.com/spykar-men-laptop-bag-with-adjustable-shoulder-strap/p/700240735_green?
F-GEAR,Men Brand Print Laptop Backpack,"₹2,495",5,2,,https://www.ajio.com/f-gear-men-brand-print-laptop-backpack/p/469736511_navyblue?
F-GEAR,Unisex Backpack with Adjustable Straps,"₹2,580",3.9,8,,https://www.ajio.com/f-gear-unisex-backpack-with-adjustable-straps/p/469676378_khaki?
F-GEAR,Men Burner Wild Stone Camouflage Print Backpack,₹905,,,,https://www.ajio.com/f-gear-men-burner-wild-stone-camouflage-print-backpack/p/469749170_stone?
F-GEAR,Men Prowler Spruce Printed Backpack,"₹1,998",4.3,3,,https://www.ajio.com/f-gear-men-prowler-spruce-printed-backpack/p/469736500_green?
Lino Perros,Men Colourblock Backpack,"₹2,239",5,3,,https://www.ajio.com/lino-perros-men-colourblock-backpack/p/469751365_olive?
NIKE,Heritage Brand Print Backpack,"₹2,495",,,,https://www.ajio.com/nike-heritage-brand-print-backpack/p/469816630_orange?
FUR JADEN,Backpack with Adjustable Shoulder Strap,"₹3,499",3.7,3,,https://www.ajio.com/fur-jaden-backpack-with-adjustable-shoulder-strap/p/466257372_green?
OZUKO,8020 Brand Print Backpack,"₹6,400",4.5,2,,https://www.ajio.com/ozuko-8020-brand-print-backpack/p/469396681_blue?
OZUKO,9488 Camouflage Print Backpack,"₹6,950",5,2,,https://www.ajio.com/ozuko-9488-camouflage-print-backpack/p/469481326_camo?
Puma,Cairo Backpack with Adjustable Straps,"₹1,550",,,,https://www.ajio.com/puma-cairo-backpack-with-adjustable-straps/p/469767594_blue?
F-GEAR,Men Cedar Canvas Backpack,"₹1,258",,,,https://www.ajio.com/f-gear-men-cedar-canvas-backpack/p/469808671_navy?
F-GEAR,Men Itachi Backpack with Adjustable Straps,₹679,3.6,5,,https://www.ajio.com/f-gear-men-itachi-backpack-with-adjustable-straps/p/469736531_navyblue?
F-GEAR,Men Brand Print Laptop Backpack,"₹1,190",4.7,3,,https://www.ajio.com/f-gear-men-brand-print-laptop-backpack/p/469736513_maroon?
Lino Perros,"Men Harvard Core 15"" Laptop Backpack","₹1,698",3.7,3,,https://www.ajio.com/lino-perros-men-harvard-core-15-laptop-backpack/p/469791777_grey?
FUR JADEN,Men Laptop Backpack with Adjustable Straps,"₹2,199",4.5,4,,https://www.ajio.com/fur-jaden-men-laptop-backpack-with-adjustable-straps/p/702628316_navy?
FUR JADEN,"Men 15.6"" Laptop Colourblock Backpack with Adjustable Strap","₹2,199",,,,https://www.ajio.com/fur-jaden-men-15-6-laptop-colourblock-backpack-with-adjustable-strap-/p/702658003_green?
FUR JADEN,Unisex Water-Resistant Laptop Bag with Zip Closure,"₹2,199",,,,https://www.ajio.com/fur-jaden-unisex-water-resistant-laptop-bag-with-zip-closure/p/702656112_green?
TOMMY HILFIGER,Unisex Printed Backpack,"₹2,259",,,,https://www.ajio.com/tommy-hilfiger-unisex-printed-backpack/p/702598947_navy?
FUR JADEN,Men Smart Tech 15.6 Inch Structured Laptop Bag with Dual USB Charging Port,"₹1,299",5,2,,https://www.ajio.com/fur-jaden-men-smart-tech-15-6-inch-structured-laptop-bag-with-dual-usb-charging-port/p/702606669_brown?
GAUGE MACHINE,Unisex 16 inch Genuine Leather Laptop Bag with Adjustable Strap,"₹5,000",,,,https://www.ajio.com/gauge-machine-unisex-16-inch-genuine-leather-laptop-bag-with-adjustable-strap/p/702579144_brown?
BEWAKOOF,Marvel - Men Graphic Print Backpack,₹449,,,,https://www.ajio.com/bewakoof-marvel--men-graphic-print-backpack/p/702553494_blue?
F-GEAR,Men Laptop Backpack with Adjustable Strap,"₹3,980",,,,https://www.ajio.com/f-gear-men-laptop-backpack-with-adjustable-strap/p/702526929_black?
Decathlon,Simond - Women Water Repellent Hiking Duffle Carry Bag 30-40L,"₹4,749",,,,https://www.ajio.com/decathlon-simond--women-water-repellent-hiking-duffle-carry-bag-30-40l/p/702478312_green?
TOMMY HILFIGER,Dual Compartments Everyday Back Pack,"₹2,404",4,9,,https://www.ajio.com/tommy-hilfiger--dual-compartments-everyday-back-pack/p/701358608_black?
Aeropostale,Men Typographic Print Laptop Backpack with Adjustable Shoulder Straps,"₹1,499",4.6,12,,https://www.ajio.com/aeropostale-men-typographic-print-laptop-backpack-with-adjustable-shoulder-straps/p/702263356_black?
POLICE,Men Logo Embossed Travel Backpack,"₹3,431",,,,https://www.ajio.com/police-men-logo-embossed-travel-backpack/p/702293995_olive?
Decathlon,Kipsta - Unisex Multiple Compartments Office Backpack 24L,₹999,4,2,,https://www.ajio.com/decathlon-kipsta--unisex-multiple-compartments-office-backpack-24l/p/702221469_yellow?
Decathlon,Kipsta - Unisex Carrying Comfort football Backpack 25L,"₹1,999",,,,https://www.ajio.com/decathlon-kipsta--unisex-carrying-comfort-football-backpack-25l/p/702221407_blue?
GAUGE MACHINE,Men Leather Travel Back Pack,"₹3,500",,,,https://www.ajio.com/gauge-machine-men-leather-travel-back-pack/p/702210270_navy?
Decathlon,Kipsta - Unisex Academic Multiple Compartments Backpack 25L,"₹1,999",,,,https://www.ajio.com/decathlon-kipsta--unisex-academic-multiple-compartments-backpack-25l/p/702221417_red?
KENNETH COLE,Men Laptop Back Pack,"₹2,999",,,,https://www.ajio.com/kenneth-cole-men-laptop-back-pack/p/701576451_navy?
Nasher Miles,Tetris Laptop Backpack with Raincover 36 L,"₹1,299",,,,https://www.ajio.com/nasher-miles-tetris-laptop-backpack-with-raincover-36-l/p/701522110_cream?
MOVE-MEANT,Men Back Pack with Zip Closure,"₹2,400",,,,https://www.ajio.com/move-meant-men-back-pack-with-zip-closure/p/701568114_green?
KENNETH COLE,Men Laptop Back Pack,"₹2,999",,,,https://www.ajio.com/kenneth-cole-men-laptop-back-pack/p/701576449_navy?
MOKOBARA,Water-Resistant Material Everyday Back Pack,"₹4,299",4.5,17,,https://www.ajio.com/mokobara-water-resistant-material-everyday-back-pack/p/702117801_brown?
ASICS,Men Daypack 25L Bag,"₹1,920",,,,https://www.ajio.com/asics-men-daypack-25l-bag/p/702106006_black?
TOMMY HILFIGER,Laptop Dedicated I-Pad Sleeve Back Pack,"₹1,929",,,https://assets-jiocdn.ajio.com/medias/sys_master/root1/20250916/oLCu/68c949fd8bfb9009ac0bbccd/tommy_hilfiger_burgundy_laptop_dedicated_i-pad_sleeve_back_pack.jpg,https://www.ajio.com/tommy-hilfiger-laptop-dedicated-i-pad-sleeve-back-pack/p/702264570_burgundy?
Reebok Classic,Backpack with Click-Clasps,"₹2,519",,,https://assets-jiocdn.ajio.com/medias/sys_master/root/20210310/ZJb8/6048e1c3f997dd5c400b505b/reebok_classic_white_backpack_with_click-clasps.jpg,https://www.ajio.com/reebok-classic-backpack-with-click-clasps/p/460847920_yellow?
AMERICAN TOURISTER,Men Mate 3.0 Backpack,"₹2,080",,,,https://www.ajio.com/american-tourister-men-mate-3-0-backpack/p/442171755_blue?
Wildcraft,Unisex Printed Backpack with Adjustable Straps,"₹2,595",4,15,https://assets-jiocdn.ajio.com/medias/sys_master/root/20250303/zlle/67c594dd59f835398013bdb5/wildcraft_black_unisex_printed_backpack_with_adjustable_straps.jpg,https://www.ajio.com/wildcraft-unisex-printed-backpack-with-adjustable-straps/p/442171991_black?
Royal Enfield,Men Everyday Backpack with Buckle Closure,"₹1,500",,,https://assets-jiocdn.ajio.com/medias/sys_master/root1/20250807/f0BR/689494de8bfb9009ac6c0fea/royal_enfield_green_men_everyday_backpack_with_buckle_closure.jpg,https://www.ajio.com/royal-enfield-men-everyday-backpack-with-buckle-closure/p/702085856_green?
TOMMY HILFIGER,Men Striped Laptop Backpack,"₹12,044",,,,https://www.ajio.com/tommy-hilfiger-men-striped-laptop-backpack/p/701948239_black?
Wildcraft,Men Backpack with Adjustable Straps,"₹1,102",,,,https://www.ajio.com/wildcraft-men-backpack-with-adjustable-straps/p/701984882_blue?
TEAKWOOD LEATHERS,Men Everyday Backpack with Adjustable Straps,₹900,3,2,,https://www.ajio.com/teakwood-leathers-men-everyday-backpack-with-adjustable-straps-/p/701945610_navy?
Reebok,Men Everyday Back Pack,"₹1,539",,,,https://www.ajio.com/reebok-men-everyday-back-pack/p/702060520_grey?
Wiki,Men Typographic Print Backpack with Adjustable Shoulder Straps,"₹1,525",,,,https://www.ajio.com/wiki-men-typographic-print-backpack-with-adjustable-shoulder-straps/p/701994882_black?
TEAKWOOD LEATHERS,Men Everyday Zip Closure Back Pack,₹850,2,2,,https://www.ajio.com/teakwood-leathers-men-everyday-zip-closure-back-pack/p/701953605_navy?
Puma,Logo Printed Colour-Block Back Pack,"₹5,040",,,,https://www.ajio.com/puma-logo-printed-colour-block-back-pack/p/701965412_grey?
VIP,Unisex Legacy Laptop Backpack with USB Port for Office Use - 30L+5L Expandable,"₹8,750",3,2,,https://www.ajio.com/vip-unisex-legacy-laptop-backpack-with-usb-port-for-office-use--30l-5l-expandable/p/701880255_navy?
Puma,Everyday Logo Printe Backpack,"₹3,299",,,,https://www.ajio.com/puma-everyday-logo-printe-backpack/p/703034396_grey?
The Souled Store,Fantastic 4 Baxter Suit|Marvel™ - Men Water-Resistant Travel Backpack,"₹2,599",,,,https://www.ajio.com/the-souled-store-fantastic-4-baxter-suit-marvel--men-water-resistant-travel-backpack/p/703061046_blue?
UNITED COLORS OF BENETTON,Unisex Printed Backpack,"₹2,249",5,2,,https://www.ajio.com/united-colors-of-benetton-unisex-printed-backpack/p/703001057_beige?
The Souled Store,TSS Originals Nebula|The Souled Store - Men Water-Resistant Travel Backpack,"₹5,999",,,,https://www.ajio.com/the-souled-store-tss-originals-nebula-the-souled-store--men-water-resistant-travel-backpack/p/703061349_black?
The Souled Store,TSS Originals Emotional Baggage|The Souled Store - Men Graphic Print Backpack with Adjustable Strap,"₹2,012",,,,https://www.ajio.com/the-souled-store-tss-originals-emotional-baggage-the-souled-store--men-graphic-print-backpack-with-adjustable-strap/p/703082825_beige?
Columbia,Unisex Omni-Shield Wildwood Heights 45L+5L Backpack,"₹13,999",,,,https://www.ajio.com/columbia-unisex-omni-shield-wildwood-heights-45l-5l-backpack/p/702754332_black?
CONVERSE,Unisex Zip Pockets Backpack,"₹2,999",,,,https://www.ajio.com/converse-unisex-zip-pockets-backpack/p/702790172_navy?
SASA,Camouflage Print Backpacks with Adjustable Shoulder Straps,"₹4,491",,,,https://www.ajio.com/sasa-camouflage-print-backpacks-with-adjustable-shoulder-straps/p/702779964_green?
ALDO,Men Backpack with Adjustable Straps,"₹10,499",,,,https://www.ajio.com/aldo-men-backpack-with-adjustable-straps/p/702977091_brown?
UNITED COLORS OF BENETTON,Men Typographic Print Everyday Backpack,"₹2,339",,,,https://www.ajio.com/united-colors-of-benetton-men-typographic-print-everyday-backpack/p/702940864_beige?
UNITED COLORS OF BENETTON,Unisex Striped Backpack with Adjustable Straps,"₹2,249",,,,https://www.ajio.com/united-colors-of-benetton-unisex-striped-backpack-with-adjustable-straps/p/702940882_red?
TOMMY HILFIGER,Solid Black PU Backpack,"₹5,504",,,,https://www.ajio.com/tommy-hilfiger-solid-black-pu-backpack/p/702937756_black?
Columbia,Unisex Omni-Shield Wildwood Heights 45L+5L Backpack,"₹13,999",,,,https://www.ajio.com/columbia-unisex-omni-shield-wildwood-heights-45l-5l-backpack/p/702754317_black?
Columbia,Unisex Omni-Shield Blackcomb Ridge 18L Backpack,"₹4,999",,,,https://www.ajio.com/columbia-unisex-omni-shield-blackcomb-ridge-18l-backpack/p/702754326_black?
GUESS,Men Polyester Logo Printed Backpack,"₹7,986",,,,https://www.ajio.com/guess-men-polyester-logo-printed-backpack/p/702830073_beige?
Priority,Women College Backpack with Pouch - 40L,₹962,4.2,6,,https://www.ajio.com/priority-women-college-backpack-with-pouch---40l/p/701737333_black?
OZUKO,Men Travel Back Pack,"₹13,975",,,,https://www.ajio.com/ozuko-men-travel-back-pack/p/702094523_multi?
Royal Enfield,Men Everyday Backpack with Buckle Closure,"₹1,500",,,,https://www.ajio.com/royal-enfield-men-everyday-backpack-with-buckle-closure/p/702085310_black?
MOKOBARA,Water-Resistant Material Everyday Back Pack,"₹8,000",,,,https://www.ajio.com/mokobara-water-resistant-material-everyday-back-pack/p/702117798_brown?
Decathlon,Oxelo - Unisex BP100 Abrasion Resistant Skating Backpack 20L,"₹2,899",,,,https://www.ajio.com/decathlon-oxelo--unisex-bp100-abrasion-resistant-skating-backpack-20l/p/702484897_green?
SUPERDRY,Reina Kinsei Backpack,"₹4,199",,,,https://www.ajio.com/superdry-reina-kinsei-backpack/p/410436114_18e?
GAUGE MACHINE,Unisex 16 inch Genuine Leather Laptop Bag with Adjustable Strap,"₹3,500",,,,https://www.ajio.com/gauge-machine-unisex-16-inch-genuine-leather-laptop-bag-with-adjustable-strap/p/702579170_blue?
hoi polloi,Men Laptop Backpack,"₹4,199",,,,https://www.ajio.com/hoi-polloi-men-laptop-backpack/p/702601931_blue?
TOMMY HILFIGER,Unisex Laptop Backpack,"₹7,902",,,,https://www.ajio.com/tommy-hilfiger-unisex-laptop-backpack-/p/702600730_black?
F-GEAR,Men Printed Backpack with Padded Shoulder Straps,₹902,,,,https://www.ajio.com/f-gear-men-printed-backpack-with-padded-shoulder-straps/p/701989769_blue?
Columbia,Unisex Omni-Shield Triple Canyon 24L Backpack,"₹7,999",,,,https://www.ajio.com/columbia-unisex-omni-shield-triple-canyon-24l-backpack/p/701995929_blue?
F-GEAR,Men Laptop Back Pack,"₹2,015",,,,https://www.ajio.com/f-gear-men-laptop-back-pack/p/702002061_navy?
Decathlon,CORENGTH - Men Printed Rucksack with Adjustable Strap,"₹6,199",,,,https://www.ajio.com/decathlon-corength--men-printed-rucksack-with-adjustable-strap/p/702483394_black?
Decathlon,FORCLAZ - Men Typographic Print Rucksack with Adjustable Straps,"₹12,199",,,,https://www.ajio.com/decathlon-forclaz--men-typographic-print-rucksack-with-adjustable-straps/p/702478344_green?
Decathlon,SOLOGNAC - Men Typographic Print Rucksack with Adjustable Straps,"₹15,199",,,,https://www.ajio.com/decathlon-solognac--men-typographic-print-rucksack-with-adjustable-straps/p/702478296_green?
Decathlon,Simond - Unisex 500 Extend Water Repellent Trekking Duffle Bag 80L-120L,"₹6,199",,,,https://www.ajio.com/decathlon-simond--unisex-500-extend-water-repellent-trekking-duffle-bag-80l-120l/p/702478285_grey?
Skybags,Unisex Elevate 17 Inch Compatible Laptop Backpack with USB Charging Port - 24L,"₹3,125",,,,https://www.ajio.com/skybags-unisex-elevate-17-inch-compatible-laptop-backpack-with-usb-charging-port--24l/p/4947748920_multi?
SUPERDRY,Aviator Laptop Backpack,"₹6,599",,,https://assets-jiocdn.ajio.com/medias/sys_master/root1/20260514/cggP/6a055a62fcb5bb61d2c13461/superdry_orange_aviator_laptop_backpack.jpg,https://www.ajio.com/superdry-aviator-laptop-backpack/p/410436116_03m?
ARMANI EXCHANGE,Colourblock Eco-Friendly Backpack with Zip Closure,"₹9,000",3.8,5,https://assets-jiocdn.ajio.com/medias/sys_master/root/20220909/VSCo/631a580caeb269dbb37c59ba/armani_exchange_brown_%26_olive_colourblock_eco-friendly_backpack_with_zip_closure.jpg,https://www.ajio.com/armani-exchange-colourblock-eco-friendly-backpack-with-zip-closure/p/410327128_01089?
Leather World,Typographic Print Rucksack,₹850,4.1,68,,https://www.ajio.com/leather-world-typographic-print-rucksack-/p/462421213_multi?
Skybags,Unisex Basecamp 17 Inch Compatible Laptop Backpack With Rain Cover - 40L,"₹2,500",,,https://assets-jiocdn.ajio.com/medias/sys_master/root1/20260608/lnI1/6a269d3c14d0c217192cfb96/skybags_multi_unisex_basecamp_17_inch_compatible_laptop_backpack_with_rain_cover_-_40l.jpg,https://www.ajio.com/skybags-unisex-basecamp-17-inch-compatible-laptop-backpack-with-rain-cover--40l/p/4947748890_multi?
Skybags,Men Caption America Print Backpack,₹999,3.6,13,https://assets-jiocdn.ajio.com/medias/sys_master/root/20240527/UJyb/665448e016fd2c6e6a2a5f13/skybags_multicoloured_men_caption_america_print_backpack.jpg,https://www.ajio.com/skybags-men-caption-america-print-backpack/p/4938295640_multi?
La Martina,"Men Leather 15"" Laptop Backpack","₹9,099",,,,https://www.ajio.com/la-martina-men-leather-15-laptop-backpack/p/410538669_bk?
French Accent,Men Leather Backpack with Adjustable Strap,"₹3,625",3.4,5,,https://www.ajio.com/french-accent-men-leather-backpack-with-adjustable-strap-/p/466495250_black?
TOMMY HILFIGER,Floral Backpack with Mesh Pockets,"₹1,799",,,,https://www.ajio.com/tommy-hilfiger-floral-backpack-with-mesh-pockets/p/460737608_blue?
Wildcraft,Men Geometric Print Water-Repellent Backpack,"₹1,439",4.5,6,,https://www.ajio.com/wildcraft-men-geometric-print-water-repellent-backpack/p/451019339_red?
POLICE,Virgo 15'' Laptop Backpack with Adjustable Straps,"₹2,999",2.8,5,,https://www.ajio.com/police-virgo-15--laptop-backpack-with-adjustable-straps/p/466016119_black?
F-GEAR,Men Printed Backpack with Adjustable Straps,"₹1,104",,,,https://www.ajio.com/f-gear-men-printed-backpack-with-adjustable-straps/p/469736505_orange?
Wildcraft,Men Laptop Back Pack,"₹2,142",2.3,3,,https://www.ajio.com/wildcraft-men-laptop-back-pack/p/701324907_blue?
Nasher Miles,Williamsburg Laptop Backpack - 35 L,"₹6,999",,,,https://www.ajio.com/nasher-miles-williamsburg-laptop-backpack--35-l/p/701326083_black?
Wildcraft,Unisex Laptop Back Pack,"₹3,099",,,,https://www.ajio.com/wildcraft-unisex-laptop-back-pack/p/701336363_black?
Wildcraft,Unisex Everyday Back Pack,"₹1,866",3.5,2,,https://www.ajio.com/wildcraft-unisex-everyday-back-pack/p/701324141_grey?
Wildcraft,Unisex Backpack with Adjustable Straps,"₹1,631",4,3,,https://www.ajio.com/wildcraft-unisex-backpack-with-adjustable-straps/p/701336372_red?
Nasher Miles,Williamsburg Laptop Backpack - 35 L,"₹6,999",,,,https://www.ajio.com/nasher-miles-williamsburg-laptop-backpack--35-l/p/701326084_blue?
Nasher Miles,Staten Laptop Backpack with USB Charging - 22 L,"₹2,499",3,2,,https://www.ajio.com/nasher-miles-staten-laptop-backpack-with-usb-charging--22-l/p/701345154_grey?
UNITED COLORS OF BENETTON,Men Laptop Backpack with Zip Closure,"₹2,474",4.9,8,,https://www.ajio.com/united-colors-of-benetton-men-laptop-backpack-with-zip-closure-/p/702214622_brown?
Decathlon,Unisex Khaki Water Repellent Travel Backpack,"₹2,549",,,,https://www.ajio.com/decathlon-unisex-khaki-water-repellent-travel-backpack/p/702221605_blue?
Decathlon,Artengo - Unisex Multiple Compartments Tennis Backpack 24 L,"₹2,869",,,,https://www.ajio.com/decathlon-artengo--unisex-multiple-compartments-tennis-backpack-24-l/p/702221636_black?
UNITED COLORS OF BENETTON,Men Everyday Padded Backpack,"₹2,699",3.6,5,,https://www.ajio.com/united-colors-of-benetton-men-everyday-padded-backpack/p/702214705_green?
UNITED COLORS OF BENETTON,Men Laptop Backpack with Zip Closure,"₹2,699",3.6,5,,https://www.ajio.com/united-colors-of-benetton-men-laptop-backpack-with-zip-closure-/p/702214705_beige?
Decathlon,Quechua - Unisex Escape 500 Rolltop Abrasion Resistant Hiking Backpacks 16+4L,"₹3,179",,,,https://www.ajio.com/decathlon-quechua--unisex-escape-500-rolltop-abrasion-resistant-hiking-backpacks-16-4l/p/702221857_blue?
Wildcraft,Unisex Graphic Print Everyday Backpack with Adjustable Straps,"₹2,239",,,,https://www.ajio.com/wildcraft-unisex-graphic-print-everyday-backpack-with-adjustable-straps/p/4945751550_multi?
SUPERDRY,Aviator Laptop Backpack,"₹6,599",,,,https://www.ajio.com/superdry-aviator-laptop-backpack/p/410436116_blu?
HIDESIGN,Textured Genuine Leather Messenger Bag,"₹5,951",,,,https://www.ajio.com/hidesign-textured-genuine-leather-messenger-bag/p/465061082_black?
ARMANI EXCHANGE,Xavier All-Over Logo Print Backpack,"₹20,999",,,,https://www.ajio.com/armani-exchange-xavier-all-over-logo-print-backpack/p/410560737_ub101?
Urban Jungle,"Men District 16"" Water-Resistant Backpack","₹4,050",,,,https://www.ajio.com/urban-jungle-men-district-16-water-resistant-backpack/p/4946057630_multi?
Wildcraft,Unisex Backpack with Adjustable Straps,"₹1,699",,,,https://www.ajio.com/wildcraft-unisex-backpack-with-adjustable-straps/p/4929137210_multi?
Wildcraft,Unisex Backpack with Adjustable Straps,"₹2,099",,,,https://www.ajio.com/wildcraft-unisex-backpack-with-adjustable-straps/p/4929137540_multi?
Wildcraft,Unisex Printed Eveyday Backpack with Adjustable Straps,"₹2,613",,,,https://www.ajio.com/wildcraft-unisex-printed-eveyday-backpack-with-adjustable-straps/p/4945741840_multi?
ZIPLINE,Men Colourblock Backpack with Zip Closure,₹833,3.4,56,,https://www.ajio.com/zipline-men-colourblock-backpack-with-zip-closure/p/463936403_grey?
Wildcraft,Unisex Backpack with Logo Embroidered,"₹2,999",,,,https://www.ajio.com/wildcraft-unisex-backpack-with-logo-embroidered/p/4929136860_multi?
Wiki,Unisex Sheen Backpack with Pouch,"₹1,434",,,,https://www.ajio.com/wiki-unisex-sheen-backpack-with-pouch/p/442171990_purple?
UNITED COLORS OF BENETTON,Unisex Reign Casual Backpack,"₹1,754",2.8,8,,https://www.ajio.com/united-colors-of-benetton-unisex-reign-casual-backpack/p/442416733_lightblue?
DIESEL,D-Pack X Backpack,"₹14,400",,,,https://www.ajio.com/diesel-d-pack-x-backpack/p/410515712_t7433?
SPYKAR,Everyday Back Pack with Laptop Compartment,"₹1,500",3.6,5,,https://www.ajio.com/spykar-everyday-back-pack-with-laptop-compartment/p/465362267_navy?
MUJI,Less Tiring Water Repellent Large Capacity Backpack,"₹6,690",4,5,,https://www.ajio.com/muji-less-tiring-water-repellent-large-capacity-backpack/p/410457781_smokygr?
OZUKO,9223 Brand Print Crossbody Bag,"₹4,450",3.4,5,,https://www.ajio.com/ozuko-9223-brand-print-crossbody-bag/p/469396723_black?
Puma,Unisex Day Logo Print Backpack,₹999,4.2,25,,https://www.ajio.com/puma-unisex-day-logo-print-backpack/p/469117248_blue?
Pazzo,Winter 38L Colourblock Backpack,₹849,3.4,36,,https://www.ajio.com/pazzo-winter-38l-colourblock-backpack/p/469183550_black?
Lunar's,Panelled Backpack with Adjustable Straps,₹849,3.6,42,,https://www.ajio.com/lunar-s-panelled-backpack-with-adjustable-straps/p/469183443_blue?
OZUKO,9601 Range Backpack with Zip Closure,"₹10,755",3.7,3,,https://www.ajio.com/ozuko-9601-range-backpack-with-zip-closure/p/469481270_black?
OZUKO,9585 Backpack with Zip Closure,"₹7,500",4.7,3,,https://www.ajio.com/ozuko-9585-backpack-with-zip-closure/p/469481333_green?
Reebok,Solid Backpacks Bags,"₹1,250",4,2,https://assets-jiocdn.ajio.com/medias/sys_master/root/20231124/X8I9/6560bf28ddf779151999abe7/reebok__solid_backpacks_bags.jpg,https://www.ajio.com/reebok-solid-backpacks-bags/p/469286483_green?
Pazzo,Travel Bag with Adjustable Strap,"₹1,100",4.1,14,https://assets-jiocdn.ajio.com/medias/sys_master/root/20220422/se8Z/6262c648f997dd03e27b2486/pazzo_black_travel_bag_with_adjustable_strap.jpg,https://www.ajio.com/pazzo-travel-bag-with-adjustable-strap/p/469183535_blackred?
AJIO,Laptop Backpack with Buckle Trims,"₹2,299",,,,https://www.ajio.com/ajio-laptop-backpack-with-buckle-trims-/p/460138840_black?
TOMMY HILFIGER,Unisex High School Backpack,"₹2,910",,,https://assets-jiocdn.ajio.com/medias/sys_master/root1/20260313/qTZZ/69b3da534970ce6a6e40f3c9/tommy_hilfiger_navy_blue_unisex_high_school_backpack.jpg,https://www.ajio.com/tommy-hilfiger-unisex-high-school-backpack/p/443805070_blushpink?
ZIPLINE,Men Colourblock Backpack with Side Mesh Pockets,₹950,1.6,10,https://assets-jiocdn.ajio.com/medias/sys_master/root/20240128/kVWI/65b5ac668cdf1e0df5d2868f/zipline_navy_men_colourblock_backpack_with_side_mesh_pockets.jpg,https://www.ajio.com/zipline-men-colourblock-backpack-with-side-mesh-pockets/p/466925826_navy?
TOMMY HILFIGER,Back Pack with Adjustable Shoulder Strap,"₹5,576",,,,https://www.ajio.com/tommy-hilfiger-back-pack-with-adjustable-shoulder-strap/p/466944650_black?
ZIPLINE,Floral Print Backpack with Adjustable Strap,"₹1,110",5,3,,https://www.ajio.com/zipline-floral-print-backpack-with-adjustable-strap/p/466937170_blue?
F-GEAR,Men Everlane Backpack with Adjustable Straps,"₹1,798",4,9,,https://www.ajio.com/f-gear-men-everlane-backpack-with-adjustable-straps/p/469736529_black?
Aeropostale,Women Typographic Print Backpack with Adjustable Strap,₹840,,,,https://www.ajio.com/aeropostale-women-typographic-print-backpack-with-adjustable-strap/p/467054862_burgundy?
SPYKAR,Adjustable Straps Everyday Backpack,"₹1,400",4.1,17,,https://www.ajio.com/spykar-adjustable-straps-everyday-backpack/p/465364268_black?
Wiki,Unisex Twill Everyday Backpack,"₹1,307",,,,https://www.ajio.com/wiki-unisex-twill-everyday-backpack/p/451019353_navy?
ZIPLINE,Men Printed Backpack with Side Mesh Pockets,₹950,,,,https://www.ajio.com/zipline-men-printed-backpack-with-side-mesh-pockets/p/466925965_grey?
F-GEAR,Colourblock Rucksack with Branding,"₹4,780",4,97,,https://www.ajio.com/f-gear-colourblock-rucksack-with-branding/p/460754558_yellow?
REDHORNS,Men Backpack with Adjustable Shoulder Strap,"₹20,000",3.7,3,,https://www.ajio.com/redhorns-men-backpack-with-adjustable-shoulder-strap/p/466809175_multi?
Puma,Laptop Backpack with Brand Embossed,"₹3,299",,,,https://www.ajio.com/puma-laptop-backpack-with-brand-embossed/p/466875207_blue?
TOMMY HILFIGER,"16"" Laptop Backpack with Brand Applique","₹3,253",,,,https://www.ajio.com/tommy-hilfiger-16-laptop-backpack-with-brand-applique/p/467069777_navy?
UNITED COLORS OF BENETTON,Men Printed Backpack with Adjustable Strap,"₹1,304",4.1,7,,https://www.ajio.com/united-colors-of-benetton-men-printed-backpack-with-adjustable-strap/p/467046246_navy?
NIKE,Heritage Laptop Backpack,"₹2,895",,,,https://www.ajio.com/nike-heritage-laptop-backpack/p/469816635_purple?
F-GEAR,Men Tundra Canvas Backpack,"₹1,398",,,,https://www.ajio.com/f-gear-men-tundra-canvas-backpack/p/469808670_navy?
NIKE,Logo Print Everyday Backpack,"₹1,696",,,,https://www.ajio.com/nike-logo-print-everyday-backpack/p/469813254_green?
Lino Perros,Men Harvard Milo Everyday Backpack,"₹1,863",,,,https://www.ajio.com/lino-perros-men-harvard-milo-everyday-backpack/p/469768451_beige?
NIKE,Logo Print Everyday Backpack,"₹1,696",,,,https://www.ajio.com/nike-logo-print-everyday-backpack/p/469813256_yellow?
Tatonka,Travel Self-design Back Pack,"₹7,990",,,,https://www.ajio.com/tatonka-travel-self-design-back-pack/p/700982835_black?
Pazzo,Alto 40L Casual Backpack,₹849,3,8,,https://www.ajio.com/pazzo-alto-40l-casual-backpack/p/469183431_red?
Decathlon,Quechua - Unisex MH500 Versatile Hiking Backpacks 15L,"₹5,599",,,,https://www.ajio.com/decathlon-quechua--unisex-mh500-versatile-hiking-backpacks-15l/p/703183518_black?
Decathlon,Unisex Colourblocked Everyday Backpack,"₹10,199",,,,https://www.ajio.com/decathlon-unisex-colourblocked-everyday-backpack/p/703169351_yellow?
Genie,Unisex Padded Laptop Backpack,"₹1,720",,,,https://www.ajio.com/genie-unisex-padded-laptop-backpack/p/703004790_red?
TOMMY HILFIGER,Solid Black PU Backpack,"₹4,805",,,,https://www.ajio.com/tommy-hilfiger-solid-black-pu-backpack/p/702937744_black?
Decathlon,Unisex Multiple Compartments Travel Backpack 35L,"₹3,889",,,,https://www.ajio.com/decathlon-unisex-multiple-compartments-travel-backpack-35l/p/703169409_black?
PROVOGUE,Men Printed Padded Laptop Backpack,₹907,,,,https://www.ajio.com/provogue-men-printed-padded-laptop-backpack/p/703162849_red?
Decathlon,Quechua - Unisex Escape 500 Rolltop Robustness Hiking Backpacks 23L,"₹4,639",,,,https://www.ajio.com/decathlon-quechua--unisex-escape-500-rolltop-robustness-hiking-backpacks-23l/p/703114780_yellow?
Puma,BMW M Motorsport Lifestyle Printed Backpack,"₹3,849",,,,https://www.ajio.com/puma-bmw-m-motorsport-lifestyle-printed-backpack/p/702725167_black?
BEWAKOOF,Men Typographic Print Backpack,₹409,,,,https://www.ajio.com/bewakoof-men-typographic-print-backpack/p/702739521_blue?
LACOSTE,Backpack with Adjustable Shoulder Strap,"₹4,480",,,,https://www.ajio.com/lacoste-backpack-with-adjustable-shoulder-strap/p/703397238_green?
LACOSTE,Printed Backpack with Adjustable Shoulder Strap,"₹11,235",,,,https://www.ajio.com/lacoste-printed-backpack-with-adjustable-shoulder-strap/p/703397145_blue?
SAFARI,"Men Checked Laptop Bagpack 17""","₹1,980",,,,https://www.ajio.com/safari-men-checked-laptop-bagpack-17-/p/703385335_blue?
Urban Jungle,Men Padded Laptop Bag,"₹4,560",,,,https://www.ajio.com/urban-jungle-men-padded-laptop-bag/p/703380186_black?
SAFARI,Men Falcon LED 25L Backpack,"₹5,700",,,,https://www.ajio.com/safari-men-falcon-led-25l-backpack/p/703347188_black?
SAFARI,Men Printed Laptop Backpack,"₹1,800",,,,https://www.ajio.com/safari-men-printed-laptop-backpack/p/703347714_blue?
The Souled Store,TSS Originals Hybrid 13|The Souled Store - Men Backpack with Adjustable Strap,"₹4,099",,,,https://www.ajio.com/the-souled-store-tss-originals-hybrid-13-the-souled-store--men-backpack-with-adjustable-strap/p/703081794_black?
Decathlon,Quechua - Women Insulated Hiking Bag 10L,"₹1,599",,,,https://www.ajio.com/decathlon-quechua--women-insulated-hiking-bag-10l/p/703117207_blue?
The Souled Store,Pink Panther Pink Vibe|Pink Panther - Men Graphic Print Backpack with Adjustable Strap,"₹1,707",,,,https://www.ajio.com/the-souled-store-pink-panther-pink-vibe-pink-panther--men-graphic-print-backpack-with-adjustable-strap/p/703082345_pink?
Decathlon,Perfly - Unisex SL100 Anatomic Design Squash Backpack 15L,₹999,,,,https://www.ajio.com/decathlon-perfly--unisex-sl100-anatomic-design-squash-backpack-15l/p/703152996_black?
Decathlon,Caperlan - Unisex Tactical Wild 500 Robustness Trekking Backpacks 40L,"₹6,799",,,,https://www.ajio.com/decathlon-caperlan--unisex-tactical-wild-500-robustness-trekking-backpacks-40l/p/703115078_khaki?
Decathlon,Simond - Unisex Alpinism 22 Robustness Mountaineering Backpacks 22L,"₹4,379",,,,https://www.ajio.com/decathlon-simond--unisex-alpinism-22-robustness-mountaineering-backpacks-22l/p/703125487_red?
Decathlon,Simond - Unisex Alpinism 22 Robustness Mountaineering Backpacks 22L,"₹4,369",,,https://assets-jiocdn.ajio.com/medias/sys_master/root1/20260308/HGKd/69ac8548af321a7f920c9033/decathlon_black_simond_-_unisex_alpinism_22_robustness_mountaineering_backpacks_22l.jpg,https://www.ajio.com/decathlon-simond--unisex-alpinism-22-robustness-mountaineering-backpacks-22l/p/703125494_black?
Decathlon,Unisex Water Repellent Sailing Backpack 25 L,"₹2,549",,,https://assets-jiocdn.ajio.com/medias/sys_master/root1/20260319/tRuB/69bbe6195bc52e77e0ef657f/decathlon_yellow_unisex_water_repellent_sailing_backpack_25_l.jpg,https://www.ajio.com/decathlon-unisex-water-repellent-sailing-backpack-25-l/p/703182504_yellow?
GUESS,Men Leather Backpack,"₹9,829",,,,https://www.ajio.com/guess-men-leather-backpack/p/703264788_grey?
MAGNOLIA,Men Backpack with Adjustable Straps,"₹3,849",,,https://assets-jiocdn.ajio.com/medias/sys_master/root1/20260330/7eMx/69ca69319e784a25d59e07f9/magnolia_beige_men_backpack_with_adjustable_straps.jpg,https://www.ajio.com/magnolia-men-backpack-with-adjustable-straps/p/703242691_beige?
POLICE,Patterned Bag with Adjustable Straps,₹959,,,https://assets-jiocdn.ajio.com/medias/sys_master/root1/20260609/KY23/6a282b1a14d0c21719342627/police_green_patterned_bag_with_adjustable_straps.jpg,https://www.ajio.com/police-patterned-bag-with-adjustable-straps/p/703544902_green?
ARISTOCRAT,Men Laptop Backpack with Tablet Sleeve,₹819,,,,https://www.ajio.com/aristocrat-men-laptop-backpack-with-tablet-sleeve/p/703321410_blue?
YOUSTA,Men Backpack with Adjustable Straps,₹499,,,,https://www.ajio.com/yousta-men-backpack-with-adjustable-straps/p/443701295_black?
Reebok,Duffle Bag with Adjustable Shoulder Strap,"₹2,000",,,,https://www.ajio.com/reebok-duffle-bag-with-adjustable-shoulder-strap/p/703518384_grey?
Urban Ranger by Pantaloons,Men Laptop Backpack,"₹1,124",,,,https://www.ajio.com/urban-ranger-by-pantaloons-men-laptop-backpack/p/703578455_navy?
The Souled Store,Men Colourblocked Backpack with Buckle Closure,"₹3,399",,,,https://www.ajio.com/the-souled-store-men-colourblocked-backpack-with-buckle-closure/p/703583404_brown?
Urban Ranger by Pantaloons,Men Laptop Backpack,"₹1,049",,,,https://www.ajio.com/urban-ranger-by-pantaloons-men-laptop-backpack/p/703578465_olive?
Wildcraft,Men Brand Print Backpack with Adjustable Strap,"₹2,212",,,,https://www.ajio.com/wildcraft-men-brand-print-backpack-with-adjustable-strap/p/703587355_blue?
Urban Ranger by Pantaloons,Men Laptop Backpack,"₹1,124",,,,https://www.ajio.com/urban-ranger-by-pantaloons-men-laptop-backpack/p/703579188_olive?
HIDESIGN,"Men Patagonia 02 15"" Laptop Formal Backpack","₹17,095",,,,https://www.ajio.com/hidesign-men-patagonia-02-15-laptop-formal-backpack/p/703287801_black?
POLICE,Unisex Printed Backpack with Shoulder Straps,₹539,,,,https://www.ajio.com/police-unisex-printed-backpack-with-shoulder-straps/p/703549948_red?
The Souled Store,Men Graphic Print Crossbody Bag,"₹1,599",,,,https://www.ajio.com/the-souled-store-men-graphic-print-crossbody-bag/p/703533684_black?
CONVERSE,"18"" Colourblock Laptop Backpack","₹3,499",,,,https://www.ajio.com/converse-18-colourblock-laptop-backpack-/p/703581632_multi?
CONVERSE,"18"" Laptop Backpack with Adjustable Straps","₹2,999",,,,https://www.ajio.com/converse-18-laptop-backpack-with-adjustable-straps/p/703581431_grey?
The Souled Store,Men Graphic Print Backpack with Crossbody Bag,"₹3,399",,,,https://www.ajio.com/the-souled-store-men-graphic-print-backpack-with-crossbody-bag/p/703583922_black?
Goatter,Men Leather Everyday Backpack,"₹6,160",,,,https://www.ajio.com/goatter-men-leather-everyday-backpack/p/703607106_brown?
Urban Ranger by Pantaloons,Men Laptop Backpack,"₹1,049",,,,https://www.ajio.com/urban-ranger-by-pantaloons-men-laptop-backpack/p/703578465_black?
TOMMY HILFIGER,Laptop Backpack with Logo Print,"₹2,825",4,71,,https://www.ajio.com/tommy-hilfiger-laptop-backpack-with-logo-print/p/467063884_navy?
UNITED COLORS OF BENETTON,Men Printed Backpack with Adjustable Strap,"₹1,214",,,,https://www.ajio.com/united-colors-of-benetton-men-printed-backpack-with-adjustable-strap/p/467045460_black?
MaheTri,Men Leather Backpack with Adjustable Strap,"₹6,500",,,,https://www.ajio.com/mahetri-men-leather-backpack-with-adjustable-strap/p/467055427_brown?
F-GEAR,Men Itachi Backpack with Adjustable Straps,₹679,3,2,,https://www.ajio.com/f-gear-men-itachi-backpack-with-adjustable-straps/p/469736533_green?
TOMMY HILFIGER,"15"" Typographic Print Laptop Backpack","₹2,274",4.4,72,,https://www.ajio.com/tommy-hilfiger-15-typographic-print-laptop-backpack/p/460612698_lightgrey?
Puma,Unisex Brand Cat Print Everyday Backpack,"₹1,629",4,8,,https://www.ajio.com/puma-unisex-brand-cat-print-everyday-backpack/p/469591204_blue?
TEAKWOOD LEATHERS,Textured Everyday Back Pack,"₹5,800",4.5,29,,https://www.ajio.com/teakwood-leathers-textured-everyday-back-pack/p/461855496_black?
FUR JADEN,Backpack with Adjustable Shoulder Strap,"₹3,499",3.5,34,,https://www.ajio.com/fur-jaden-backpack-with-adjustable-shoulder-strap/p/466257298_black?
Urban Tribe,Trans4mer 2.0 Laptop Backpack,"₹2,399",5,2,,https://www.ajio.com/urban-tribe-trans4mer-2-0-laptop-backpack/p/460169704_black?
Wiki,Men Everyday Back Pack with Adjustable Strap,₹431,,,,https://www.ajio.com/wiki-men-everyday-back-pack-with-adjustable-strap/p/701319157_grey?
Priority,Women College Backpack with Pouch - 40L,₹726,4.6,7,,https://www.ajio.com/priority-women-college-backpack-with-pouch---40l/p/701737410_grey?
Wildcraft,Men Backpack with Multiple Compartments,"₹2,999",3.7,7,,https://www.ajio.com/wildcraft-men-backpack-with-multiple-compartments/p/701286984_navy?
F-GEAR,Boys Little Heroes Print Backpack,₹760,,,,https://www.ajio.com/f-gear-boys-little-heroes-print-backpack/p/469736497_red?
TEAKWOOD LEATHERS,Men Everyday Backpack with Adjustable Straps,₹450,,,,https://www.ajio.com/teakwood-leathers-men-everyday-backpack-with-adjustable-straps-/p/701945618_blue?
TEAKWOOD LEATHERS,Men Everyday Backpack with Adjustable Straps,₹450,,,,https://www.ajio.com/teakwood-leathers-men-everyday-backpack-with-adjustable-straps-/p/701945618_grey?
Skybags,Unisex Tribe 14 Inch Laptop Compatible Backpack with Inside Mesh Bottle Pocket - 20L,₹849,3.8,30,,https://www.ajio.com/skybags-unisex-tribe-14-inch-laptop-compatible-backpack-with-inside-mesh-bottle-pocket--20l/p/442172094_navy?
Da Milano,Typographic Print Backpack with Adjustable Strap,"₹12,349",,,,https://www.ajio.com/da-milano-typographic-print-backpack-with-adjustable-strap-/p/701304225_green?
Skybags,Men Archies Typographic Print Backpack,₹889,3.6,32,,https://www.ajio.com/skybags-men-archies-typographic-print-backpack/p/442171458_black?
Skybags,Logo Print Backpack with Front-Zip Pocket,₹843,3.7,19,,https://www.ajio.com/skybags-logo-print-backpack-with-front-zip-pocket/p/469169158_pink?
Puma,Road To Unity Medium Backpack,"₹4,999",4.3,7,,https://www.ajio.com/puma-road-to-unity-medium-backpack/p/469755582_red?
SPRAYGROUND,Men Colour-block Back Pack,"₹9,650",,,,https://www.ajio.com/sprayground-men-colour-block-back-pack/p/701067423_multi?
F-GEAR,"Men Hallstat 17"" Laptop Backpack","₹6,745",,,,https://www.ajio.com/f-gear-men-hallstat-17-laptop-backpack/p/469808686_grey?
VENEER,Men Colourblock Backpack with Zip Closure,"₹4,050",,,,https://www.ajio.com/veneer-men-colourblock-backpack-with-zip-closure/p/466951279_cream?
MOVE-MEANT,Men Back Pack with Zip Closure,"₹2,400",,,https://assets-jiocdn.ajio.com/medias/sys_master/root/20250512/Mnmc/68212d1055340d4b4f2cc2a0/move-meant_black_men_back_pack_with_zip_closure.jpg,https://www.ajio.com/move-meant-men-back-pack-with-zip-closure/p/701568074_black?
Jeep,Men Rectangular Everyday Backpack with Buckle Closure,"₹2,573",,,https://assets-jiocdn.ajio.com/medias/sys_master/root1/20250724/227n/688242468bfb9009ac36b796/jeep_grey_men_rectangular_everyday_backpack_with_buckle_closure.jpg,https://www.ajio.com/jeep-men-rectangular-everyday-backpack-with-buckle-closure/p/702018252_grey?
NU REPUBLIC,Triphop Voyager Edge Laptop Backpack,"₹2,999",,,,https://www.ajio.com/nu-republic-triphop-voyager-edge-laptop-backpack/p/702706378_black?
SASA,Men Camouflage Print Rucksack Backpack,"₹3,599",,,https://assets-jiocdn.ajio.com/medias/sys_master/root1/20260114/jY8N/696782d77ef0c7385c6c8036/sasa_olive_men_camouflage_print_rucksack_backpack.jpg,https://www.ajio.com/sasa-men-camouflage-print-rucksack-backpack-/p/702764613_olive?
Skybags,Unisex Fuse 15.6 Inch Compatible Laptop Backpack with 2 Compartments - 18L,"₹1,625",,,https://assets-jiocdn.ajio.com/medias/sys_master/root1/20260608/yJEX/6a27045814d0c2171930439a/skybags_black_unisex_fuse_15.6_inch_compatible_laptop_backpack_with_2_compartments_-_18l.jpg,https://www.ajio.com/skybags-unisex-fuse-15-6-inch-compatible-laptop-backpack-with-2-compartments--18l/p/4947749020_multi?
HIDESIGN,One Compartment Everyday Backpack,"₹14,245",4.5,2,,https://www.ajio.com/hidesign-one-compartment-everyday-backpack/p/466642222_brown?
Art N Vintage,Men Patchwork Genuine Leather Backpack,"₹11,699",,,,https://www.ajio.com/art-n-vintage-men-patchwork-genuine-leather-backpack/p/466689279_tan?
Strap It,16' Panelled Back Pack,"₹3,500",3.8,4,,https://www.ajio.com/strap-it--16-panelled-back-pack/p/464135612_olive?
HIDESIGN,Men Textured Back Pack,"₹17,095",,,,https://www.ajio.com/hidesign-men-textured-back-pack/p/700961782_olive?
Urban Jungle,Men Padded Laptop Bag,"₹5,223",,,,https://www.ajio.com/urban-jungle-men-padded-laptop-bag/p/703380059_black?
NETPLAY,Men Crossbody Bag with Adjustable Strap,₹999,,,,https://www.ajio.com/netplay-men-crossbody-bag-with-adjustable-strap/p/443700770_olive?
ARMANI EXCHANGE,Men Milano Edition Backpack,"₹10,500",5,2,,https://www.ajio.com/armani-exchange-men-milano-edition-backpack/p/410475779_44984?
Aeropostale,Men Typographic Print Laptop Backpack with Adjustable Shoulder Straps,"₹1,799",3.3,12,,https://www.ajio.com/aeropostale-men-typographic-print-laptop-backpack-with-adjustable-shoulder-straps/p/702263349_black?
MOKOBARA,Men Backpack with Adjustable Straps,"₹8,499",3.4,5,,https://www.ajio.com/mokobara-men-backpack-with-adjustable-straps/p/702171400_olive?
TOMMY HILFIGER,Men Professional Laptop Back Pack,"₹2,624",4.1,95,,https://www.ajio.com/tommy-hilfiger-men-professional-laptop-back-pack/p/700530386_navy?
GUESS,Logo Print Everyday Backpack,"₹8,354",2,2,,https://www.ajio.com/guess-logo-print-everyday-backpack/p/700214780_brown?
TOMMY HILFIGER,Everyday Back Pack with Brand Print,"₹5,576",,,,https://www.ajio.com/tommy-hilfiger-everyday-back-pack-with-brand-print/p/467153609_blue?
UNITED COLORS OF BENETTON,Men Back Pack with Adjustable Straps,"₹2,699",3.3,14,,https://www.ajio.com/united-colors-of-benetton-men-back-pack-with-adjustable-straps/p/467131251_grey?
F-GEAR,Laptop Backpack with Adjustable Shoulder Straps,"₹1,675",4.3,17,,https://www.ajio.com/f-gear-laptop-backpack-with-adjustable-shoulder-straps-/p/4914340160_multi?
OZUKO,8020 Camouflage Print Backpack,"₹6,400",,,,https://www.ajio.com/ozuko-8020-camouflage-print-backpack/p/469396679_black?
F-GEAR,"Men 16"" Laptop Backpack with Metal Accent Logo","₹2,798",,,,https://www.ajio.com/f-gear-men-16-laptop-backpack-with-metal-accent-logo/p/4914340930_multi?
Lunar's,Panelled Backpack with Adjustable Straps,₹849,3.8,55,,https://www.ajio.com/lunar-s-panelled-backpack-with-adjustable-straps/p/469183444_blue?
UNITED COLORS OF BENETTON,Men Everyday Backpack with Adjustable Straps,"₹2,429",4.5,2,,https://www.ajio.com/united-colors-of-benetton-men-everyday-backpack-with-adjustable-straps-/p/467066738_green?
UNITED COLORS OF BENETTON,Men Brand Print Laptop Backpack,"₹2,429",4.3,18,,https://www.ajio.com/united-colors-of-benetton-men-brand-print-laptop-backpack/p/466694869_black?
Pazzo,Travel Bag with Adjustable Strap,"₹1,200",3,2,,https://www.ajio.com/pazzo-travel-bag-with-adjustable-strap/p/469183531_blackred?
F-GEAR,Men Water-Resistant Backpack with Rain Cover,"₹2,980",4.1,15,,https://www.ajio.com/f-gear-men-water-resistant-backpack-with-rain-cover/p/469527245_green?
Wildcraft,Men Geometric Print Water-Repellent Backpack,"₹1,439",4.5,6,,https://www.ajio.com/wildcraft-men-geometric-print-water-repellent-backpack/p/451019339_black?
Gilmore Oak,Men Stripes Back Pack,"₹2,799",,,,https://www.ajio.com/gilmore-oak-men-stripes-back-pack/p/701493289_grey?
Aeropostale,Men Colourblock Laptop Backpack,₹840,,,,https://www.ajio.com/aeropostale-men-colourblock-laptop-backpack/p/467066758_navy?
French Accent,Men Backpack with Top-Handle,"₹2,699",3.7,3,,https://www.ajio.com/french-accent-men-backpack-with-top-handle-/p/466708605_grey?
Reebok,Solid Backpacks Bags,"₹1,259",3.9,13,,https://www.ajio.com/reebok-solid-backpacks-bags/p/469050072_blue?
Puma,Men Team Final Football Backpack,"₹2,423",3.7,3,,https://www.ajio.com/puma-men-team-final-football-backpack/p/469755592_black?
Puma,Brand Print Laptop Backpack III,"₹1,298",3.6,42,,https://www.ajio.com/puma-brand-print-laptop-backpack-iii/p/469147800_black?
KENNETH COLE,Men Laptop Back Pack,"₹2,999",,,,https://www.ajio.com/kenneth-cole-men-laptop-back-pack/p/701578691_grey?
TOMMY HILFIGER,Unisex Laptop Backpack,"₹2,274",4.8,5,,https://www.ajio.com/tommy-hilfiger-unisex-laptop-backpack-/p/702772605_black?
Priority,Men Printed College Backpack with Front Pocket - 31L,₹595,3.2,19,,https://www.ajio.com/priority-men-printed-college-backpack-with-front-pocket---31l/p/701601315_blue?
FUR JADEN,Men Smart Tech Laptop Bag with Dual USB Charging Port,"₹3,799",5,2,,https://www.ajio.com/fur-jaden-men-smart-tech-laptop-bag-with-dual-usb-charging-port/p/702606651_black?
F-GEAR,Men Laptop Backpack with Adjustable Strap,"₹2,380",,,,https://www.ajio.com/f-gear-men-laptop-backpack-with-adjustable-strap/p/702527116_green?
F-GEAR,Men Everlane Backpack with Adjustable Straps,"₹1,798",4.6,5,,https://www.ajio.com/f-gear-men-everlane-backpack-with-adjustable-straps/p/469736530_green?
ARISTOCRAT,Unisex Circuit Casual Backpack with 3 Spacious Compartments - 40L,"₹1,209",,,,https://www.ajio.com/aristocrat-unisex-circuit-casual-backpack-with-3-spacious-compartments--40l/p/4947748620_multi?
UNITED COLORS OF BENETTON,Men Laptop Backpack with Adjustable Straps,"₹2,429",4.4,14,,https://www.ajio.com/united-colors-of-benetton-men-laptop-backpack-with-adjustable-straps--/p/467066658_grey?
Skybags,Unisex Transit 17 Inch Compatible Laptop Backpack with Rain Cover - 29L,"₹2,250",,,,https://www.ajio.com/skybags-unisex-transit-17-inch-compatible-laptop-backpack-with-rain-cover--29l/p/4947749330_multi?
HUGO,Contrast Logo Backpack,"₹20,000",,,,https://www.ajio.com/hugo-contrast-logo-backpack/p/410463465_001?
French Accent,Men Backpack with Zip-Closure,"₹2,960",1,2,,https://www.ajio.com/french-accent-men-backpack-with-zip-closure/p/466536720_black?
Wildcraft,Unisex Printed Everyday Backpack with Adjustable Straps,"₹1,774",,,,https://www.ajio.com/wildcraft-unisex-printed-everyday-backpack-with-adjustable-straps/p/4945751530_multi?
Wildcraft,Unisex Backpack with Adjustable Straps,"₹2,099",,,https://assets-jiocdn.ajio.com/medias/sys_master/root/20250303/Qeg1/67c5991c2960820c49c80ed8/wildcraft_blue_unisex_backpack_with_adjustable_straps.jpg,https://www.ajio.com/wildcraft-unisex-backpack-with-adjustable-straps/p/4929137520_multi?
Wiki,Unisex Twill Everyday Backpack,"₹1,705",,,https://assets-jiocdn.ajio.com/medias/sys_master/root/20240923/trIM/66f12972260f9c41e81cc8f8/wiki_black_unisex_twill_everyday_backpack.jpg,https://www.ajio.com/wiki-unisex-twill-everyday-backpack/p/451019354_black?
UNITED COLORS OF BENETTON,Men Colourblock Backpack with Adjustable Straps,"₹1,934",3.8,8,,https://www.ajio.com/united-colors-of-benetton-men-colourblock-backpack-with-adjustable-straps/p/467045513_multi?
Aeropostale,Women Backpack with Adjustable Strap,₹840,,,https://assets-jiocdn.ajio.com/medias/sys_master/root/20240213/SSGR/65cb714016fd2c6e6af44e81/aeropostale_khaki_women_backpack_with_adjustable_strap.jpg,https://www.ajio.com/aeropostale-women-backpack-with-adjustable-strap/p/467066758_khaki?
Deuter,Men Typographic Print Rucksack with Adjustable Strap,"₹12,999",,,https://assets-jiocdn.ajio.com/medias/sys_master/root/20240925/7EeV/66f40ee5f9b8ef490b672093/deuter_black_men_typographic_print_rucksack_with_adjustable_strap.jpg,https://www.ajio.com/deuter-men-typographic-print-rucksack-with-adjustable-strap/p/700347979_black?
UNITED COLORS OF BENETTON,Men Typographic Print Backpack with Adjustable Strap,"₹1,889",4.5,2,,https://www.ajio.com/united-colors-of-benetton-men-typographic-print-backpack-with-adjustable-strap/p/467046219_navy?
UNITED COLORS OF BENETTON,Men Printed Backpack with Adjustable Strap,"₹1,754",,,,https://www.ajio.com/united-colors-of-benetton-men-printed-backpack-with-adjustable-strap/p/467045571_red?
EUME,Men Padded Laptop Backpack,"₹4,499",,,,https://www.ajio.com/eume-men-padded-laptop-backpack/p/467146885_brown?
Smily Kiddos,Men Printed Back Pack,₹629,,,,https://www.ajio.com/smily-kiddos-men-printed-back-pack-/p/701330875_blue?
Nasher Miles,Kinetics Laptop Backpack with Raincover - 45 L,"₹1,299",,,,https://www.ajio.com/nasher-miles-kinetics-laptop-backpack-with-raincover--45-l/p/701337770_blue?
Nasher Miles,Chelsea Roll-Top Laptop Backpack - 28 L,"₹2,299",,,,https://www.ajio.com/nasher-miles-chelsea-roll-top-laptop-backpack--28-l/p/701345873_green?
Wildcraft,Men Laptop Back Pack,"₹3,388",,,,https://www.ajio.com/wildcraft-men-laptop-back-pack/p/701324909_blue?
Nasher Miles,Manhattan Multipurpose Laptop Backpack - 40 L,"₹7,000",5,2,,https://www.ajio.com/nasher-miles-manhattan-multipurpose-laptop-backpack--40-l/p/701326517_black?
Deuter,Unisex Logo Print Rucksack with Adjustable Shoulder Straps,"₹19,999",,,,https://www.ajio.com/deuter-unisex-logo-print-rucksack-with-adjustable-shoulder-straps/p/700406850_grey?
Swiss Military,Helium Unisex Laptop Backpack,"₹4,943",5,3,,https://www.ajio.com/swiss-military-helium-unisex-laptop-backpack/p/700502354_grey?
Lunar's,Travel Back Pack,₹900,,,,https://www.ajio.com/lunar-s-travel-back-pack/p/700697310_black?
TOMMY HILFIGER,Men Laptop Backpack with Adjustable Straps,"₹3,489",,,,https://www.ajio.com/tommy-hilfiger-men-laptop-backpack-with-adjustable-straps/p/700544070_navy?
Puma,Downtown Backpack,"₹2,689",4.8,4,,https://www.ajio.com/puma-downtown-backpack/p/469682320_purple?
F-GEAR,Men Castle Mettale Brand Print Backpack,₹691,,,,https://www.ajio.com/f-gear-men-castle-mettale-brand-print-backpack/p/469749173_blue?
Wiki,Men Casual Back Pack,"₹1,299",4.5,2,,https://www.ajio.com/wiki-men-casual-back-pack/p/701286106_black?
MOVE-MEANT,Men Logo Print Back Pack with Zip Closure,₹990,,,,https://www.ajio.com/move-meant-men-logo-print-back-pack-with-zip-closure/p/701568023_black?
RED TAPE,Men Logo Print Laptop Backpack,"₹1,200",,,,https://www.ajio.com/red-tape-men-logo-print-laptop-backpack/p/701506114_navy?
RED TAPE,Men Logo Print Laptop Backpack,"₹1,200",,,,https://www.ajio.com/red-tape-men-logo-print-laptop-backpack/p/701505853_olive?
BAD HABIT,Men Stylish Back Pack,₹900,,,,https://www.ajio.com/bad-habit-men-stylish-back-pack/p/701183428_black?
Ajile by Pantaloons,Men Laptop Backpack,"₹1,499",,,,https://www.ajio.com/ajile-by-pantaloons-men-laptop-backpack/p/701389816_charcoal?
SPYKAR,Men Regular Fit Back Pack,₹650,,,,https://www.ajio.com/spykar--men-regular-fit-back-pack/p/701058833_black?
Columbia,Unisex Omni-Shield Triple Canyon 60L Backpack,"₹14,999",,,,https://www.ajio.com/columbia-unisex-omni-shield-triple-canyon-60l-backpack/p/701064579_blue?
Columbia,Unisex Lightweight Packable 21L Backpack,"₹2,499",,,,https://www.ajio.com/columbia-unisex-lightweight-packable-21l-backpack/p/701064834_black?
Cantabil,Colour-block Back Pack,₹959,4.7,3,,https://www.ajio.com/cantabil-colour-block-back-pack/p/701114265_yellow?
Columbia,Unisex Zigzag II 30L Backpack,"₹4,999",4.7,7,,https://www.ajio.com/columbia-unisex-zigzag-ii-30l-backpack/p/701064535_blue?
RED TAPE,Men Logo Print Laptop Backpack,"₹2,100",2.2,5,,https://www.ajio.com/red-tape-men-logo-print-laptop-backpack/p/701504876_navy?
RED TAPE,Men Laptop Back Pack,"₹1,350",,,,https://www.ajio.com/red-tape-men-laptop-back-pack/p/701512739_navy?
Assembly,Men Crossbody Back Pack,"₹1,299",,,,https://www.ajio.com/assembly-men-crossbody-back-pack/p/701504766_grey?
Wiki,Men Printed Crossbody Bag with Adjustable Strap,₹999,,,,https://www.ajio.com/wiki-men-printed-crossbody-bag-with-adjustable-strap/p/701320159_white?
Wiki,Men Everyday Printed Back Pack,"₹1,299",,,,https://www.ajio.com/wiki-men-everyday-printed-back-pack/p/701286362_black?
Wiki,Men Casual Back Pack,"₹1,799",,,,https://www.ajio.com/wiki-men-casual-back-pack/p/701286108_red?
Nasher Miles,Geography Laptop Backpack with Raincover - 31 L,"₹1,299",,,,https://www.ajio.com/nasher-miles-geography-laptop-backpack-with-raincover--31-l/p/701344842_blue?
Nasher Miles,Staten Laptop Backpack with USB Charging - 22 L,"₹2,499",1,2,,https://www.ajio.com/nasher-miles-staten-laptop-backpack-with-usb-charging--22-l/p/701344772_black?
Wildcraft,Unisex Backpack with Multiple Compartments,"₹3,645",2,2,,https://www.ajio.com/wildcraft-unisex-backpack-with-multiple-compartments/p/701288988_rust?
Nasher Miles,Kinetics Laptop Backpack with Raincover - 45 L,"₹1,299",,,,https://www.ajio.com/nasher-miles-kinetics-laptop-backpack-with-raincover--45-l/p/701344838_purple?
Wiki,Men Every day Back Pack,₹753,3.4,5,,https://www.ajio.com/wiki-men-every-day-back-pack/p/701316307_grey?
Nasher Miles,Chelsea Roll-Top Laptop Backpack - 28 L,"₹2,299",,,,https://www.ajio.com/nasher-miles-chelsea-roll-top-laptop-backpack--28-l/p/701345874_grey?
ASTELLER,Men Floral Print Backpack with Adjustable Straps,₹766,,,,https://www.ajio.com/asteller-men-floral-print-backpack-with-adjustable-straps/p/701755677_multi?
ASTELLER,Men Embellished Everyday Back Pack,₹766,,,,https://www.ajio.com/asteller-men-embellished-everyday-back-pack/p/701746221_multi?
RED TAPE,Men Logo Print Laptop Backpack,"₹1,950",,,,https://www.ajio.com/red-tape-men-logo-print-laptop-backpack/p/701504873_olive?
MOVE-MEANT,Men Back Pack with Zip Closure,"₹1,056",,,https://assets-jiocdn.ajio.com/medias/sys_master/root/20250512/ScYv/68212e1955340d4b4f2cdf04/move-meant_black_men_back_pack_with_zip_closure.jpg,https://www.ajio.com/move-meant-men-back-pack-with-zip-closure/p/701568143_black?
RED TAPE,Men Logo Print Laptop Backpack,"₹1,680",,,https://assets-jiocdn.ajio.com/medias/sys_master/root1/20251212/zUZ5/693bf5b9720fb821d38722d3/red_tape_blue_men_logo_print_laptop_backpack.jpg,https://www.ajio.com/red-tape-men-logo-print-laptop-backpack/p/701505854_blue?
Skybags,Men New Neon Typographic Print Backpack,"₹1,678",5,2,,https://www.ajio.com/skybags-men-new-neon-typographic-print-backpack/p/4938295460_multi?
Urban Jungle,Men Water-Resistant Travel Backpack,"₹4,028",,,https://assets-jiocdn.ajio.com/medias/sys_master/root1/20260521/mPX5/6a0f3a74fcb5bb61d2dc22ce/urban_jungle_black_men_water-resistant_travel_backpack.jpg,https://www.ajio.com/urban-jungle-men-water-resistant-travel-backpack/p/4946057800_multi?
Skybags,Unisex Neon Game Over Print Casual Backpack with Side Bottle Pockets - 30L,"₹1,678",5,3,https://assets-jiocdn.ajio.com/medias/sys_master/root/20240527/cjtw/66545bfd16fd2c6e6a2acb39/skybags_black_unisex_neon_game_over_print_casual_backpack_with_side_bottle_pockets_-_30l.jpg,https://www.ajio.com/skybags-unisex-neon-game-over-print-casual-backpack-with-side-bottle-pockets--30l/p/4938295430_multi?
Urban Jungle,"Unisex Water-Resistant 16"" Laptop Backpack","₹3,510",,,,https://www.ajio.com/urban-jungle-unisex-water-resistant-16-laptop-backpack/p/4943917950_multi?
OZUKO,9309 Hiking Backpack with USB Charging,"₹11,950",4.5,2,,https://www.ajio.com/ozuko-9309-hiking-backpack-with-usb-charging/p/469396713_silver?
Reebok,"17"" MYT Printed Backpack","₹1,400",,,,https://www.ajio.com/reebok-17-myt-printed-backpack/p/469286486_blue?
Aeropostale,Typographic Cross Body Bag with Adjustable Strap,"₹1,199",3.2,13,,https://www.ajio.com/aeropostale-typographic-cross-body-bag-with-adjustable-strap/p/467185982_black?
VENEER,Crocs Pattern Back Pack with Zip-Closure,"₹1,350",4.3,4,,https://www.ajio.com/veneer-crocs-pattern-back-pack-with-zip-closure/p/466951281_maroon?
Columbia,Men Travel Backpack with Adjustable Shoulder Straps,"₹5,499",,,,https://www.ajio.com/columbia-men-travel-backpack-with-adjustable-shoulder-straps/p/466969126_orange?
Aeropostale,Men Camouflage Print Laptop Backpack,₹750,,,,https://www.ajio.com/aeropostale-men-camouflage-print-laptop-backpack/p/467054800_olive?
The Vertical,Men Graphic Print Everyday Back Pack,₹800,4,2,,https://www.ajio.com/the-vertical-men-graphic-print-everyday-back-pack-/p/466942341_black?
ZIPLINE,Floral Print Backpack with Adjustable Strap,"₹1,110",5,3,,https://www.ajio.com/zipline-floral-print-backpack-with-adjustable-strap/p/466937170_green?
ZIPLINE,Typographic Back Pack with Zip-Closure,"₹1,000",4.5,2,,https://www.ajio.com/zipline-typographic-back-pack-with-zip-closure/p/466925819_black?
ZIPLINE,Colourblock Backpack with Adjustable Straps,₹950,,,,https://www.ajio.com/zipline-colourblock-backpack-with-adjustable-straps/p/466937134_turquoise?
F-GEAR,Men Brand Print Laptop Backpack,"₹2,495",4.2,6,,https://www.ajio.com/f-gear-men-brand-print-laptop-backpack/p/469736510_black?
POLICE,Jobo 15'' Laptop Backpack with Adjustable Straps,₹945,3.2,9,,https://www.ajio.com/police-jobo-15--laptop-backpack-with-adjustable-straps/p/466016112_navy?
Lino Perros,Men Harvard Felix Backpack,"₹2,178",,,,https://www.ajio.com/lino-perros-men-harvard-felix-backpack/p/469794541_navy?
F-GEAR,Men Haven Chill Out Backpack,"₹1,700",,,,https://www.ajio.com/f-gear-men-haven-chill-out-backpack/p/469736507_black?
Lino Perros,Men Harvard Sky Everyday Backpack,"₹1,998",,,,https://www.ajio.com/lino-perros-men-harvard-sky-everyday-backpack/p/469768452_black?
F-GEAR,Men Cedar Canvas Backpack,"₹1,258",,,,https://www.ajio.com/f-gear-men-cedar-canvas-backpack/p/469808671_khaki?
OZUKO,8020 Brand Print Backpack,"₹6,950",4.5,2,,https://www.ajio.com/ozuko-8020-brand-print-backpack/p/469396677_blue?
Reebok Classic,"18"" CL FO Backpack","₹1,300",,,,https://www.ajio.com/reebok-classic-18-cl-fo-backpack/p/469286497_navyblue?
OZUKO,9309 Camouflage Print Hiking Backpack,"₹12,375",3,2,,https://www.ajio.com/ozuko-9309-camouflage-print-hiking-backpack/p/469396717_blue?
OZUKO,9326 Travel Backpack with Adjustable Straps,"₹13,695",,,,https://www.ajio.com/ozuko-9326-travel-backpack-with-adjustable-straps/p/469396683_green?
Reebok,Solid Backpacks Bags,"₹1,150",,,,https://www.ajio.com/reebok-solid-backpacks-bags/p/469286473_black?
F-GEAR,Men Brand Print Laptop Backpack,"₹1,190",,,,https://www.ajio.com/f-gear-men-brand-print-laptop-backpack/p/469736514_orange?
POLICE,Logo Print Laptop Backpack,"₹2,999",2.8,1.4K,,https://www.ajio.com/police-logo-print-laptop-backpack/p/469460217_red?
FUR JADEN,Men Laptop Backpack with Multiple Compartments,"₹2,199",,,,https://www.ajio.com/fur-jaden-men-laptop-backpack-with-multiple-compartments/p/702598826_grey?
F-GEAR,Men Laptop Backpack with Adjustable Strap,"₹4,980",3.3,3,,https://www.ajio.com/f-gear-men-laptop-backpack-with-adjustable-strap/p/702526935_black?
Decathlon,FORCLAZ - Men Typographic Print Travel Bag with Adjustable Straps,"₹1,859",,,,https://www.ajio.com/decathlon-forclaz--men-typographic-print-travel-bag-with-adjustable-straps/p/702478348_black?
Decathlon,BTWIN - Men Typographic Print Travel Bag with Adjustable Straps,"₹5,199",,,,https://www.ajio.com/decathlon-btwin--men-typographic-print-travel-bag-with-adjustable-straps/p/702478463_grey?
Da Milano,Men Genuine Leather Everyday Back Pack,"₹20,249",,,,https://www.ajio.com/da-milano-men-genuine-leather-everyday-back-pack/p/702430560_navy?
Decathlon,Unisex Water Repellent Office Backpack 25L,"₹3,239",,,,https://www.ajio.com/decathlon-unisex-water-repellent-office-backpack-25l/p/702221496_black?
MOVE-MEANT,Men Typographic Print Back Pack with Zip Closure,₹792,,,,https://www.ajio.com/move-meant-men-typographic-print-back-pack-with-zip-closure/p/701568076_black?
Nasher Miles,Botany Laptop Backpack with Raincover 39 L,"₹1,299",,,,https://www.ajio.com/nasher-miles-botany-laptop-backpack-with-raincover-39-l/p/701550874_blue?
Ajile by Pantaloons,Men Laptop Backpack,"₹1,499",,,,https://www.ajio.com/ajile-by-pantaloons-men-laptop-backpack/p/701389754_black?
OZUKO,Men Travel Back Pack,"₹3,835",,,,https://www.ajio.com/ozuko-men-travel-back-pack/p/702094538_olive?
Decathlon,Unisex Club Multiple Compartments Sports Backpack 17L,₹959,,,,https://www.ajio.com/decathlon-unisex-club-multiple-compartments-sports-backpack-17l/p/702248619_black?
BAD HABIT,Textured Backpack with Adjustable Straps,"₹1,380",,,,https://www.ajio.com/bad-habit-textured-backpack-with-adjustable-straps/p/460143412_tan?
TOMMY HILFIGER,"15"" Laptop Backpack with Zip Pocket","₹2,499",,,,https://www.ajio.com/tommy-hilfiger-15-laptop-backpack-with-zip-pocket/p/460612550_navy?
F-GEAR,Camo Print Textured Backpack,"₹1,980",3.7,27,,https://www.ajio.com/f-gear-camo-print-textured-backpack/p/460327971_camouflage?
Puma,Textured Backpack with Side Pockets,"₹2,999",,,,https://www.ajio.com/puma-textured-backpack-with-side-pockets/p/460397817_black?
OZUKO,Men Travel Back Pack,"₹13,975",,,,https://www.ajio.com/ozuko-men-travel-back-pack/p/702094523_grey?
GAUGE MACHINE,Men Leather Travel Back Pack,"₹3,500",,,https://assets-jiocdn.ajio.com/medias/sys_master/root1/20250905/LotX/68bac2c18bfb9009acde7a7b/gauge_machine_grey_men_leather_travel_back_pack.jpg,https://www.ajio.com/gauge-machine-men-leather-travel-back-pack-/p/702210265_grey?
HIDESIGN,Men Leather Back Pack,"₹14,245",,,https://assets-jiocdn.ajio.com/medias/sys_master/root1/20250821/eiEy/68a725388bfb9009aca352eb/hidesign_tan_men_leather_back_pack.jpg,https://www.ajio.com/hidesign-men-leather-back-pack/p/702117811_tan?
ASICS,Men Backpack 25L,"₹1,645",,,,https://www.ajio.com/asics-men-backpack-25l/p/702106018_blue?
TOMMY HILFIGER,Men Striped Laptop Backpack,"₹12,044",,,https://assets-jiocdn.ajio.com/medias/sys_master/root/20250714/HaJw/68753281b13fc54edd287095/tommy_hilfiger_brown_men_striped_laptop_backpack.jpg,https://www.ajio.com/tommy-hilfiger-men-striped-laptop-backpack/p/701948239_brown?
TEAKWOOD LEATHERS,Men Everyday Backpack with Adjustable Straps,₹820,,,https://assets-jiocdn.ajio.com/medias/sys_master/root/20250714/2pjR/68751812e590ff066e524be0/teakwood_leathers_black_men_everyday_backpack_with_adjustable_straps.jpg,https://www.ajio.com/teakwood-leathers-men-everyday-backpack-with-adjustable-straps-/p/701945612_black?
TEAKWOOD LEATHERS,Men Everyday Zip Closure Back Pack,₹850,,,,https://www.ajio.com/teakwood-leathers-men-everyday-zip-closure-back-pack/p/701947507_navy?
Reebok,Men Everyday Back Pack,"₹1,000",,,,https://www.ajio.com/reebok-men-everyday-back-pack/p/702060516_navy?
Wiki,Men Everyday Backpack,"₹1,579",,,,https://www.ajio.com/wiki-men-everyday-backpack/p/701990229_purple?
F-GEAR,Men Back Pack with Adjustable Shoulder Strap,"₹1,287",,,,https://www.ajio.com/f-gear-men-back-pack-with-adjustable-shoulder-strap/p/701900942_navy?
TOMMY HILFIGER,Men Leather Laptop Backpack,"₹12,044",,,,https://www.ajio.com/tommy-hilfiger-men-leather-laptop-backpack/p/701948239_navy?
VIP,Unisex Legacy Laptop Backpack with USB Port for Office Use - 30L+5L Expandable,"₹8,750",3,2,,https://www.ajio.com/vip-unisex-legacy-laptop-backpack-with-usb-port-for-office-use--30l-5l-expandable/p/701880255_black?
TEAKWOOD LEATHERS,Men Everyday Zip Closure Back Pack,₹820,,,,https://www.ajio.com/teakwood-leathers-men-everyday-zip-closure-back-pack/p/701945612_grey?
TOMMY HILFIGER,Unisex Printed Backpack,"₹7,977",,,,https://www.ajio.com/tommy-hilfiger-unisex-printed-backpack/p/703001118_black?
TOMMY HILFIGER,Unisex Printed Backpack,"₹4,402",,,,https://www.ajio.com/tommy-hilfiger-unisex-printed-backpack/p/703001106_black?
NU REPUBLIC,Triphop Everyday Laptop Backpack,₹799,,,,https://www.ajio.com/nu-republic-triphop-everyday-laptop-backpack/p/702706397_black?
Columbia,Unisex Omni-Shield Blackcomb Ridge 18L Backpack,"₹4,999",,,,https://www.ajio.com/columbia-unisex-omni-shield-blackcomb-ridge-18l-backpack/p/702754311_blue?
UNITED COLORS OF BENETTON,Unisex Colourblock Backpack with Adjustable Straps,"₹2,249",,,,https://www.ajio.com/united-colors-of-benetton-unisex-colourblock-backpack-with-adjustable-straps/p/702946512_purple?
TOMMY HILFIGER,Solid Blue PU Backpack,"₹4,805",,,,https://www.ajio.com/tommy-hilfiger-solid-blue-pu-backpack/p/702937750_blue?
Wiki,Men Printed Laptop Backpack with Shoulder Strap,"₹1,350",,,,https://www.ajio.com/wiki-men-printed-laptop-backpack-with-shoulder-strap/p/702948703_beige?
ASICS,Men Daypack 25L Bag,"₹1,920",,,,https://www.ajio.com/asics-men-daypack-25l-bag/p/702106014_blue?
OZUKO,Men Colourblock Travel Bag with Detachable Strap,"₹3,835",,,,https://www.ajio.com/ozuko-men-colourblock-travel-bag-with-detachable-strap/p/702094538_blue?
UNITED COLORS OF BENETTON,Men Back Pack with Adjustable Shoulder Strap,"₹3,149",,,,https://www.ajio.com/united-colors-of-benetton-men-back-pack-with-adjustable-shoulder-strap/p/702602422_black?
TOMMY HILFIGER,Unisex Laptop Backpack,"₹7,902",,,,https://www.ajio.com/tommy-hilfiger-unisex-laptop-backpack-/p/702600730_beige?
Wildcraft,Men Typographic Print Laptop Back Pack with Zip-Closure,"₹1,099",,,,https://www.ajio.com/wildcraft-men-typographic-print-laptop-back-pack-with-zip-closure/p/701993965_olive?
TOMMY HILFIGER,"15"" Unisex Zander Bolt Laptop Backpack","₹2,404",,,,https://www.ajio.com/tommy-hilfiger-15-unisex-zander-bolt-laptop-backpack/p/469267820_multicolour?
Aeropostale,Men Typographic Print Laptop Backpack with Adjustable Shoulder Straps,"₹1,499",4.6,12,,https://www.ajio.com/aeropostale-men-typographic-print-laptop-backpack-with-adjustable-shoulder-straps/p/702263356_navy?
TOMMY HILFIGER,Unissex Zander Bolt Logo Print Laptop Backpack,"₹2,404",,,,https://www.ajio.com/tommy-hilfiger-unissex-zander-bolt-logo-print-laptop-backpack/p/469267819_multicolour?
Decathlon,SIMOND - Men Colourblock Rucksack with Adjustable Strap,"₹5,199",,,,https://www.ajio.com/decathlon-simond--men-colourblock-rucksack-with-adjustable-strap/p/702483631_blue?
Decathlon,SIMOND - Men Typographic Print Backpack,"₹2,499",,,,https://www.ajio.com/decathlon-simond--men-typographic-print-backpack/p/702484835_mustard?
Urban Jungle,"Unisex Water-Resistant 16"" Laptop Backpack","₹4,000",,,,https://www.ajio.com/urban-jungle-unisex-water-resistant-16-laptop-backpack/p/4943917980_multi?
HUGO,Contrast Logo Backpack,"₹20,000",,,,https://www.ajio.com/hugo-contrast-logo-backpack/p/410463465_237?
Skybags,Unisex Ontrak 17 Inch Compatible Laptop Backpack with Rain Cover - 30L,"₹2,875",,,,https://www.ajio.com/skybags-unisex-ontrak-17-inch-compatible-laptop-backpack-with-rain-cover--30l/p/4947749140_multi?
Urban Jungle,Men Camouflage Print Vertex Multipurpose Backpack,"₹4,557",,,,https://www.ajio.com/urban-jungle-men-camouflage-print-vertex-multipurpose-backpack/p/4946057850_multi?
Wiki,Unisex Cow Print Backpack,"₹1,239",,,,https://www.ajio.com/wiki-unisex-cow-print-backpack/p/442171988_purple?
AMERICAN TOURISTER,Men Mate 3.0 Backpack,"₹2,080",,,,https://www.ajio.com/american-tourister-men-mate-3-0-backpack/p/442171755_green?
Stony Brook by Nasher Miles,Laptop Bag Pack with Padded Straps,"₹1,040",,,,https://www.ajio.com/stony-brook-by-nasher-miles-laptop-bag-pack-with-padded-straps/p/466158517_blue?
OZUKO,9509 Carbon Fiber Backpack,"₹6,765",,,,https://www.ajio.com/ozuko-9509-carbon-fiber-backpack/p/469481323_black?
Stony Brook by Nasher Miles,Striped Laptop Backpack with Adjustable Strap,"₹1,040",,,,https://www.ajio.com/stony-brook-by-nasher-miles-striped-laptop-backpack-with-adjustable-strap/p/466191710_grey?
Wiki,Men Casual Back Pack,"₹1,299",4.5,2,,https://www.ajio.com/wiki-men-casual-back-pack/p/701286106_red?
Wiki,Men Casual Back Pack,"₹1,299",4.5,2,,https://www.ajio.com/wiki-men-casual-back-pack/p/701286106_navy?
Nasher Miles,Madison Laptop Backpack with USB Charging - 22 L,"₹2,499",,,,https://www.ajio.com/nasher-miles-madison-laptop-backpack-with-usb-charging--22-l/p/701337814_blue?
Nasher Miles,Queens Laptop Backpack with USB Charging - 22 L,"₹2,499",,,,https://www.ajio.com/nasher-miles-queens-laptop-backpack-with-usb-charging--22-l/p/701344788_blue?
Nasher Miles,Brooklyn Multipurpose Laptop Backpack - 30 L,"₹5,998",,,,https://www.ajio.com/nasher-miles-brooklyn-multipurpose-laptop-backpack--30-l/p/701326106_grey?
Nasher Miles,Madison Laptop Backpack with USB Charging - 22 L,"₹2,499",,,,https://www.ajio.com/nasher-miles-madison-laptop-backpack-with-usb-charging--22-l/p/701345326_yellow?
TOMMY HILFIGER,Pebbled Textured With Embossed Backpack,"₹10,502",,,https://assets-jiocdn.ajio.com/medias/sys_master/root/20250320/UWd6/67dc005755340d4b4f7b6b2f/tommy_hilfiger_black_pebbled_textured_with_embossed_backpack.jpg,https://www.ajio.com/tommy-hilfiger-pebbled-textured-with-embossed-backpack/p/701358615_black?
Wiki,Men Everyday Back Pack with Adjustable Strap,₹860,3.4,5,https://assets-jiocdn.ajio.com/medias/sys_master/root/20250308/P2Ji/67cc1d662960820c49dbf671/wiki_black_men_everyday_back_pack_with_adjustable_strap.jpg,https://www.ajio.com/wiki-men-everyday-back-pack-with-adjustable-strap/p/701316307_black?
TOMMY HILFIGER,Pebbled Textured With Embossed Backpack,"₹10,502",,,,https://www.ajio.com/tommy-hilfiger-pebbled-textured-with-embossed-backpack/p/701358617_tan?
TOMMY HILFIGER,Zip Closure Leather Back Pack,"₹10,502",,,https://assets-jiocdn.ajio.com/medias/sys_master/root/20250324/3Nft/67e0647a7a6cd4182f78be1d/tommy_hilfiger_navy_zip_closure_leather__back_pack.jpg,https://www.ajio.com/tommy-hilfiger-zip-closure-leather-back-pack/p/701367241_navy?
Nasher Miles,Geography Laptop Backpack with Raincover - 31 L,"₹1,299",,,https://assets-jiocdn.ajio.com/medias/sys_master/root/20250314/j8ud/67d336962960820c49eba999/nasher_miles_green_geography_laptop_backpack_with_raincover_-_31_l.jpg,https://www.ajio.com/nasher-miles-geography-laptop-backpack-with-raincover--31-l/p/701337818_green?
Decathlon,Newfeel - Men Shibuya Hybrid Water Resistant Backpacks 17L,"₹3,889",,,,https://www.ajio.com/decathlon-newfeel--men-shibuya-hybrid-water-resistant-backpacks-17l/p/702248627_beige?
SPYKAR,Colourblock Backpack with Adjustable Straps,"₹1,125",4.3,3,https://assets-jiocdn.ajio.com/medias/sys_master/root/20230526/SznR/647029ce42f9e729d7e05281/spykar_yellow_colourblock_backpack_with_adjustable_straps.jpg,https://www.ajio.com/spykar-colourblock-backpack-with-adjustable-straps-/p/465517962_yellow?
SPYKAR,Everyday Backpack with Shoulder Straps,"₹1,400",,,https://assets-jiocdn.ajio.com/medias/sys_master/root/20230526/N2Om/64700e2342f9e729d7dca395/spykar_grey_everyday_backpack_with_shoulder_straps.jpg,https://www.ajio.com/spykar-everyday-backpack-with-shoulder-straps-/p/465373265_grey?
SPYKAR,Colourblock Everyday Back Pack with Adjustable Strap,"₹1,125",5,3,,https://www.ajio.com/spykar-colourblock-everyday-back-pack-with-adjustable-strap/p/465557806_multi?
SPYKAR,Backpack with Adjustable Straps,"₹1,750",3.7,15,,https://www.ajio.com/spykar-backpack-with-adjustable-straps-/p/465366017_navy?
Leather World,Textured Travel Back Pack with Adjustable Strap,₹960,4,119,,https://www.ajio.com/leather-world-textured-travel-back-pack-with-adjustable-strap/p/462389061_multi?
Wildcraft,Unisex Typographic Print Everyday Backpack with Adjustable Straps,"₹1,493",,,,https://www.ajio.com/wildcraft-unisex-typographic-print-everyday-backpack-with-adjustable-straps/p/4945751510_multi?
Wildcraft,Unisex Evo 35 Patterned Backpack,"₹1,349",,,,https://www.ajio.com/wildcraft-unisex-evo-35-patterned-backpack/p/4928673400_multi?
SPYKAR,Quilted Backpack with Adjustable Straps,"₹1,250",2.6,5,,https://www.ajio.com/spykar-quilted-backpack-with-adjustable-straps-/p/465366026_green?
POLICE,Kevin Names 15'' Laptop Backpack with Adjustable Straps,"₹1,653",1.6,5,,https://www.ajio.com/police-kevin-names-15--laptop-backpack-with-adjustable-straps/p/466016130_navy?
Wildcraft,Unisex Printed Backpack with Adjustable Straps,"₹2,848",5,2,,https://www.ajio.com/wildcraft-unisex-printed-backpack-with-adjustable-straps/p/442171992_black?
Haute Sauce,Textured Everyday Back Pack,"₹2,418",,,,https://www.ajio.com/haute-sauce-textured-everyday-back-pack/p/466197606_beige?
Skybags,Unisex Ontrak 17 Inch Compatible Laptop Backpack with Rain Cover - 30L,"₹2,875",,,,https://www.ajio.com/skybags-unisex-ontrak-17-inch-compatible-laptop-backpack-with-rain-cover--30l/p/4947749130_multi?
BAD HABIT,Heathered Back Pack with Adjustable Straps,"₹2,564",,,,https://www.ajio.com/bad-habit-heathered-back-pack-with-adjustable-straps/p/463022080_grey?
La Martina,Men Criss-Cross Brand Backpack,"₹5,599",,,,https://www.ajio.com/la-martina-men-criss-cross-brand-backpack/p/410538672_bk?
OZUKO,9223 Brand Print Crossbody Bag,"₹4,200",3.6,5,,https://www.ajio.com/ozuko-9223-brand-print-crossbody-bag/p/469396727_multi?
Tortoise,"15"" Laptop Backpack with Adjustable Straps","₹1,980",4,2,,https://www.ajio.com/tortoise-15-laptop-backpack-with-adjustable-straps/p/469135085_black?
IMPULSE,"Men 16"" Anti-Scratch Laptop Backpack","₹1,562",2.5,2,,https://www.ajio.com/impulse-men-16-anti-scratch-laptop-backpack/p/469482957_grey?
OZUKO,9223 Brand Print Crossbody Bag,"₹4,500",3.7,3,,https://www.ajio.com/ozuko-9223-brand-print-crossbody-bag/p/469396739_blue?
OZUKO,9326 Travel Backpack with Adjustable Straps,"₹12,400",,,,https://www.ajio.com/ozuko-9326-travel-backpack-with-adjustable-straps/p/469396689_black?
OZUKO,9309 Hiking Backpack with USB Charging,"₹11,385",,,,https://www.ajio.com/ozuko-9309-hiking-backpack-with-usb-charging/p/469396719_multi?
Reebok,Solid Backpacks Bags,"₹1,200",,,,https://www.ajio.com/reebok-solid-backpacks-bags/p/469286477_navyblue?
OZUKO,9409 Travel Backpack with Adjustable Straps,"₹11,635",,,,https://www.ajio.com/ozuko-9409-travel-backpack-with-adjustable-straps/p/469396707_grey?
Lunar's,Travel Bag with Adjustable Strap,₹599,,,,https://www.ajio.com/lunar-s-travel-bag-with-adjustable-strap/p/469183509_blackpurple?
Pazzo,Travel Bag with Adjustable Strap,"₹1,100",2.3,7,,https://www.ajio.com/pazzo-travel-bag-with-adjustable-strap/p/469183536_blackblue?
Lunar's,Backpack with Adjustable Shoulder Straps,₹850,3.2,11,,https://www.ajio.com/lunar-s-backpack-with-adjustable-shoulder-straps/p/460523010_black?
ZIPLINE,Striped Backpack with Adjustable Strap,₹950,5,3,,https://www.ajio.com/zipline-striped-backpack-with-adjustable-strap/p/466937165_green?
F-GEAR,Men Printed Backpack with Adjustable Straps,"₹1,104",,,,https://www.ajio.com/f-gear-men-printed-backpack-with-adjustable-straps/p/469736503_green?
Lino Perros,Men Padded Laptop Backpack,"₹2,708",3.8,5,,https://www.ajio.com/lino-perros-men-padded-laptop-backpack/p/469751366_darkgrey?
Lino Perros,"Men Harvard Vault 15"" Laptop Backpack","₹1,698",,,,https://www.ajio.com/lino-perros-men-harvard-vault-15-laptop-backpack/p/469791778_black?
MATRICE,Laptop Backpack with Adjustable Straps,"₹1,435",,,,https://www.ajio.com/matrice-laptop-backpack-with-adjustable-straps/p/464664091_blue?
TOMMY HILFIGER,"Camouflage Print 16"" Laptop Backpack","₹2,868",2,4,,https://www.ajio.com/tommy-hilfiger-camouflage-print-16-laptop-backpack/p/467069952_olive?
Astrid,Laptop Back Pack with 2 Compartment,"₹1,155",3.5,2,,https://www.ajio.com/astrid-laptop-back-pack-with-2-compartment-/p/465020385_violet?
SPYKAR,Adjustable Straps Everyday Backpack,"₹3,000",,,,https://www.ajio.com/spykar-adjustable-straps-everyday-backpack/p/465364303_olive?
Reebok,Men Brand Print Everyday Backpack,"₹1,539",,,,https://www.ajio.com/reebok-men-brand-print-everyday-backpack/p/460742985_green?
BAD HABIT,Textured Backpack with Adjustable Shoulder Straps,₹900,1.7,3,,https://www.ajio.com/bad-habit-textured-backpack-with-adjustable-shoulder-straps/p/461067739_blue?
BAD HABIT,Laptop Backpack with Adjustable Shoulder Straps,"₹2,374",,,,https://www.ajio.com/bad-habit-laptop-backpack-with-adjustable-shoulder-straps-/p/460143430_blue?
VENEER,Men Backpack with Adjustable Shoulder Strap,₹945,3.5,4,,https://www.ajio.com/veneer-men-backpack-with-adjustable-shoulder-strap/p/466951275_tan?
TOMMY HILFIGER,Back Pack with Adjustable Shoulder Strap,"₹5,576",,,,https://www.ajio.com/tommy-hilfiger-back-pack-with-adjustable-shoulder-strap/p/466944579_grey?
UNITED COLORS OF BENETTON,"Men 15"" Everyday Backpack with Brand Print","₹2,499",2.9,7,,https://www.ajio.com/united-colors-of-benetton-men-15-everyday-backpack-with-brand-print/p/467071020_green?
UNITED COLORS OF BENETTON,Men Printed Backpack with Adjustable Strap,"₹1,304",4.1,7,https://assets-jiocdn.ajio.com/medias/sys_master/root/20240206/N8J1/65c21d268cdf1e0df5ed139e/united_colors_of_benetton_red_men_printed_backpack_with_adjustable_strap.jpg,https://www.ajio.com/united-colors-of-benetton-men-printed-backpack-with-adjustable-strap/p/467046246_red?
UNITED COLORS OF BENETTON,Men Printed Backpack with Adjustable Strap,"₹2,159",4.5,11,https://assets-jiocdn.ajio.com/medias/sys_master/root/20240206/S4gM/65c1470a8cdf1e0df5ea20f5/united_colors_of_benetton_red_men_printed_backpack_with_adjustable_strap.jpg,https://www.ajio.com/united-colors-of-benetton-men-printed-backpack-with-adjustable-strap/p/467045567_red?
Pazzo,"19"" Typographic Print Laptop Backpack with Adjustable Straps",₹810,,,,https://www.ajio.com/pazzo-19-typographic-print-laptop-backpack-with-adjustable-straps/p/466479067_black?
Lino Perros,Men Harvard Felix Backpack,"₹1,863",,,https://assets-jiocdn.ajio.com/medias/sys_master/root1/20251117/SdkK/691ac22488d6d62ff8ece5a3/lino_perros_beige_men_harvard_felix_backpack.jpg,https://www.ajio.com/lino-perros-men-harvard-felix-backpack/p/469794541_beige?
Lunar's,Panelled Backpack with Adjustable Straps,₹849,4.2,5,https://assets-jiocdn.ajio.com/medias/sys_master/root/20220413/aJrm/6256f3fdaeb26921af1e13b3/lunar%27s_blue_panelled_backpack_with_adjustable_straps.jpg,https://www.ajio.com/lunar-s-panelled-backpack-with-adjustable-straps/p/469183446_blue?
F-GEAR,Unisex Tropical Print Everyday Backpack,"₹1,198",4.2,26,,https://www.ajio.com/f-gear-unisex-tropical-print-everyday-backpack/p/469513479_blue?
F-GEAR,Men Judy Everyday Backpack with Adjustable Straps,₹872,,,https://assets-jiocdn.ajio.com/medias/sys_master/root/20250225/Q93r/67bdbcc459f8353980f3fbea/f-gear_maroon_men_judy_everyday_backpack_with_adjustable_straps.jpg,https://www.ajio.com/f-gear-men-judy-everyday-backpack-with-adjustable-straps/p/469749205_maroon?
TOMMY HILFIGER,Unisex Printed Backpack,"₹5,595",,,https://assets-jiocdn.ajio.com/medias/sys_master/root1/20260220/b6eK/699894f6cbfa0d56082828a1/tommy_hilfiger_dark_green_unisex_printed_backpack.jpg,https://www.ajio.com/tommy-hilfiger-unisex-printed-backpack/p/703001114_green?
UNITED COLORS OF BENETTON,Unisex Printed Backpack,"₹2,249",5,2,,https://www.ajio.com/united-colors-of-benetton-unisex-printed-backpack/p/703001057_navy?
TOMMY HILFIGER,Unisex Printed Backpack,"₹7,199",,,,https://www.ajio.com/tommy-hilfiger-unisex-printed-backpack/p/703001125_black?
UNITED COLORS OF BENETTON,Men Graphic Print Everyday Backpack,"₹2,249",,,,https://www.ajio.com/united-colors-of-benetton-men-graphic-print-everyday-backpack/p/702941663_olive?
Decathlon,Unisex Multiple Compartments Fitness Backpack,₹999,,,,https://www.ajio.com/decathlon-unisex-multiple-compartments-fitness-backpack/p/703169537_black?
PROVOGUE,Unisex Crossbody Laptop Bag,₹809,,,,https://www.ajio.com/provogue-unisex-crossbody-laptop-bag/p/703195517_black?
Da Milano,Men Printed Backpack with Adjustable Straps,"₹17,099",,,,https://www.ajio.com/da-milano-men-printed-backpack-with-adjustable-straps/p/703204715_brown?
WROGN,Men Back Pack with Buckle Closure,"₹3,499",,,,https://www.ajio.com/wrogn-men-back-pack-with-buckle-closure/p/703358839_black?
WROGN,Polyester Everyday Backpack,"₹2,475",,,,https://www.ajio.com/wrogn-polyester-everyday-backpack/p/703112008_olive?
TOMMY HILFIGER,Unisex Printed Backpack,"₹4,402",,,,https://www.ajio.com/tommy-hilfiger-unisex-printed-backpack/p/703001106_brown?
Decathlon,Men Checked Backpack with Adjustable Shoulder Straps,"₹8,198",,,,https://www.ajio.com/decathlon-men-checked-backpack-with-adjustable-shoulder-straps-/p/703202450_red?
ARISTOCRAT,Men Geometric Print Backpack with Adjustable Strap,"₹1,599",,,,https://www.ajio.com/aristocrat-men-geometric-print-backpack-with-adjustable-strap/p/703418792_grey?
Wildcraft,Men Backpack with Adjustable Strap,"₹2,174",,,,https://www.ajio.com/wildcraft-men-backpack-with-adjustable-strap/p/703587328_black?
Wildcraft,Men Backpack with Adjustable Strap,"₹2,024",,,,https://www.ajio.com/wildcraft-men-backpack-with-adjustable-strap/p/703587621_black?
ALDO,Unisex Everyday Back Pack,"₹10,499",,,,https://www.ajio.com/aldo-unisex-everyday-back-pack/p/703326948_green?
LOTTO,Unisex Elevate Everyday Backpack,"₹2,500",,,,https://www.ajio.com/lotto-unisex-elevate-everyday-backpack/p/703404809_black?
Wildcraft,Men Backpack with Adjustable Strap,"₹2,174",,,,https://www.ajio.com/wildcraft-men-backpack-with-adjustable-strap/p/703587328_olive?
TEAKWOOD LEATHERS,Men Everyday Backpack,"₹1,400",,,,https://www.ajio.com/teakwood-leathers-men-everyday-backpack/p/703581560_black?
Wildcraft,Men Colourblock Backpack with Adjustable Strap,"₹2,362",,,,https://www.ajio.com/wildcraft-men-colourblock-backpack-with-adjustable-strap/p/703587435_red?
Wildcraft,Men Backpack with Adjustable Strap,"₹2,174",,,,https://www.ajio.com/wildcraft-men-backpack-with-adjustable-strap/p/703587328_blue?
TEAKWOOD LEATHERS,Men Expandable Laptop Travel Backpack,"₹3,100",,,,https://www.ajio.com/teakwood-leathers-men-expandable-laptop-travel-backpack/p/703578060_grey?
ANKIT INTERNATIONAL,"18"" Typographic Print Backpack with Adjustable Straps","₹1,535",,,,https://www.ajio.com/ankit-international-18-typographic-print-backpack-with-adjustable-straps/p/466628187_orange?
French Accent,Men Laptop Back Pack with Zip-Closure,"₹2,949",,,,https://www.ajio.com/french-accent-men-laptop-back-pack-with-zip-closure/p/700353305_blue?
Columbia,Men Leaf Print Rucksack Backpack,"₹4,999",3.5,2,,https://www.ajio.com/columbia-men-leaf-print-rucksack-backpack/p/467043520_black?
Puma,Brand Print Backpack with Adjustable Straps,"₹1,369",,,,https://www.ajio.com/puma-brand-print-backpack-with-adjustable-straps/p/700189769_black?
Puma,"Men Brand Print 17"" Laptop Backpack","₹1,259",4.4,17,,https://www.ajio.com/puma-men-brand-print-17-laptop-backpack/p/469477841_blue?
Columbia,Men Travel Backpack with Adjustable Strap,"₹2,499",,,,https://www.ajio.com/columbia-men-travel-backpack-with-adjustable-strap/p/701139015_blue?
Hummel,Men Everyday Back Pack,₹495,,,,https://www.ajio.com/hummel-men-everyday-back-pack/p/701450899_red?
VENEER,Backpack with Adjustable Shoulder Strap,₹945,3.5,4,,https://www.ajio.com/veneer-backpack-with-adjustable-shoulder-strap/p/466951275_white?
Puma,Men Logo Print Backpack,"₹1,513",,,,https://www.ajio.com/puma-men-logo-print-backpack/p/469682327_pink?
Puma,Men teamGOAL Premium XL Football Backpack,"₹1,756",,,,https://www.ajio.com/puma-men-teamgoal-premium-xl-football-backpack/p/469755375_blue?
UNITED COLORS OF BENETTON,Men Laptop Backpack with Zip Closure,"₹2,474",4.9,8,,https://www.ajio.com/united-colors-of-benetton-men-laptop-backpack-with-zip-closure-/p/702214622_olive?
Columbia,Unisex Helvetia II 14L Backpack,"₹5,499",,,,https://www.ajio.com/columbia-unisex-helvetia-ii-14l-backpack/p/701492641_blue?
Wildcraft,Men Typographic Print Laptop Back Pack with Zip-Closure,"₹1,099",,,,https://www.ajio.com/wildcraft-men-typographic-print-laptop-back-pack-with-zip-closure/p/701993957_blue?
TOMMY HILFIGER,Men Laptop Backpack with Zip Closure & Adjustable Strap,"₹2,799",3.3,12,,https://www.ajio.com/tommy-hilfiger-men-laptop-backpack-with-zip-closure--adjustable-strap/p/700530356_navy?
Da Milano,Men Genuine Leather Everyday Back Pack,"₹20,249",,,,https://www.ajio.com/da-milano-men-genuine-leather-everyday-back-pack/p/702430560_brown?
UNITED COLORS OF BENETTON,Men Laptop Backpack with Zip Closure,"₹2,699",3.6,5,,https://www.ajio.com/united-colors-of-benetton-men-laptop-backpack-with-zip-closure-/p/702214705_navy?
TOMMY HILFIGER,Unisex Buckingham 15 Inch Backpack,"₹10,502",,,https://assets-jiocdn.ajio.com/medias/sys_master/root/20240920/7I4Q/66ed6014f9b8ef490b558777/tommy_hilfiger_black_unisex_buckingham_15_inch_backpack.jpg,https://www.ajio.com/tommy-hilfiger-unisex-buckingham-15-inch-backpack/p/442173572_black?
ARMANI EXCHANGE,Madrid Crossbody Bag,"₹14,999",,,https://assets-jiocdn.ajio.com/medias/sys_master/root1/20260303/Rht1/69a7078d4970ce6a6e0bf0a6/armani_exchange_black_madrid_crossbody_bag.jpg,https://www.ajio.com/armani-exchange-madrid-crossbody-bag/p/410561348_uc001?
Reebok,"17"" Laptop Backpack with Brand Print",₹909,,,,https://www.ajio.com/reebok-17-laptop-backpack-with-brand-print/p/460847914_red?
Puma,Logo Print Backpack with Adjustable Shoulder Strap,"₹2,799",5,2,https://assets-jiocdn.ajio.com/medias/sys_master/root/20240404/w57P/660e911c05ac7d77bbf57960/puma_puma_black-aop_logo_print_backpack_with_adjustable_shoulder_strap.jpg,https://www.ajio.com/puma-logo-print-backpack-with-adjustable-shoulder-strap/p/467100960_black?
Lino Perros,"Men Harvard Vault 15"" Laptop Backpack","₹1,499",,,https://assets-jiocdn.ajio.com/medias/sys_master/root1/20251104/H21g/6909ed9188d6d62ff8c0a5cb/lino_perros_grey_men_harvard_vault_15%22_laptop_backpack.jpg,https://www.ajio.com/lino-perros-men-harvard-vault-15-laptop-backpack/p/469791778_grey?
ARISTOCRAT,Men Geometric Print Backpack with Adjustable Strap,"₹2,000",,,,https://www.ajio.com/aristocrat-men-geometric-print-backpack-with-adjustable-strap/p/703418759_black?
ARISTOCRAT,Men Backpack with Adjustable Strap,"₹1,599",,,https://assets-jiocdn.ajio.com/medias/sys_master/root1/20260507/fm2c/69fbaaca14d0c21719c16fbe/aristocrat_green_men_backpack_with_adjustable_strap.jpg,https://www.ajio.com/aristocrat-men-backpack-with-adjustable-strap/p/703418810_green?
Wiki,Men Casual Back Pack,"₹1,499",,,https://assets-jiocdn.ajio.com/medias/sys_master/root/20250302/33Sw/67c47da959f83539800f9b0e/wiki_yellow_men_casual_back_pack.jpg,https://www.ajio.com/wiki-men-casual-back-pack/p/701286351_yellow?
GUESS,Geometric Back Pack,"₹6,757",,,,https://www.ajio.com/guess-geometric-back-pack/p/701113141_green?
Wiki,Men Casual Back Pack,"₹2,499",,,,https://www.ajio.com/wiki-men-casual-back-pack/p/701286118_black?
Nasher Miles,Botany Laptop Backpack with Raincover 39 L,"₹1,299",,,,https://www.ajio.com/nasher-miles-botany-laptop-backpack-with-raincover-39-l/p/701532793_green?
Roar for Good,Convertible Backpack with Leather Details,"₹1,490",,,,https://www.ajio.com/roar-for-good-convertible-backpack-with-leather-details/p/467003634_black?
VENEER,Men Backpack with Zip Closure & Adjustable Strap,"₹1,080",4.4,29,,https://www.ajio.com/veneer-men-backpack-with-zip-closure--adjustable-strap/p/466951287_tan?
Puma,Men teamGOAL Premium XL Football Backpack,"₹1,502",3.8,4,,https://www.ajio.com/puma-men-teamgoal-premium-xl-football-backpack/p/469755378_blue?
BAD HABIT,Textured Studded Backpack with Side Pockets,"₹4,559",,,,https://www.ajio.com/bad-habit-textured-studded-backpack-with-side-pockets/p/460143418_black?
Travel Blue,Laptop Backpack with Adjustable Straps,"₹3,599",,,,https://www.ajio.com/travel-blue-laptop-backpack-with-adjustable-straps/p/700291118_grey?
French Accent,Men Colourblock Laptop Back Pack with Zip-Closure,"₹2,949",,,,https://www.ajio.com/french-accent-men-colourblock-laptop-back-pack-with-zip-closure/p/700353259_pink?
Lunar's,Bingo Laptop Bag,₹900,3.5,42,,https://www.ajio.com/lunar-s-bingo-laptop-bag/p/469183436_blue?
Deuter,Men Back Pack with Adjustable Straps,"₹7,999",,,,https://www.ajio.com/deuter-men-back-pack-with-adjustable-straps/p/700690816_green?
NELUMBO NUCIFERA,Men Self-design Back Pack,"₹14,000",,,,https://www.ajio.com/nelumbo-nucifera-men-self-design-back-pack/p/701551345_blue?
REDHORNS,Men Nylon Back Pack,"₹3,500",,,,https://www.ajio.com/redhorns-men-nylon-back-pack-/p/701181456_blue?
Deuter,Men Polyster Back Pack,"₹9,999",,,,https://www.ajio.com/deuter-men-polyster-back-pack/p/701195624_green?
Deuter,Men Logo Print Travel Backpack,"₹8,999",,,,https://www.ajio.com/deuter-men-logo-print-travel-backpack/p/701362584_black?
Deuter,Men Logo Print Travel Backpack,"₹7,999",,,,https://www.ajio.com/deuter-men-logo-print-travel-backpack/p/701362614_brown?
French Accent,"14"" Laptop Backpack with Zip Closure","₹3,789",,,,https://www.ajio.com/french-accent-14-laptop-backpack-with-zip-closure/p/466513393_brown?
ft frequent Traveller,Men Laptop Backpack with Multiple Pockets,"₹3,495",,,,https://www.ajio.com/ft-frequent-traveller-men-laptop-backpack-with-multiple-pockets/p/700312729_black?
Lunar's,Backpack with Front-Zip Pocket,"₹1,699",,,,https://www.ajio.com/lunar-s-backpack-with-front-zip-pocket/p/460311986_black?
Urban Tribe,"TRANS4MER 2.0 15"" Laptop Backpack","₹2,399",3.1,11,,https://www.ajio.com/urban-tribe-trans4mer-2-0-15-laptop-backpack/p/460169705_navy?
NIKE,Hayward Futura Laptop Backpack with Branding,"₹3,495",,,,https://www.ajio.com/nike-hayward-futura-laptop-backpack-with-branding-/p/460121204_black?
Jeep,Men Rectangular Everyday Backpack with Padded Back,"₹3,822",,,,https://www.ajio.com/jeep-men-rectangular-everyday-backpack-with-padded-back/p/702018301_blue?
Deuter,Men Classic Back Pack,"₹6,499",,,,https://www.ajio.com/deuter-men-classic-back-pack/p/702140757_blue?
Ajile by Pantaloons,Men Back Pack with Multiple Font Pockets,"₹1,599",,,,https://www.ajio.com/ajile-by-pantaloons-men-back-pack-with-multiple-font-pockets/p/701878380_olive?
Deuter,Men Classic Back Pack,"₹6,999",,,,https://www.ajio.com/deuter-men-classic-back-pack/p/702140803_blue?
Deuter,Men Graphic Everyday Back Pack,"₹19,999",,,,https://www.ajio.com/deuter-men-graphic-everyday-back-pack/p/702451503_green?
Scarters,Men Graphic Everyday Back Pack,"₹11,799",,,,https://www.ajio.com/scarters-men-graphic-everyday-back-pack/p/702517394_black?
Lunar's,Backpack with Front-Zip Pocket,"₹1,699",,,,https://www.ajio.com/lunar-s-backpack-with-front-zip-pocket/p/460311986_blue?
Strap It,Solid Back Pack,"₹3,500",3.6,5,,https://www.ajio.com/strap-it-solid-back-pack/p/464147252_multi?
Haute Sauce,Backpack with Adjustable Strap,"₹2,418",,,,https://www.ajio.com/haute-sauce-backpack-with-adjustable-strap/p/466184662_black?
The Vertical,Men Backpack with Adjustable Straps,"₹2,199",,,,https://www.ajio.com/the-vertical-men-backpack-with-adjustable-straps/p/467104821_black?
Brown Bear,Solid Everyday Back Pack,"₹13,410",,,,https://www.ajio.com/brown-bear-solid-everyday-back-pack/p/463240692_brown?
Lunar's,Backpack with Front-Zip Pocket,"₹1,699",,,,https://www.ajio.com/lunar-s-backpack-with-front-zip-pocket/p/460311986_navyblue?
Art N Vintage,Men Genuine Leather Backpack,"₹11,699",,,,https://www.ajio.com/art-n-vintage-men-genuine-leather-backpack/p/466689271_olive?
Travel Blue,Men Logo Pattern Laptop Back Pack,"₹2,699",,,,https://www.ajio.com/travel-blue-men-logo-pattern-laptop-back-pack/p/700295693_grey?
ANKIT INTERNATIONAL,"18"" Typographic Print Backpack with Adjustable Straps","₹1,535",,,,https://www.ajio.com/ankit-international-18-typographic-print-backpack-with-adjustable-straps/p/466628187_grey?
Lunar's,Panelled Laptop Travel Bag,₹950,3.6,5,,https://www.ajio.com/lunar-s-panelled-laptop-travel-bag/p/469183529_blue?
F-GEAR,Men Printed Backpack with Adjustable Straps,"₹2,760",4.4,8,https://assets-jiocdn.ajio.com/medias/sys_master/root/20250513/QEoc/682331017a6cd4182f2b7110/f-gear_black_men_printed_backpack_with_adjustable_straps.jpg,https://www.ajio.com/f-gear-men-printed-backpack-with-adjustable-straps/p/469736504_black?
FUR JADEN,"15.6"" Typographic Print Laptop Backpack","₹3,499",4.2,17,https://assets-jiocdn.ajio.com/medias/sys_master/root1/20260401/Fdw9/69cd299c9e784a25d5afe9a8/fur_jaden_grey_15.6%22_typographic_print_laptop_backpack.jpg,https://www.ajio.com/fur-jaden-15-6-typographic-print-laptop-backpack/p/466249786_grey?
F-GEAR,Everyday Backpack with Adjustable Straps,"₹1,745",3.6,44,,https://www.ajio.com/f-gear-everyday-backpack-with-adjustable-straps/p/460848869_black?
Aeropostale,Men Typographic Print Backpack with Zip Closure,₹840,,,https://assets-jiocdn.ajio.com/medias/sys_master/root/20240208/jIKc/65c501d116fd2c6e6ae8beb2/aeropostale_olive_men_typographic_print_backpack_with_zip_closure.jpg,https://www.ajio.com/aeropostale-men-typographic-print-backpack-with-zip-closure/p/467054837_olive?
Columbia,Men Camouflage Print Backpack with Adjustable Strap,"₹4,999",2.3,3,https://assets-jiocdn.ajio.com/medias/sys_master/root/20240925/Lp8z/66f40a95260f9c41e827804d/columbia_blue_men_camouflage_print_backpack_with_adjustable_strap.jpg,https://www.ajio.com/columbia-men-camouflage-print-backpack-with-adjustable-strap/p/466969116_blue?
Pazzo,Men Colourblock Backpack with Adjustable Straps,₹336,3.5,4,,https://www.ajio.com/pazzo-men-colourblock-backpack-with-adjustable-straps/p/466884896_red?
Nasher Miles,Botany Laptop Backpack with Raincover 39 L,"₹1,299",,,https://assets-jiocdn.ajio.com/medias/sys_master/root/20250502/Rjw6/6814c27c7a6cd4182f09a6da/nasher_miles_cream_botany_laptop_backpack_with_raincover_39_l.jpg,https://www.ajio.com/nasher-miles-botany-laptop-backpack-with-raincover-39-l/p/701522285_cream?
MOKOBARA,The Transit Unisex Multipurpose Briefcase,"₹5,499",4.8,10,https://assets-jiocdn.ajio.com/medias/sys_master/root/20240610/ALPU/666716a416fd2c6e6a728efd/mokobara_black_the_transit_unisex_multipurpose_briefcase.jpg,https://www.ajio.com/mokobara-the-transit-unisex-multipurpose-briefcase/p/467076390_black?
Skybags,"Unisex Thala CSK 16.5"" Compatible Laptop Backpack with USB Port & Rain Cover-24L","₹2,205",,,,https://www.ajio.com/skybags-unisex-thala-csk-16-5-compatible-laptop-backpack-with-usb-port--rain-cover-24l/p/4947749290_multi?
AMERICAN TOURISTER,Men Herd 3.0 Backpack,"₹2,160",,,,https://www.ajio.com/american-tourister-men-herd-3-0-backpack/p/442171751_black?
TOMMY HILFIGER,Printed Backpack with Pouch,"₹1,899",,,,https://www.ajio.com/tommy-hilfiger-printed-backpack-with-pouch/p/460710756_blue?
TOMMY HILFIGER,Men Back Pack,"₹3,489",,,,https://www.ajio.com/tommy-hilfiger-men-back-pack/p/700544070_grey?
UNITED COLORS OF BENETTON,Men Printed Backpack with Adjustable Strap,"₹1,214",,,,https://www.ajio.com/united-colors-of-benetton-men-printed-backpack-with-adjustable-strap/p/467045460_blue?
VENEER,Men Backpack with Adjustable Shoulder Strap,₹945,3.5,4,,https://www.ajio.com/veneer-men-backpack-with-adjustable-shoulder-strap/p/466951275_grey?
VENEER,Backpack with Adjustable Shoulder Strap,₹945,3.5,4,,https://www.ajio.com/veneer-backpack-with-adjustable-shoulder-strap/p/466951275_red?
Columbia,Unisex Zigzag II 22L Printed Backpack,"₹3,999",,,,https://www.ajio.com/columbia-unisex-zigzag-ii-22l-printed-backpack/p/701064562_blue?
SPYKAR,Men Regular Fit Back Pack,₹650,,,,https://www.ajio.com/spykar--men-regular-fit-back-pack/p/701058813_blue?
Nasher Miles,Williamsburg Laptop Backpack - 35 L,"₹6,999",,,,https://www.ajio.com/nasher-miles-williamsburg-laptop-backpack--35-l/p/701326100_pink?
Nasher Miles,Manhattan Multipurpose Laptop Backpack - 40 L,"₹7,000",,,,https://www.ajio.com/nasher-miles-manhattan-multipurpose-laptop-backpack--40-l/p/701326533_blue?
Lunar's,"Unisex 15"" Laptop Backpack",₹900,,,,https://www.ajio.com/lunar-s-unisex-15-laptop-backpack/p/700748166_navy?
Nasher Miles,Geography Laptop Backpack with Raincover - 31 L,"₹1,359",,,,https://www.ajio.com/nasher-miles-geography-laptop-backpack-with-raincover--31-l/p/701356736_cream?
Columbia,Unisex Omni-Shade Tandem Trail II 22L Backpack,"₹4,999",,,,https://www.ajio.com/columbia-unisex-omni-shade-tandem-trail-ii-22l-backpack/p/701361845_green?
Nasher Miles,Soho Roll-Top Laptop Backpack - 25 L,"₹2,199",,,,https://www.ajio.com/nasher-miles-soho-roll-top-laptop-backpack--25-l/p/701337718_pink?
GIOIA,Men Laptop Backpack with Adjustable Strap,"₹15,003",,,,https://www.ajio.com/gioia-men-laptop-backpack-with-adjustable-strap/p/700031600_black?
Columbia,Unisex Zigzag II 22L Backpack,"₹3,499",3,3,,https://www.ajio.com/columbia-unisex-zigzag-ii-22l-backpack/p/701064559_navy?
Columbia,Unisex Lightweight Packable 21L Backpack,"₹2,499",,,,https://www.ajio.com/columbia-unisex-lightweight-packable-21l-backpack/p/701064834_blue?
Da Milano,Men Textured Back Pack,"₹13,877",,,,https://www.ajio.com/da-milano-men-textured-back-pack/p/700983080_brown?
F-GEAR,Men Castle Brand Print Backpack,₹691,2.5,2,,https://www.ajio.com/f-gear-men-castle-brand-print-backpack/p/469749174_navyblue?
F-GEAR,Men Burner Oxford Geometric Print Backpack,₹905,,,,https://www.ajio.com/f-gear-men-burner-oxford-geometric-print-backpack/p/469749167_grey?
F-GEAR,"Men 17"" Laptop Backpack","₹2,398",5,4,,https://www.ajio.com/f-gear-men-17-laptop-backpack/p/469584295_green?
Puma,Colourblock Everyday Backpack,"₹1,225",3.9,16,,https://www.ajio.com/puma-colourblock-everyday-backpack/p/469284737_blue?
KENNETH COLE,Men Laptop Back Pack,"₹2,999",,,,https://www.ajio.com/kenneth-cole-men-laptop-back-pack/p/701576443_grey?
RED TAPE,Men Laptop Back Pack,"₹1,350",2.5,2,,https://www.ajio.com/red-tape-men-laptop-back-pack/p/701507495_grey?
SPYKAR,Men Regular Fit Back Pack,₹650,,,,https://www.ajio.com/spykar-men-regular-fit-back-pack/p/701058812_blue?
Smily Kiddos,Men Self-design Back Pack,₹839,,,,https://www.ajio.com/smily-kiddos-men-self-design-back-pack/p/701220534_purple?
Nasher Miles,Tetris Laptop Backpack with Raincover 36 L,"₹1,299",,,,https://www.ajio.com/nasher-miles-tetris-laptop-backpack-with-raincover-36-l/p/701522102_red?
RED TAPE,Men Logo Print Laptop Backpack,"₹1,800",,,,https://www.ajio.com/red-tape-men-logo-print-laptop-backpack/p/701506126_grey?
KENNETH COLE,Men Laptop Back Pack,"₹3,249",,,,https://www.ajio.com/kenneth-cole-men-laptop-back-pack/p/701578705_navy?
TOMMY HILFIGER,Everyday Casual Back Pack,"₹2,323",4,9,,https://www.ajio.com/tommy-hilfiger-everyday-casual-back-pack/p/701358608_navy?
Puma,Colourblock Laptop Backpack,"₹1,679",,,,https://www.ajio.com/puma-colourblock-laptop-backpack/p/467020630_black?
F-GEAR,"Unisex Brand Print 14"" Laptop Backpack","₹2,380",3.8,4,,https://www.ajio.com/f-gear-unisex-brand-print-14-laptop-backpack/p/469513456_grey?
OZUKO,9386 Camouflage Print Hiking Backpack,"₹12,250",3.8,5,,https://www.ajio.com/ozuko-9386-camouflage-print-hiking-backpack/p/469396693_black?
OZUKO,9223 Brand Print Crossbody Bag,"₹4,500",4,3,,https://www.ajio.com/ozuko-9223-brand-print-crossbody-bag/p/469396743_black?
EUME,Men Laptop Backpack with Adjustable Straps,"₹4,299",,,,https://www.ajio.com/eume-men-laptop-backpack-with-adjustable-straps/p/467284984_green?
ZIPLINE,Typographic Print Backpack with Adjustable Strap,"₹1,000",1,2,,https://www.ajio.com/zipline-typographic-print-backpack-with-adjustable-strap-/p/466937740_navy?
UNITED COLORS OF BENETTON,Men Printed Backpack with Adjustable Strap,"₹1,304",,,https://assets-jiocdn.ajio.com/medias/sys_master/root/20240206/aZzL/65c1631f8cdf1e0df5eaac46/united_colors_of_benetton_blue_men_printed_backpack_with_adjustable_strap.jpg,https://www.ajio.com/united-colors-of-benetton-men-printed-backpack-with-adjustable-strap/p/467045520_blue?
VENEER,Men Backpack with Zip Closure & Adjustable Strap,"₹1,215",3,4,https://assets-jiocdn.ajio.com/medias/sys_master/root/20240105/wJBS/65983b8274cb305fe0060fa6/veneer_black_men_backpack_with_zip_closure_%26_adjustable_strap.jpg,https://www.ajio.com/veneer-men-backpack-with-zip-closure--adjustable-strap/p/466951238_black?
UNITED COLORS OF BENETTON,Men Printed Backpack with Adjustable Strap,"₹1,754",4.3,3,,https://www.ajio.com/united-colors-of-benetton-men-printed-backpack-with-adjustable-strap/p/467045463_black?
F-GEAR,Boys Little Heroes Print Backpack,₹760,,,https://assets-jiocdn.ajio.com/medias/sys_master/root/20250513/p5r4/68232ede7a6cd4182f2b651b/f-gear_black_boys_little_heroes_print_backpack.jpg,https://www.ajio.com/f-gear-boys-little-heroes-print-backpack/p/469736498_black?
Puma,Printed Everyday Backpack with Adjustable Straps,"₹1,250",,,https://assets-jiocdn.ajio.com/medias/sys_master/root1/20250904/xEts/68b98faa3d468c61abc75769/puma_blue_printed_everyday_backpack_with_adjustable_straps.jpg,https://www.ajio.com/puma-printed-everyday-backpack-with-adjustable-straps/p/469452877_blue?
Reebok,Solid Backpacks Bags,₹909,,,,https://www.ajio.com/reebok-solid-backpacks-bags/p/469286493_purple?
Puma,"15"" Logo Print Backpack","₹1,979",5,4,https://assets-jiocdn.ajio.com/medias/sys_master/root/20240108/Csgi/659c1a9c54c30e62769be0fe/puma_black_15%22_logo_print_backpack.jpg,https://www.ajio.com/puma-15-logo-print-backpack/p/469564025_black?
Lunar's,Panelled Backpack with Adjustable Straps,₹849,3.6,28,https://assets-jiocdn.ajio.com/medias/sys_master/root/20220413/dPA2/6256f1bcf997dd03e25b3f49/lunar%27s_black_panelled_backpack_with_adjustable_straps.jpg,https://www.ajio.com/lunar-s-panelled-backpack-with-adjustable-straps/p/469183451_black?
F-GEAR,Girls Graphic Print Backpack,₹760,,,,https://www.ajio.com/f-gear-girls-graphic-print-backpack/p/469736494_peach?
F-GEAR,Boys Little Heroes Print Backpack,₹760,,,,https://www.ajio.com/f-gear-boys-little-heroes-print-backpack/p/469736499_grey?
F-GEAR,Men Haven Typographic Print Sports Backpack,"₹1,700",3.8,8,,https://www.ajio.com/f-gear-men-haven-typographic-print-sports-backpack/p/469736506_blue?
F-GEAR,Girls Graphic Print Backpack,₹760,,,,https://www.ajio.com/f-gear-girls-graphic-print-backpack/p/469736496_pink?
MOVE-MEANT,Men Logo Print Back Pack with Zip Closure,₹990,,,,https://www.ajio.com/move-meant-men-logo-print-back-pack-with-zip-closure/p/701568117_teal?
KOSHER,Men Typographic Print Backpack with Adjustable Straps,₹600,,,,https://www.ajio.com/kosher-men-typographic-print-backpack-with-adjustable-straps/p/702088586_blue?
OZUKO,Men Travel Back Pack,"₹6,825",,,,https://www.ajio.com/ozuko-men-travel-back-pack/p/702094524_black?
Decathlon,Kipsta - Unisex Urban Multiple Compartments Sports Backpack 25L,"₹3,439",,,,https://www.ajio.com/decathlon-kipsta--unisex-urban-multiple-compartments-sports-backpack-25l/p/702221494_black?
Da Milano,Everyday Back Pack with Zip Closure,"₹11,399",,,,https://www.ajio.com/da-milano-everyday-back-pack-with-zip-closure-/p/701827933_olive?
Wiki,Men Everyday Backpack,"₹1,499",,,,https://www.ajio.com/wiki-men-everyday-backpack/p/701990343_red?
KOSHER,Men Laptop Backpack with Multiple Pockets,₹600,,,,https://www.ajio.com/kosher-men-laptop-backpack-with-multiple-pockets/p/702048621_blue?
F-GEAR,Men Back Pack with Adjustable Shoulder Strap,"₹1,287",,,,https://www.ajio.com/f-gear-men-back-pack-with-adjustable-shoulder-strap/p/701900941_black?
F-GEAR,Men Backpack with Adjustable Strap,"₹1,287",,,,https://www.ajio.com/f-gear-men-backpack-with-adjustable-strap/p/701908588_green?
ALDO,Back Pack with 2 Compartments,"₹8,399",,,,https://www.ajio.com/aldo-back-pack-with-2-compartments/p/701971566_black?
TEAKWOOD LEATHERS,Men Everyday Zip Closure Back Pack,₹450,,,,https://www.ajio.com/teakwood-leathers-men-everyday-zip-closure-back-pack/p/701945618_green?
UNITED COLORS OF BENETTON,Unisex Printed Backpack,"₹2,249",,,,https://www.ajio.com/united-colors-of-benetton-unisex-printed-backpack/p/703001070_green?
The Souled Store,Nomad Odyssey|Nomad - Men Graphic Print Backpack with Adjustable Strap,"₹3,699",,,,https://www.ajio.com/the-souled-store-nomad-odyssey-nomad--men-graphic-print-backpack-with-adjustable-strap/p/703082710_blue?
Jack & Jones,Unisex Leather Everyday Backpack,"₹14,999",,,,https://www.ajio.com/jack--jones-unisex-leather-everyday-backpack/p/702630015_brown?
UNITED COLORS OF BENETTON,Men Graphic Print Everyday Backpack,"₹2,249",,,,https://www.ajio.com/united-colors-of-benetton-men-graphic-print-everyday-backpack/p/702941663_grey?
Aeropostale,Unisex Multi-Purpose Organizer Backpack,"₹1,499",,,,https://www.ajio.com/aeropostale-unisex-multi-purpose-organizer-backpack/p/702791434_grey?
EUME,Men Self-design Laptop Backpack,"₹6,498",,,,https://www.ajio.com/eume-men-self-design-laptop-backpack/p/701732133_brown?
ASTELLER,Men Embellished Everyday Back Pack,₹766,,,,https://www.ajio.com/asteller-men-embellished-everyday-back-pack/p/701746217_multi?
ALDO,Men Everyday Back Pack,"₹8,399",,,,https://www.ajio.com/aldo--men-everyday-back-pack/p/701753762_multi?
OZUKO,Men Colourblock Travel bag,"₹6,825",,,,https://www.ajio.com/ozuko-men-colourblock-travel-bag/p/702094524_grey?
TOMMY HILFIGER,Men Colourblock Backpack with Adjustable Straps,"₹3,599",3.8,4,,https://www.ajio.com/tommy-hilfiger-men-colourblock-backpack-with-adjustable-straps/p/469556624_multi?
TOMMY HILFIGER,Laptop Dedicated I-Pad Sleeve Back Pack,"₹3,449",,,,https://www.ajio.com/tommy-hilfiger-laptop-dedicated-i-pad-sleeve-back-pack-/p/702264651_navy?
Decathlon,ROCKRIDER - Men Typographic Print Travel Backpack,"₹6,199",,,,https://www.ajio.com/decathlon-rockrider--men-typographic-print-travel-backpack/p/702485204_black?
Decathlon,Forclaz - Women Capacity Tote Shoulder Bag 15L,"₹1,999",,,,https://www.ajio.com/decathlon-forclaz--women-capacity-tote-shoulder-bag-15l/p/702478350_black?
Wildcraft,Unisex Graphic Print Everyday Backpack with Adjustable Straps,"₹1,774",,,,https://www.ajio.com/wildcraft-unisex-graphic-print-everyday-backpack-with-adjustable-straps/p/4945751520_multi?
Skybags,Unisex Neon Typographic Print Casual Backpack with Side Bottle Pockets - 30L,"₹1,678",,,,https://www.ajio.com/skybags-unisex-neon-typographic-print-casual-backpack-with-side-bottle-pockets--30l/p/4938295470_multi?
POLICE,Margret Pro 15'' Laptop Backpack with Adjustable Straps,"₹1,485",,,,https://www.ajio.com/police-margret-pro-15--laptop-backpack-with-adjustable-straps/p/466016115_navy?
Stony Brook by Nasher Miles,Striped Travel Back Pack with Padded Straps,₹780,,,,https://www.ajio.com/stony-brook-by-nasher-miles-striped-travel-back-pack-with-padded-straps/p/466158503_blue?
Wildcraft,Unisex Back Pack,"₹2,069",2.3,3,,https://www.ajio.com/wildcraft-unisex-back-pack/p/701316565_red?
Nasher Miles,Staten Laptop Backpack with USB Charging - 22 L,"₹2,499",,,,https://www.ajio.com/nasher-miles-staten-laptop-backpack-with-usb-charging--22-l/p/701337731_blue?
Nasher Miles,Physics Laptop Backpack with Raincover - 31 L,"₹1,299",,,,https://www.ajio.com/nasher-miles-physics-laptop-backpack-with-raincover--31-l/p/701345322_black?
Nasher Miles,Psychology Laptop Backpack with Raincover - 45 L,"₹1,299",,,,https://www.ajio.com/nasher-miles-psychology-laptop-backpack-with-raincover--45-l/p/701337789_orange?
BAD HABIT,Men Everyday Back Pack,"₹2,100",,,,https://www.ajio.com/bad-habit-men-everyday-back-pack/p/702386908_black?
EA7 Emporio Armani,Men Logo Print Backpack with Contrast Maxi Logo,"₹18,999",,,https://assets-jiocdn.ajio.com/medias/sys_master/root/20230621/Yk0D/64931456d55b7d0c639dc4cd/ea7_emporio_armani_black_men_logo_print_backpack_with_contrast_maxi_logo.jpg,https://www.ajio.com/ea7-emporio-armani-men-logo-print-backpack-with-contrast-maxi-logo/p/410386318_26321?
SPYKAR,Backpack with Adjustable Straps,"₹1,250",3.5,2,https://assets-jiocdn.ajio.com/medias/sys_master/root/20230624/mBqu/6496c951a9b42d15c9e8f4ac/spykar_black_backpack_with_adjustable_straps.jpg,https://www.ajio.com/spykar-backpack-with-adjustable-straps-/p/465366023_black?
Stony Brook by Nasher Miles,Striped Laptop Back Pack with Padded Straps,"₹1,040",,,,https://www.ajio.com/stony-brook-by-nasher-miles-striped-laptop-back-pack-with-padded-straps/p/466158508_black?
Wildcraft,Unisex Graphic Print Backpack with Adjustable Straps,"₹2,053",,,https://assets-jiocdn.ajio.com/medias/sys_master/root/20250303/YcZU/67c598262960820c49c808a1/wildcraft_blue_unisex_graphic_print_backpack_with_adjustable_straps.jpg,https://www.ajio.com/wildcraft-unisex-graphic-print-backpack-with-adjustable-straps/p/4945740720_multi?
Wildcraft,Unisex Typographic Print Everyday Backpack,"₹1,474",,,https://assets-jiocdn.ajio.com/medias/sys_master/root/20250303/yT5F/67c598a059f835398013d294/wildcraft_multicoloured_unisex_typographic_print_everyday_backpack.jpg,https://www.ajio.com/wildcraft-unisex-typographic-print-everyday-backpack/p/4945741790_multi?
UNITED COLORS OF BENETTON,Unisex Balsam 14 Inch Laptop Backpack,"₹2,969",,,,https://www.ajio.com/united-colors-of-benetton-unisex-balsam-14-inch-laptop-backpack/p/442416719_yellow?
UNITED COLORS OF BENETTON,Unisex Otis Casual Backpack,"₹1,754",,,,https://www.ajio.com/united-colors-of-benetton-unisex-otis-casual-backpack/p/442416734_yellow?
OZUKO,9386 Waterproof Hiking Backpack,"₹12,250",,,,https://www.ajio.com/ozuko-9386-waterproof-hiking-backpack/p/469396695_blue?
Lunar's,Neo Laptop Travel Bag,"₹1,199",4.5,2,,https://www.ajio.com/lunar-s-neo-laptop-travel-bag/p/469183493_blue?
Reebok,Brand Print Backpack,"₹1,609",3.7,6,,https://www.ajio.com/reebok-brand-print-backpack/p/460847915_black?
VENEER,Men Backpack with Zip Closure & Adjustable Strap,"₹1,215",3,4,,https://www.ajio.com/veneer-men-backpack-with-zip-closure--adjustable-strap/p/466951238_brown?
F-GEAR,Men Castle Picante Brand Print Backpack,₹704,,,,https://www.ajio.com/f-gear-men-castle-picante-brand-print-backpack/p/469749175_red?
TOMMY HILFIGER,Unisex Jaylen Laptop Backpack,"₹3,699",4.2,6,,https://www.ajio.com/tommy-hilfiger-unisex-jaylen-laptop-backpack/p/469267828_red?
F-GEAR,Men Printed Backpack,"₹1,072",4.8,4,,https://www.ajio.com/f-gear-men-printed-backpack/p/469527244_black?
TOMMY HILFIGER,"15"" Colourblock Laptop Backpack with Zip Pocket","₹1,439",,,,https://www.ajio.com/tommy-hilfiger-15-colourblock-laptop-backpack-with-zip-pocket/p/460612599_royalblue?
The Vertical,Men Typographic Print Laptop Backpack with Adjustable Straps,₹800,,,,https://www.ajio.com/the-vertical-men-typographic-print-laptop-backpack-with-adjustable-straps/p/466922073_black?
Pazzo,Men Colourblock Backpack with Adjustable Straps,₹336,3,2,,https://www.ajio.com/pazzo-men-colourblock-backpack-with-adjustable-straps/p/466884931_black?
Amswan,Men Backpack with Adjustable Straps,₹600,,,,https://www.ajio.com/amswan-men-backpack-with-adjustable-straps-/p/467081667_orange?
F-GEAR,Men Castle Spruce Brand Print Backpack,₹704,3.7,3,,https://www.ajio.com/f-gear-men-castle-spruce-brand-print-backpack/p/469749176_green?
UNITED COLORS OF BENETTON,Unisex Printed Backpack,"₹2,249",,,,https://www.ajio.com/united-colors-of-benetton-unisex-printed-backpack/p/703001070_purple?
Decathlon,Simond - Men Alpinism 22 Robustness Mountaineering Backpacks 22L,"₹3,499",,,,https://www.ajio.com/decathlon-simond--men-alpinism-22-robustness-mountaineering-backpacks-22l/p/703125490_blue?
Decathlon,Simond - Unisex MK Canyoning Abrasion Resistant Trekking Backpacks 30L,"₹5,199",,,,https://www.ajio.com/decathlon-simond--unisex-mk-canyoning-abrasion-resistant-trekking-backpacks-30l/p/703117303_orange?
ARISTOCRAT,Men Geometric Print Backpack with Adjustable Strap,"₹1,099",,,,https://www.ajio.com/aristocrat-men-geometric-print-backpack-with-adjustable-strap/p/703418759_blue?
ARISTOCRAT,Unisex Chip 15.6 Inch Compatible Laptop Backpack with Rain Cover - 32L,"₹1,489",,,,https://www.ajio.com/aristocrat-unisex-chip-15-6-inch-compatible-laptop-backpack-with-rain-cover--32l/p/4944887310_multi?
Wildcraft,Men Backpack with Adjustable Strap,"₹2,474",,,,https://www.ajio.com/wildcraft-men-backpack-with-adjustable-strap/p/703587588_multi?
Wildcraft,Men Backpack with Adjustable Strap,"₹2,024",,,,https://www.ajio.com/wildcraft-men-backpack-with-adjustable-strap/p/703587621_blue?
Wildcraft,Men Backpack with Adjustable Strap,"₹2,174",,,,https://www.ajio.com/wildcraft-men-backpack-with-adjustable-strap/p/703587328_multi?
Wildcraft,Men Backpack with Adjustable Strap,"₹1,874",,,,https://www.ajio.com/wildcraft-men-backpack-with-adjustable-strap/p/703587508_blue?
Wildcraft,Men Backpack with Adjustable Strap,"₹2,474",,,,https://www.ajio.com/wildcraft-men-backpack-with-adjustable-strap/p/703587588_blue?
Wildcraft,Men Backpack with Adjustable Strap,"₹2,474",,,,https://www.ajio.com/wildcraft-men-backpack-with-adjustable-strap/p/703587588_black?
Wildcraft,Men Backpack with Adjustable Strap,"₹2,174",,,,https://www.ajio.com/wildcraft-men-backpack-with-adjustable-strap/p/703587328_grey?
Wildcraft,Men Backpack with Adjustable Strap,"₹1,874",,,,https://www.ajio.com/wildcraft-men-backpack-with-adjustable-strap/p/703587508_navy?
F-GEAR,"17"" Textured Laptop Backpack","₹1,192",2.9,15,,https://www.ajio.com/f-gear-17-textured-laptop-backpack/p/469274091_navyblue?
ARMANI EXCHANGE,Logo Print Backpack with Zip Closure,"₹11,999",4,40,,https://www.ajio.com/armani-exchange-logo-print-backpack-with-zip-closure/p/410310435_00020?
TOMMY HILFIGER,Men Colourblock Laptop Backpack,"₹2,474",4.8,6,,https://www.ajio.com/tommy-hilfiger-men-colourblock-laptop-backpack/p/469556623_multi?
Haute Sauce,Textured Everyday Back Pack,"₹1,866",,,,https://www.ajio.com/haute-sauce-textured-everyday-back-pack/p/466197558_black?
VENEER,Men Backpack with Zip Closure & Adjustable Strap,"₹2,160",3,7,,https://www.ajio.com/veneer-men-backpack-with-zip-closure--adjustable-strap/p/466951294_brown?
French Accent,"14"" Laptop Backpack with Snap-Button Closure","₹3,789",5,2,,https://www.ajio.com/french-accent-14-laptop-backpack-with-snap-button-closure/p/466513392_black?
French Accent,Men Backpack with Front-Pocket,"₹2,699",3.8,5,,https://www.ajio.com/french-accent-men-backpack-with-front-pocket/p/466708510_black?
UNITED COLORS OF BENETTON,Men Typographic Print Laptop Backpack with Adjustable Straps,"₹3,149",3.8,6,,https://www.ajio.com/united-colors-of-benetton-men-typographic-print-laptop-backpack-with-adjustable-straps/p/467110757_black?
HIDESIGN,One Compartment Everyday Backpack,"₹11,395",,,,https://www.ajio.com/hidesign-one-compartment-everyday-backpack/p/466654664_brown?
POLICE,Logo Print Backpack,"₹2,999",2.6,2.9K,,https://www.ajio.com/police-logo-print-backpack/p/469460215_black?
VENEER,Men Back Pack with Adjustable Strap,"₹2,160",2.9,7,,https://www.ajio.com/veneer-men-back-pack-with-adjustable-strap/p/467123129_tan?
Lunar's,Backpack with Adjustable Shoulder Straps,₹850,3.2,11,,https://www.ajio.com/lunar-s-backpack-with-adjustable-shoulder-straps/p/460523010_navyblue?
VENEER,Men Croc-Embossed Backpack with Zip Closure,"₹1,350",4.3,4,https://assets-jiocdn.ajio.com/medias/sys_master/root/20240105/JIcO/65980a6954c30e627696db0a/veneer_brown_men_croc-embossed_backpack_with_zip_closure.jpg,https://www.ajio.com/veneer-men-croc-embossed-backpack-with-zip-closure/p/466951281_brown?
VENEER,Backpack with Adjustable Shoulder Straps,"₹1,188",3,2,https://assets-jiocdn.ajio.com/medias/sys_master/root/20240307/hH8n/65e996ca05ac7d77bb9dbcb4/veneer_black_backpack_with_adjustable_shoulder_straps.jpg,https://www.ajio.com/veneer-backpack-with-adjustable-shoulder-straps/p/467123101_black?
VENEER,Men Backpack with Adjustable Shoulder Strap,"₹1,350",1,2,,https://www.ajio.com/veneer-men-backpack-with-adjustable-shoulder-strap/p/466951297_grey?
UNITED COLORS OF BENETTON,Men Brand Print Backpack,"₹2,429",1.5,2,https://assets-jiocdn.ajio.com/medias/sys_master/root/20231011/d3Ih/6525ad1eddf779151931f8a1/united_colors_of_benetton_navy_blue_men_brand_print_backpack.jpg,https://www.ajio.com/united-colors-of-benetton-men-brand-print-backpack/p/466694848_navy?
Da Milano,Men Typographic Print Backpack with Logo Applique,"₹14,249",,,https://assets-jiocdn.ajio.com/medias/sys_master/root/20250528/Vacm/68361b1955340d4b4f6186ee/da_milano_purple_men_typographic_print_backpack_with_logo_applique.jpg,https://www.ajio.com/da-milano-men-typographic-print-backpack-with-logo-applique/p/701624126_purple?
ARMANI EXCHANGE,Ginevra Embossed Backpack,"₹20,999",,,,https://www.ajio.com/armani-exchange-ginevra-embossed-backpack/p/410560733_uc001?
Columbia,Men Pritned Travel Backpack,"₹4,999",2.3,3,,https://www.ajio.com/columbia-men-pritned-travel-backpack/p/466969116_black?
UNITED COLORS OF BENETTON,Men Typographic Print Backpack with Adjustable Strap,"₹1,304",,,,https://www.ajio.com/united-colors-of-benetton-men-typographic-print-backpack-with-adjustable-strap/p/467045520_green?
Puma,Man Puma Back Pack,"₹2,999",4.7,3,,https://www.ajio.com/puma-man-puma-back-pack/p/700683895_brown?
Columbia,Unisex Omni-Shade Tandem Trail II 22L Backpack,"₹4,999",,,,https://www.ajio.com/columbia-unisex-omni-shade-tandem-trail-ii-22l-backpack/p/701364325_yellow?
NIKE,Heritage Brand Print Mini Backpack,"₹2,495",,,,https://www.ajio.com/nike-heritage-brand-print-mini-backpack/p/469814275_purple?
Puma,Men Phase Brand Print Gym Rucksack,₹799,,,,https://www.ajio.com/puma-men-phase-brand-print-gym-rucksack/p/469755445_black?
PROVOGUE,Unisex Colourblock Travel Backpack,"₹2,046",,,,https://www.ajio.com/provogue-unisex-colourblock-travel-backpack/p/703195515_red?
EUME,Unisex Nylon Laptop Backpack,"₹6,099",,,,https://www.ajio.com/eume-unisex-nylon-laptop-backpack/p/703485868_blue?
ARISTOCRAT,Men Geometric Print Backpack with Adjustable Strap,"₹1,209",,,,https://www.ajio.com/aristocrat-men-geometric-print-backpack-with-adjustable-strap/p/703418354_black?
Lunar's,Panelled Backpack with Adjustable Straps,₹849,3.6,31,,https://www.ajio.com/lunar-s-panelled-backpack-with-adjustable-straps/p/469183442_blue?
OZUKO,9309 Hiking Backpack with USB Charging,"₹12,155",,,,https://www.ajio.com/ozuko-9309-hiking-backpack-with-usb-charging/p/469396715_black?
OZUKO,9223 Brand Print Crossbody Bag,"₹4,200",,,,https://www.ajio.com/ozuko-9223-brand-print-crossbody-bag/p/469396731_black?
ANKIT INTERNATIONAL,Graphic Print Backpack with Adjustable Straps,"₹1,553",,,,https://www.ajio.com/ankit-international-graphic-print-backpack-with-adjustable-straps/p/466622676_pink?
Art N Vintage,Solid Back Pack,"₹11,699",,,,https://www.ajio.com/art-n-vintage-solid-back-pack/p/466689365_tan?
French Accent,Padded Laptop Backpack,"₹3,487",,,,https://www.ajio.com/french-accent-padded-laptop-backpack/p/466537233_black?
UNITED COLORS OF BENETTON,Men Brand Print Laptop Backpack,"₹2,429",5,2,,https://www.ajio.com/united-colors-of-benetton-men-brand-print-laptop-backpack/p/466694867_olive?
Carriall,Colourblock Laptop Backpack with Adjustable Straps,"₹4,292",,,,https://www.ajio.com/carriall-colourblock-laptop-backpack-with-adjustable-straps/p/465853875_multi?
Carriall,Colourblock Laptop Backpack with Adjustable Straps,"₹1,889",,,,https://www.ajio.com/carriall-colourblock-laptop-backpack-with-adjustable-straps/p/465854011_yellow?
Brown Bear,Genuine Leather Laptop Backpack,"₹12,591",,,,https://www.ajio.com/brown-bear-genuine-leather-laptop-backpack/p/466148689_blue?
BAD HABIT,Textured Backpack with Flap Closure,"₹2,089",,,,https://www.ajio.com/bad-habit-textured-backpack-with-flap-closure/p/460143414_tan?
BAD HABIT,Textured Back Pack with Adjustable Shoulder Straps,"₹5,224",,,,https://www.ajio.com/bad-habit-textured-back-pack-with-adjustable-shoulder-straps/p/461067966_black?
REDHORNS,Men Holographic Print Back Pack,"₹1,600",3.7,3,,https://www.ajio.com/redhorns-men-holographic-print-back-pack/p/466817258_white?
Urban Tribe,Jumbo Laptop Backpack,"₹1,589",,,,https://www.ajio.com/urban-tribe-jumbo-laptop-backpack/p/460169656_black?
F-GEAR,Burner Casual Printed Backpack,"₹1,340",,,,https://www.ajio.com/f-gear-burner-casual-printed-backpack/p/460059519_green?
BAD HABIT,Textured Backpack with Adjustable Straps,"₹1,614",,,,https://www.ajio.com/bad-habit-textured-backpack-with-adjustable-straps/p/460218340_black?
BAD HABIT,Textured Backpack with Zip Pockets,"₹2,564",,,,https://www.ajio.com/bad-habit-textured-backpack-with-zip-pockets/p/460218353_grey?
BAD HABIT,Back Pack with Adjustable Straps,"₹2,849",,,,https://www.ajio.com/bad-habit-back-pack-with-adjustable-straps/p/463044817_black?
BAD HABIT,Embellished Back Pack with Adjustable Straps,"₹4,369",,,,https://www.ajio.com/bad-habit-embellished-back-pack-with-adjustable-straps/p/463021730_black?
MaheTri,Men Backpack with Padded Laptop Sleeve,"₹6,600",,,,https://www.ajio.com/mahetri-men-backpack-with-padded-laptop-sleeve/p/467048933_brown?
UNITED COLORS OF BENETTON,Men Typographic Print Backpack with Adjustable Strap,"₹1,934",4.8,6,,https://www.ajio.com/united-colors-of-benetton-men-typographic-print-backpack-with-adjustable-strap/p/467045523_yellow?
UNITED COLORS OF BENETTON,Men Laptop Backpack with Adjustable Straps,"₹2,699",5,2,,https://www.ajio.com/united-colors-of-benetton-men-laptop-backpack-with-adjustable-straps--/p/467066666_wine?
MaheTri,Men Backpack with Padded Laptop Sleeve,"₹6,000",,,,https://www.ajio.com/mahetri-men-backpack-with-padded-laptop-sleeve/p/467048864_brown?
Travel Blue,Men Logo Pattern Laptop Back Pack,"₹4,499",,,,https://www.ajio.com/travel-blue-men-logo-pattern-laptop-back-pack/p/700295682_black?
NIKE,Varsity Elite Backpack (32L),"₹6,295",,,,https://www.ajio.com/nike-varsity-elite-backpack-32l-/p/469829848_black?
Deuter,Unisex Logo Print Rucksack with Adjustable Shoulder Straps,"₹10,999",,,,https://www.ajio.com/deuter-unisex-logo-print-rucksack-with-adjustable-shoulder-straps/p/700406926_black?
French Accent,Laptop Backpack with Zip Closure,"₹2,649",,,,https://www.ajio.com/french-accent-laptop-backpack-with-zip-closure-/p/700357329_blue?
Deuter,Men Back Pack with Adjustable Shoulder Strap,"₹13,999",,,,https://www.ajio.com/deuter-men-back-pack-with-adjustable-shoulder-strap/p/700441912_blue?
Deuter,Men Polyster Back Pack,"₹13,999",,,,https://www.ajio.com/deuter-men-polyster-back-pack/p/701195625_blue?
French Accent,Men Colourblock Back Pack,"₹3,489",,,,https://www.ajio.com/french-accent-men-colourblock-back-pack/p/700625072_grey?
UNITED COLORS OF BENETTON,Men Backpack with Adjustable Straps,"₹2,699",,,https://assets-jiocdn.ajio.com/medias/sys_master/root/20240213/xMpi/65ca837f16fd2c6e6af27718/united_colors_of_benetton_green_men_backpack_with_adjustable_straps.jpg,https://www.ajio.com/united-colors-of-benetton-men-backpack-with-adjustable-straps/p/467067002_green?
The Vertical,Men Backpack with Adjustable Straps,"₹1,799",,,https://assets-jiocdn.ajio.com/medias/sys_master/root/20240225/ai9R/65db6ec416fd2c6e6a1a0131/the_vertical_grey_men_backpack_with_adjustable_straps.jpg,https://www.ajio.com/the-vertical-men-backpack-with-adjustable-straps/p/467104547_grey?
Roar for Good,Canvas Convertible Backpack with Snap Button Closure,"₹1,490",,,,https://www.ajio.com/roar-for-good-canvas-convertible-backpack-with-snap-button-closure/p/467020796_grey?
VENEER,Backpack with Adjustable Shoulder Strap,"₹1,188",3,2,https://assets-jiocdn.ajio.com/medias/sys_master/root/20240307/wsfV/65e9416e05ac7d77bb9d416f/veneer_tan_backpack_with_adjustable_shoulder_strap.jpg,https://www.ajio.com/veneer-backpack-with-adjustable-shoulder-strap/p/467123101_tan?
VENEER,Colourblock Backpack with Adjustable Shoulder Straps,"₹1,188",3,3,https://assets-jiocdn.ajio.com/medias/sys_master/root/20240307/PoHX/65e996b716fd2c6e6a424ec2/veneer_black_colourblock_backpack_with_adjustable_shoulder_straps.jpg,https://www.ajio.com/veneer-colourblock-backpack-with-adjustable-shoulder-straps/p/467123066_black?
Amswan,Solid Back Pack,₹960,,,,https://www.ajio.com/amswan-solid-back-pack/p/467081673_red?
VENEER,Men Back Pack with Adjustable Strap,"₹2,160",2.9,7,,https://www.ajio.com/veneer-men-back-pack-with-adjustable-strap/p/467123129_brown?
Deuter,Men Everyday Back Pack with Zip Closure,"₹18,999",,,,https://www.ajio.com/deuter-men-everyday-back-pack-with-zip-closure/p/700347253_black?
SPYKAR,Men Regular Fit Back Pack,₹950,,,,https://www.ajio.com/spykar-men-regular-fit-back-pack/p/701058799_grey?
Kenneth Cole Reaction,Everyday Backpack with Adjustable Straps,"₹3,100",,,,https://www.ajio.com/kenneth-cole-reaction-everyday-backpack-with-adjustable-straps/p/700318085_brown?
French Accent,Men Laptop Backpack with Adjustable Strap,"₹2,489",,,,https://www.ajio.com/french-accent-men-laptop-backpack-with-adjustable-strap/p/700369016_blue?
Deuter,Men Travel Back Pack with Zip-Closure,"₹8,499",,,,https://www.ajio.com/deuter-men-travel-back-pack-with-zip-closure/p/700406910_green?
Deuter,Men Back Pack with Adjustable Straps,"₹5,299",,,,https://www.ajio.com/deuter-men-back-pack-with-adjustable-straps/p/700437696_purple?
French Accent,Laptop Backpack with Zip Closure,"₹3,949",,,,https://www.ajio.com/french-accent-laptop-backpack-with-zip-closure-/p/700357326_black?
French Accent,Laptop Backpack with Zip Closure,"₹3,489",,,,https://www.ajio.com/french-accent-laptop-backpack-with-zip-closure-/p/700357341_black?
OZUKO,NOMAD PAC Range One Size Backpack,"₹6,875",,,,https://www.ajio.com/ozuko-nomad-pac-range-one-size-backpack/p/701317449_grey?
Wiki,Men Everyday Back Pack with Adjustable Strap,"₹1,294",,,,https://www.ajio.com/wiki-men-everyday-back-pack-with-adjustable-strap/p/701319245_beige?
OZUKO,POWERPACK Range One Size Backpack,"₹9,035",,,,https://www.ajio.com/ozuko-powerpack-range-one-size-backpack/p/701317600_black?
Wiki,Men Checked Backpack,"₹1,174",,,,https://www.ajio.com/wiki-men-checked-backpack/p/701322986_navy?
Nasher Miles,Williamsburg Laptop Backpack - 35 L,"₹6,999",,,,https://www.ajio.com/nasher-miles-williamsburg-laptop-backpack--35-l/p/701326087_brown?
Lunar's,Men Logo Embossed Travel Backpack,₹900,,,,https://www.ajio.com/lunar-s-men-logo-embossed-travel-backpack/p/700694710_navy?
Wiki,Men Casual Back Pack,"₹2,499",,,,https://www.ajio.com/wiki-men-casual-back-pack/p/701286105_yellow?
Sassora,Backpack with Velcro Closure,"₹5,015",,,,https://www.ajio.com/sassora-backpack-with-velcro-closure/p/700875688_black?
Smily Kiddos,Men Typographic Print Everyday Backpack,₹909,,,,https://www.ajio.com/smily-kiddos-men-typographic-print-everyday-backpack/p/701318771_seagreen?
Smily Kiddos,Men Printed Back Pack,"₹1,119",,,,https://www.ajio.com/smily-kiddos-men-printed-back-pack-/p/701330863_purple?
Citizen,Men Back Pack with Adjustable Straps,"₹2,099",,,,https://www.ajio.com/citizen-men-back-pack-with-adjustable-straps/p/700841450_black?
HIDESIGN,Men Textured Back Pack,"₹14,245",,,,https://www.ajio.com/hidesign-men-textured-back-pack/p/700952194_multi?
Deuter,Men Polyster Back Pack,"₹13,999",,,,https://www.ajio.com/deuter-men-polyster-back-pack/p/701371199_black?
SPYKAR,Men Regular Fit Back Pack,"₹1,000",,,,https://www.ajio.com/spykar--men-regular-fit-back-pack/p/701058778_grey?
Deuter,Men Back Pack with Adjustable Straps,"₹5,299",,,,https://www.ajio.com/deuter-men-back-pack-with-adjustable-straps/p/700469374_blue?
Deuter,Unisex Logo Print Rucksack with Adjustable Shoulder Straps,"₹23,999",,,,https://www.ajio.com/deuter-unisex-logo-print-rucksack-with-adjustable-shoulder-straps/p/700406887_yellow?
Deuter,Unisex Logo Print Rucksack with Adjustable Shoulder Straps,"₹16,999",,,,https://www.ajio.com/deuter-unisex-logo-print-rucksack-with-adjustable-shoulder-straps/p/700406897_black?
Deuter,Men Backpack with Adjustable Shoulder strap,"₹6,999",,,,https://www.ajio.com/deuter-men-backpack-with-adjustable-shoulder-strap-/p/700441904_black?
Smily Kiddos,Men Backpack with Adjustable Straps,"₹1,259",,,,https://www.ajio.com/smily-kiddos-men-backpack-with-adjustable-straps-/p/701215999_yellow?
Bagatt,Men Solofra Genuine Leather Everyday Backpack,"₹11,893",,,,https://www.ajio.com/bagatt-men-solofra-genuine-leather-everyday-backpack/p/700601953_blue?
Deuter,Men Back Pack,"₹19,999",,,,https://www.ajio.com/deuter-men-back-pack/p/701164702_black?
Wiki,Men Casual Back Pack,"₹1,499",,,,https://www.ajio.com/wiki-men-casual-back-pack/p/701286351_pink?
Wiki,Men Casual Back Pack,"₹1,799",,,,https://www.ajio.com/wiki-men-casual-back-pack/p/701286108_blue?
Wiki,Men Casual Back Pack,"₹1,999",,,,https://www.ajio.com/wiki-men-casual-back-pack/p/701286116_green?
Wiki,Men Casual Back Pack,"₹2,999",,,,https://www.ajio.com/wiki-men-casual-back-pack/p/701286122_black?
Wiki,Men Casual Back Pack,"₹1,799",,,,https://www.ajio.com/wiki-men-casual-back-pack/p/701286108_orange?
Lunar's,Men Back Pack,₹900,,,,https://www.ajio.com/lunar-s-men-back-pack/p/700746332_navy?
Travel Blue,Laptop Backpack with Adjustable Straps,"₹2,657",,,,https://www.ajio.com/travel-blue-laptop-backpack-with-adjustable-straps/p/700291242_grey?
French Accent,Men Laptop Back Pack with Zip-Closure,"₹3,949",4.5,2,,https://www.ajio.com/french-accent-men-laptop-back-pack-with-zip-closure/p/700353211_brown?
MaheTri,Men Travel Back Pack with Contrast Tipping,"₹2,225",,,,https://www.ajio.com/mahetri-men-travel-back-pack-with-contrast-tipping/p/700232953_black?
Deuter,Men Rucksacks Back Pack with Adjustable Straps,"₹13,999",,,https://assets-jiocdn.ajio.com/medias/sys_master/root/20240924/QVM9/66f2d2ac260f9c41e8234636/deuter_atlantic-ink_men_rucksacks_back_pack_with_adjustable_straps.jpg,https://www.ajio.com/deuter-men-rucksacks-back-pack-with-adjustable-straps/p/700469317_blue?
Deuter,Men Everyday Back Pack with Zip Closure,"₹9,999",,,https://assets-jiocdn.ajio.com/medias/sys_master/root/20240925/9fko/66f40ec3260f9c41e8280937/deuter_black_men_everyday_back_pack_with_zip_closure.jpg,https://www.ajio.com/deuter-men-everyday-back-pack-with-zip-closure/p/700346853_black?
ft frequent Traveller,Men Laptop Backpack with Multiple Pockets,"₹2,999",,,,https://www.ajio.com/ft-frequent-traveller-men-laptop-backpack-with-multiple-pockets/p/700312728_red?
Brown Bear,Men Backpack with Adjustable Strap & Zip Closure,"₹13,410",,,https://assets-jiocdn.ajio.com/medias/sys_master/root/20250201/tcaG/679da2d7bc78b543a9120322/brown_bear_black_men_backpack_with_adjustable_strap_%26_zip_closure.jpg,https://www.ajio.com/brown-bear-men-backpack-with-adjustable-strap--zip-closure/p/701142823_black?
Deuter,Unisex Logo Print Rucksack with Attached Backpack,"₹15,499",,,https://assets-jiocdn.ajio.com/medias/sys_master/root/20240925/ceRs/66f4103a260f9c41e8282300/deuter_blue_unisex_logo_print_rucksack_with_attached_backpack.jpg,https://www.ajio.com/deuter-unisex-logo-print-rucksack-with-attached-backpack/p/700406904_blue?
Deuter,Unisex Logo Print Backpack with Adjustable Shoulder Straps,"₹6,999",,,,https://www.ajio.com/deuter-unisex-logo-print-backpack-with-adjustable-shoulder-straps/p/700406890_black?
F-GEAR,Men Brussels Laptop Backpack,"₹4,798",,,,https://www.ajio.com/f-gear-men-brussels-laptop-backpack/p/469808680_black?
Lunar's,Neo Laptop Travel Bag,"₹1,199",3.1,14,,https://www.ajio.com/lunar-s-neo-laptop-travel-bag/p/469183488_blue?
Lunar's,Men Neo Travel Bag with Adjustable Strap,"₹2,999",,,,https://www.ajio.com/lunar-s-men-neo-travel-bag-with-adjustable-strap/p/469183492_black?
Wiki,Men Casual Back Pack,"₹2,999",,,,https://www.ajio.com/wiki-men-casual-back-pack/p/701286122_blue?
Wiki,Men Casual Back Pack,"₹1,199",,,,https://www.ajio.com/wiki-men-casual-back-pack/p/701286093_pink?
Wiki,Men Casual Back Pack,"₹1,999",,,,https://www.ajio.com/wiki-men-casual-back-pack/p/701286077_brown?
Wiki,Men Casual Back Pack,"₹2,499",,,,https://www.ajio.com/wiki-men-casual-back-pack/p/701286105_navy?
Hummel,Men Everyday Back Pack,"₹3,574",,,,https://www.ajio.com/hummel-men-everyday-back-pack/p/701451598_khaki?
Gilmore Oak,Men Stripes Back Pack,"₹2,000",,,,https://www.ajio.com/gilmore-oak-men-stripes-back-pack/p/701493325_blue?
RED TAPE,Men Logo Print Laptop Backpack,"₹2,100",,,,https://www.ajio.com/red-tape-men-logo-print-laptop-backpack/p/701504887_grey?
KENNETH COLE,Men Laptop Back Pack,"₹2,999",,,,https://www.ajio.com/kenneth-cole-men-laptop-back-pack/p/701578676_black?
EUME,Men Self-design Laptop Backpack,"₹3,999",,,,https://www.ajio.com/eume-men-self-design-laptop-backpack/p/701732149_grey?
Deuter,Men Logo Print Travel Backpack,"₹13,499",,,,https://www.ajio.com/deuter-men-logo-print-travel-backpack/p/701362592_red?
Wiki,Men Backpack with Multiple Compartments,"₹1,205",,,,https://www.ajio.com/wiki-men-backpack-with-multiple-compartments/p/701370820_black?
SPYKAR,Men Regular Fit Back Pack,₹950,,,,https://www.ajio.com/spykar-men-regular-fit-back-pack/p/701058779_red?
SPYKAR,Men Regular Fit Back Pack,"₹1,150",,,,https://www.ajio.com/spykar--men-regular-fit-back-pack/p/701058793_black?
Deuter,Men Polyster Back Pack,"₹7,999",,,,https://www.ajio.com/deuter-men-polyster-back-pack/p/701371191_orange?
SPYKAR,Men Regular Fit Back Pack,"₹1,050",,,,https://www.ajio.com/spykar-men-regular-fit-back-pack/p/701058809_blue?
GUESS,Everyday Compact Backpack with Zip Closure,"₹6,757",,,,https://www.ajio.com/guess-everyday-compact-backpack-with-zip-closure-/p/701172284_green?
Deuter,Men Polyster Back Pack,"₹4,999",,,,https://www.ajio.com/deuter-men-polyster-back-pack/p/701195623_black?
AQUATAN,Men Printed Laptop Backpack with Zip Closure,"₹2,300",,,,https://www.ajio.com/aquatan-men-printed-laptop-backpack-with-zip-closure/p/701142034_black?
GUESS,Torino Compact Printed Backpack,"₹8,600",,,,https://www.ajio.com/guess-torino-compact-printed-backpack/p/701172265_black?
Hummel,Men Back Pack with Adjustable Strap,"₹1,290",,,,https://www.ajio.com/hummel-men-back-pack-with-adjustable-strap/p/701460700_black?
BAD HABIT,Men Laptop Back Pack with Adjustable Shoulder Strap,₹900,,,,https://www.ajio.com/bad-habit-men-laptop-back-pack-with-adjustable-shoulder-strap/p/701199479_black?
Deuter,Men Polyester Back Pack,"₹13,999",,,,https://www.ajio.com/deuter-men-polyester-back-pack/p/701493106_blue?
Gilmore Oak,Men Logo Print Laptop Back Pack,"₹2,000",,,,https://www.ajio.com/gilmore-oak-men-logo-print-laptop-back-pack/p/701495762_black?
Deuter,Men Polyester Back Pack,"₹21,999",,,,https://www.ajio.com/deuter-men-polyester-back-pack/p/701493038_black?
Nasher Miles,Botany Laptop Backpack with Raincover 39 L,"₹1,299",4.5,2,,https://www.ajio.com/nasher-miles-botany-laptop-backpack-with-raincover-39-l/p/701522089_yellow?
Wiki,Men Casual Back Pack,"₹2,499",,,,https://www.ajio.com/wiki-men-casual-back-pack/p/701286118_purple?
Wiki,Men Casual Back Pack,"₹1,499",4.5,2,,https://www.ajio.com/wiki-men-casual-back-pack/p/701286068_multi?
Deuter,Men Colourblock Backpack with Adjustable Straps,"₹5,999",,,,https://www.ajio.com/deuter-men-colourblock-backpack-with-adjustable-straps/p/701164687_beige?
Wiki,Men Casual Back Pack,"₹2,349",,,,https://www.ajio.com/wiki-men-casual-back-pack/p/701286053_navy?
Wiki,Men Casual Back Pack,"₹1,999",4,3,,https://www.ajio.com/wiki-men-casual-back-pack/p/701286336_green?
Wiki,Men Casual Back Pack,"₹2,899",,,,https://www.ajio.com/wiki-men-casual-back-pack/p/701286070_red?
Wiki,Men Casual Back Pack,"₹1,999",,,,https://www.ajio.com/wiki-men-casual-back-pack/p/701286077_navy?
Wiki,Men Casual Back Pack,"₹2,899",,,,https://www.ajio.com/wiki-men-casual-back-pack/p/701286070_green?
Smily Kiddos,Men Printed Back Pack,₹839,,,,https://www.ajio.com/smily-kiddos-men-printed-back-pack--/p/701330877_red?
Wiki,Men Casual Back Pack,"₹2,899",,,,https://www.ajio.com/wiki-men-casual-back-pack/p/701286070_black?
Nasher Miles,Brooklyn Multipurpose Laptop Backpack - 30 L,"₹5,998",,,,https://www.ajio.com/nasher-miles-brooklyn-multipurpose-laptop-backpack--30-l/p/701326102_maroon?
Deuter,Men Logo Print Travel Backpack,"₹6,999",,,,https://www.ajio.com/deuter-men-logo-print-travel-backpack/p/701362581_blue?
Deuter,Package conta Men Travel Back Pack,"₹3,999",,,,https://www.ajio.com/deuter-package-conta-men-travel-back-pack/p/701365620_yellow?
EUME,Men Laptop Backpack with Zip-Closer,"₹6,000",,,https://assets-jiocdn.ajio.com/medias/sys_master/root/20250611/joKo/6848e42a55340d4b4f9de9b2/eume_charcoal_black_men_laptop_backpack_with_zip-closer.jpg,https://www.ajio.com/eume-men-laptop-backpack-with-zip-closer/p/701716264_black?
French Accent,Men Laptop Backpack with Zip Closure,"₹2,489",,,https://assets-jiocdn.ajio.com/medias/sys_master/root/20250630/8gAf/68629083b13fc54edde1e0ec/french_accent_grey_men_laptop_backpack_with_zip_closure.jpg,https://www.ajio.com/french-accent-men-laptop-backpack-with-zip-closure/p/701838702_grey?
GUESS,Men Textured Back Pack,"₹13,515",,,,https://www.ajio.com/guess-men-textured-back-pack/p/701866770_black?
Ajile by Pantaloons,Men Typographic Print Back Pack,"₹1,599",,,https://assets-jiocdn.ajio.com/medias/sys_master/root/20250707/EnxE/686bc58eb13fc54edd001048/ajile_by_pantaloons_grey_men_typographic_print_back_pack.jpg,https://www.ajio.com/ajile-by-pantaloons-men-typographic-print-back-pack/p/701878380_grey?
Deuter,Men Travel Back Pack,"₹13,999",,,https://assets-jiocdn.ajio.com/medias/sys_master/root/20250323/IDqb/67e04fdb55340d4b4f81b21c/deuter_grey_men_travel_back_pack.jpg,https://www.ajio.com/deuter-men-travel-back-pack/p/701365632_grey?
OZUKO,Men Everyday Back Pack,"₹7,370",1.5,2,,https://www.ajio.com/ozuko-men-everyday-back-pack/p/701377871_black?
MOVE-MEANT,Men Back Pack with Zip Closure,"₹1,056",,,,https://www.ajio.com/move-meant-men-back-pack-with-zip-closure/p/701568020_olive?
RED TAPE,Men Logo Print Laptop Backpack,"₹1,680",3.3,3,,https://www.ajio.com/red-tape-men-logo-print-laptop-backpack/p/701505977_olive?
Urban Jungle,Men Water-Resistant Travel Backpack,"₹4,027",,,,https://www.ajio.com/urban-jungle-men-water-resistant-travel-backpack/p/4946057790_multi?
EUME,Men Laptop Backpack with Adjustable Straps,"₹4,299",,,,https://www.ajio.com/eume-men-laptop-backpack-with-adjustable-straps/p/467284994_blue?
French Accent,Men Metron Colourblock Everyday Backpack,"₹3,489",,,,https://www.ajio.com/french-accent-men-metron-colourblock-everyday-backpack/p/700603013_grey?
MaheTri,Men Back Pack with Buckle Closure,"₹6,000",,,,https://www.ajio.com/mahetri-men-back-pack-with-buckle-closure/p/700232684_brown?
Deuter,Men Colourblock Back Pack,"₹3,999",,,,https://www.ajio.com/deuter-men-colourblock-back-pack/p/467109385_blue?
Aeropostale,Men Colourblock Back Pack with Adjustable Strap,"₹2,199",2.5,2,,https://www.ajio.com/aeropostale-men-colourblock-back-pack-with-adjustable-strap/p/467054654_orange?
ZIPLINE,Typographic Back Pack with Zip-Closure,"₹1,000",,,,https://www.ajio.com/zipline-typographic-back-pack-with-zip-closure/p/466925824_teal?
VENEER,Men Back Pack with Adjustable Strap,"₹1,188",3,2,,https://www.ajio.com/veneer-men-back-pack-with-adjustable-strap/p/467123101_brown?
Aeropostale,Men Backpack with Adjustable Shoulder Straps,"₹2,499",,,,https://www.ajio.com/aeropostale-men-backpack-with-adjustable-shoulder-straps/p/467185306_black?
UNITED COLORS OF BENETTON,Men Printed Backpack with Adjustable Strap,"₹1,754",,,,https://www.ajio.com/united-colors-of-benetton-men-printed-backpack-with-adjustable-strap/p/467045594_red?
The Vertical,Checked Messenger Bag with Adjustable Strap,"₹1,549",5,2,,https://www.ajio.com/the-vertical-checked-messenger-bag-with-adjustable-strap/p/469290141_blue?
POLICE,Logo Print Backpack,"₹4,999",4.2,1.7K,,https://www.ajio.com/police-logo-print-backpack/p/469460220_multi?
French Accent,Men Checked Backpack with Adjustable Strap,"₹3,949",,,,https://www.ajio.com/french-accent-men-checked-backpack-with-adjustable-strap/p/700604182_black?
Aeropostale,Typographic Cross Body Bag with Adjustable Strap,"₹1,199",3.3,7,,https://www.ajio.com/aeropostale-typographic-cross-body-bag-with-adjustable-strap/p/467185468_blue?
F-GEAR,"Men Hallstat 17"" Laptop Backpack","₹6,745",,,,https://www.ajio.com/f-gear-men-hallstat-17-laptop-backpack/p/469808686_blue?
F-GEAR,Men Bellagio Laptop Backpack,"₹7,745",,,,https://www.ajio.com/f-gear-men-bellagio-laptop-backpack/p/469808688_black?
Bagatt,Laptop BackPack with Buckle Accent,"₹5,196",,,,https://www.ajio.com/bagatt-laptop-backpack-with-buckle-accent/p/466450683_brown?
HIDESIGN,Logo Embossed Backpack with Adjustable Straps,"₹14,245",4.5,2,,https://www.ajio.com/hidesign-logo-embossed-backpack-with-adjustable-straps/p/466642222_olive?
French Accent,Padded Laptop Backpack,"₹1,844",,,,https://www.ajio.com/french-accent-padded-laptop-backpack/p/466537108_black?
French Accent,Padded Laptop Backpack,"₹3,487",,,,https://www.ajio.com/french-accent-padded-laptop-backpack/p/466537226_brown?
French Accent,Padded Laptop Backpack,"₹3,487",,,,https://www.ajio.com/french-accent-padded-laptop-backpack/p/466537147_brown?
UNITED COLORS OF BENETTON,Men Stylish Back Pack,"₹2,249",,,,https://www.ajio.com/united-colors-of-benetton-men-stylish-back-pack/p/700412966_yellow?
VENEER,Men Backpack with Adjustable Shoulder Strap,"₹2,160",3,7,,https://www.ajio.com/veneer-men-backpack-with-adjustable-shoulder-strap/p/466951294_tan?
ZIPLINE,Colourblock Backpack with Adjustable Straps,₹950,,,,https://www.ajio.com/zipline-colourblock-backpack-with-adjustable-straps/p/466937134_grey?
The Clownfish,Men Laptop Backpack with Adjustable Strap,"₹8,179",,,,https://www.ajio.com/the-clownfish-men-laptop-backpack-with-adjustable-strap/p/700345591_black?
Deuter,Men Back Pack with Adjustable Shoulder Strap,"₹6,999",,,,https://www.ajio.com/deuter-men-back-pack-with-adjustable-shoulder-strap/p/700441884_blue?
Deuter,Men Back Pack with Adjustable Straps,"₹7,999",,,,https://www.ajio.com/deuter-men-back-pack-with-adjustable-straps/p/700469391_yellow?
UNITED COLORS OF BENETTON,Men Typographic Print Backpack with Adjustable Straps,"₹2,429",3.8,6,,https://www.ajio.com/united-colors-of-benetton-men-typographic-print-backpack-with-adjustable-straps/p/466903531_navy?
French Accent,Men Backpack with Zip Closure & Adjustable Strap,"₹3,489",,,,https://www.ajio.com/french-accent-men-backpack-with-zip-closure--adjustable-strap/p/700520335_grey?
UNITED COLORS OF BENETTON,"Men 13"" Everyday Backpack with Logo Applique","₹2,429",,,,https://www.ajio.com/united-colors-of-benetton-men-13-everyday-backpack-with-logo-applique/p/467071253_navy?
Aeropostale,Men Typographic Print Back Pack,"₹2,799",,,,https://www.ajio.com/aeropostale-men-typographic-print-back-pack/p/467054862_olive?
HIDESIGN,Men Everyday Backpack with Adjustable Straps,"₹6,252",,,,https://www.ajio.com/hidesign-men-everyday-backpack-with-adjustable-straps/p/466820347_red?
VENEER,Men Backpack with Zip Closure & Adjustable Strap,"₹2,160",3,2,,https://www.ajio.com/veneer-men-backpack-with-zip-closure--adjustable-strap/p/466951268_green?
UNITED COLORS OF BENETTON,"Men Typographic Print 18"" Laptop Backpack","₹2,699",,,,https://www.ajio.com/united-colors-of-benetton-men-typographic-print-18-laptop-backpack-/p/467067007_navy?
Roar for Good,Men Back Pack with Adjustable Shoulder Strap,"₹1,490",,,https://assets-jiocdn.ajio.com/medias/sys_master/root/20240209/n3zK/65c6562805ac7d77bb4c4046/roar_for_good_navy_blue_men_back_pack_with_adjustable_shoulder_strap.jpg,https://www.ajio.com/roar-for-good-men-back-pack-with-adjustable-shoulder-strap/p/467057826_blue?
VENEER,Men Croc-Embossed Back Pack with Adjustable Strap,"₹1,350",4.3,4,https://assets-jiocdn.ajio.com/medias/sys_master/root/20240229/JN2O/65dfb32405ac7d77bb8840d8/veneer_yellow_men_croc-embossed_back_pack_with_adjustable_strap.jpg,https://www.ajio.com/veneer-men-croc-embossed-back-pack-with-adjustable-strap/p/466951281_yellow?
The Vertical,Men Graphic Print Everyday Back Pack,₹800,,,,https://www.ajio.com/the-vertical-men-graphic-print-everyday-back-pack-/p/466942383_black?
UNITED COLORS OF BENETTON,Men Back Pack with Waist Bag,"₹2,969",,,https://assets-jiocdn.ajio.com/medias/sys_master/root/20231124/Ep1a/6560cffeafa4cf41f59e01a6/united_colors_of_benetton_grey_men_back_pack_with_waist_bag.jpg,https://www.ajio.com/united-colors-of-benetton-men-back-pack-with-waist-bag/p/466823746_grey?
The Vertical,Men Typographic Print Laptop Back Pack,₹920,,,https://assets-jiocdn.ajio.com/medias/sys_master/root/20240103/Ndkk/65958ac9ddf7791519ff91de/the_vertical_teal_men_typographic_print_laptop_back_pack.jpg,https://www.ajio.com/the-vertical-men-typographic-print-laptop-back-pack/p/466942388_teal?
VENEER,Men Backpack with Zip Closure & Adjustable Strap,"₹2,700",,,,https://www.ajio.com/veneer-men-backpack-with-zip-closure--adjustable-strap/p/466951290_black?
Roar for Good,Men Back Pack,"₹1,490",,,,https://www.ajio.com/roar-for-good-men-back-pack/p/467049239_yellow?
ZIPLINE,Printed Backpack with Adjustable Straps,"₹1,185",,,,https://www.ajio.com/zipline-printed-backpack-with-adjustable-straps/p/466937168_orange?
UNITED COLORS OF BENETTON,Colour-Block Back Pack,"₹1,979",4.2,10,,https://www.ajio.com/united-colors-of-benetton-colour-block-back-pack/p/700410174_grey?
ANKIT INTERNATIONAL,Graphic Print Backpack with Adjustable Straps,"₹1,553",,,,https://www.ajio.com/ankit-international-graphic-print-backpack-with-adjustable-straps/p/466622676_blue?
ABELARDO DE MODA,Men Logo Pattern Everyday Backpack,"₹7,199",,,,https://www.ajio.com/abelardo-de-moda-men-logo-pattern-everyday-backpack/p/700286623_green?
Travel Blue,Laptop Backpack with Adjustable Straps,"₹2,699",,,,https://www.ajio.com/travel-blue-laptop-backpack-with-adjustable-straps/p/700291128_grey?
POLICE,Virgo 15'' Laptop Backpack with Adjustable Straps,"₹2,250",2.8,5,,https://www.ajio.com/police-virgo-15--laptop-backpack-with-adjustable-straps/p/466016119_navy?
Carriall,Laptop Backpack with Adjustable Straps,"₹1,499",,,,https://www.ajio.com/carriall-laptop-backpack-with-adjustable-straps/p/465854029_black?
Carriall,Laptop Backpack with Adjustable Strap,"₹4,499",,,,https://www.ajio.com/carriall-laptop-backpack-with-adjustable-strap/p/465847775_beige?
Strap It,Dual Strap Laptop Backpack,"₹3,250",,,,https://www.ajio.com/strap-it-dual-strap-laptop-backpack/p/466216139_multi?
F-GEAR,"Men Hallstat 17"" Laptop Backpack","₹6,745",,,,https://www.ajio.com/f-gear-men-hallstat-17-laptop-backpack/p/469808686_black?
F-GEAR,Men Kenton Laptop Backpack,"₹4,398",,,,https://www.ajio.com/f-gear-men-kenton-laptop-backpack/p/469808678_black?
F-GEAR,Men Dune Canvas Laptop Backpack,"₹2,580",,,,https://www.ajio.com/f-gear-men-dune-canvas-laptop-backpack/p/469808691_grey?
F-GEAR,Men Lucerne 41L Expandable Travel Backpack,"₹9,995",,,,https://www.ajio.com/f-gear-men-lucerne-41l-expandable-travel-backpack/p/469808690_black?
Strap It,Colorblock Laptop Backpack with Zip Closure,"₹3,250",,,,https://www.ajio.com/strap-it-colorblock-laptop-backpack-with-zip-closure/p/466327085_multi?
Strap It,Men Backpack with Adjustable Strap,"₹3,250",2.3,7,,https://www.ajio.com/strap-it-men-backpack-with-adjustable-strap/p/466298740_grey?
The Clownfish,Clownfish Laptop Backpacks,"₹4,279",,,,https://www.ajio.com/the-clownfish-clownfish-laptop-backpacks/p/700719438_grey?
Lunar's,Panelled Laptop Travel Bag,₹950,3.8,8,,https://www.ajio.com/lunar-s-panelled-laptop-travel-bag/p/469183528_black?
Lunar's,Panelled Laptop Travel Bag,₹950,3,5,,https://www.ajio.com/lunar-s-panelled-laptop-travel-bag/p/469183527_navyblue?
Lunar's,Bingo Laptop Bag,₹900,3.2,43,,https://www.ajio.com/lunar-s-bingo-laptop-bag/p/469183438_grey?
F-GEAR,Men Amalfi Laptop Backpack,"₹7,745",,,,https://www.ajio.com/f-gear-men-amalfi-laptop-backpack/p/469808687_black?
F-GEAR,Men Itachi Backpack with Adjustable Straps,"₹1,698",3.7,6,,https://www.ajio.com/f-gear-men-itachi-backpack-with-adjustable-straps/p/469736532_darkgrey?
FUR JADEN,Women Laptop Bag with USB Charging Port,"₹3,499",,,,https://www.ajio.com/fur-jaden-women-laptop-bag-with-usb-charging-port/p/702629503_green?
FUR JADEN,Men Laptop Bag,"₹3,799",,,,https://www.ajio.com/fur-jaden-men-laptop-bag/p/702608788_black?
GAUGE MACHINE,Men Backpack with Metal Accent,"₹5,000",,,,https://www.ajio.com/gauge-machine-men-backpack-with-metal-accent/p/702583632_brown?
TEAKWOOD LEATHERS,Men Backpack with Adjustable Shoulder Straps,"₹2,920",,,,https://www.ajio.com/teakwood-leathers-men-backpack-with-adjustable-shoulder-straps/p/702542770_grey?
GAUGE MACHINE,Men Backpack with Metal Accent,"₹5,000",,,,https://www.ajio.com/gauge-machine-men-backpack-with-metal-accent/p/702583624_tan?
BAD HABIT,Men Everyday Back Pack,"₹1,300",,,,https://www.ajio.com/bad-habit-men-everyday-back-pack/p/702386915_black?
GUESS,Everyday Back Pack,"₹6,757",,,,https://www.ajio.com/guess-everyday-back-pack/p/702269377_blue?
Ajile by Pantaloons,Men Typographic Print Back Pack,"₹1,279",,,,https://www.ajio.com/ajile-by-pantaloons-men-typographic-print-back-pack/p/702317347_black?
Deuter,Men Polyster Back Pack,"₹23,999",,,,https://www.ajio.com/deuter-men-polyster-back-pack/p/701371185_blue?
Gilmore Oak,Men Logo Print Laptop Back Pack,"₹2,000",,,,https://www.ajio.com/gilmore-oak-men-logo-print-laptop-back-pack/p/701495876_grey?
HIDESIGN,Men Leather Laptop Back Pack,"₹14,245",,,,https://www.ajio.com/hidesign-men-leather-laptop-back-pack/p/702117811_brown?
GUESS,Men Textured Back Pack,"₹6,757",,,,https://www.ajio.com/guess-men-textured-back-pack/p/702102001_black?
OZUKO,Men Travel Back Pack,"₹14,625",,,,https://www.ajio.com/ozuko-men-travel-back-pack/p/702094515_multi?
Wiki,Men Casual Back Pack,₹999,,,,https://www.ajio.com/wiki-men-casual-back-pack/p/701286050_pink?
Reebok Classic,Textured Everyday Backpack with Signature Branding,"₹2,999",,,,https://www.ajio.com/reebok-classic-textured-everyday-backpack-with-signature-branding-/p/460361013_black?
The Clownfish,"15.6"" Laptop Bag with Adjustable Straps","₹3,990",4.3,25,,https://www.ajio.com/the-clownfish-15-6-laptop-bag-with-adjustable-straps-/p/460490163_amber?
Chris & Kate,Colourblock Rucksack Backpack,"₹2,499",2.8,13,,https://www.ajio.com/chris--kate-colourblock-rucksack-backpack/p/460312302_black?
BAD HABIT,Quilted Panelled Backpack,"₹4,749",,,https://assets-jiocdn.ajio.com/medias/sys_master/root/h68/h0a/12731926839326/bad_habit_black_quilted_panelled_backpack.jpg,https://www.ajio.com/bad-habit-quilted-panelled-backpack/p/460218351_black?
Harp,"15"" Tokyo Laptop Backpack with Utility Pockets","₹1,999",,,https://assets-jiocdn.ajio.com/medias/sys_master/root/h66/hc3/10654593450014/harp_beige_15%22_tokyo_laptop_backpack_with_utility_pockets.jpg,https://www.ajio.com/harp-15-tokyo-laptop-backpack-with-utility-pockets/p/460117677_beige?
Reebok,Men Everyday Backpack with Logo Print,"₹1,959",,,,https://www.ajio.com/reebok-men-everyday-backpack-with-logo-print/p/460742988_orange?
Urban Tribe,Jumbo Laptop Backpack,"₹1,589",2.5,4,https://assets-jiocdn.ajio.com/medias/sys_master/root/20220921/cYb4/632b3248aeb269dbb39cde83/urban_tribe_navy_blue_jumbo_laptop_backpack.jpg,https://www.ajio.com/urban-tribe-jumbo-laptop-backpack/p/460169655_navy?
Harp,Panelled Everyday Backpack,"₹2,499",3.5,2,https://assets-jiocdn.ajio.com/medias/sys_master/root/h6a/h3c/11558179176478/harp_green_panelled_everyday_backpack.jpg,https://www.ajio.com/harp-panelled-everyday-backpack/p/460185397_green?
BAD HABIT,Textured Laptop Backpack,"₹3,989",,,,https://www.ajio.com/bad-habit-textured-laptop-backpack-/p/460187250_black?
Jeep,Men Rectangular Everyday Backpack with Padded Back,"₹2,450",,,https://assets-jiocdn.ajio.com/medias/sys_master/root1/20250724/aw2E/68826b3d3d468c61ab1e7772/jeep_blue_men_rectangular_everyday_backpack_with_padded_back.jpg,https://www.ajio.com/jeep-men-rectangular-everyday-backpack-with-padded-back/p/702018271_blue?
Jeep,Men Rectangular Everyday Backpack with Padded Back,"₹3,822",,,https://assets-jiocdn.ajio.com/medias/sys_master/root1/20250724/tfFO/68823fab8bfb9009ac36a681/jeep_orange_men_rectangular_everyday_backpack_with_padded_back.jpg,https://www.ajio.com/jeep-men-rectangular-everyday-backpack-with-padded-back/p/702018295_orange?
Celtic,Men Everyday Back Pack with Adjustable Straps,"₹4,499",,,,https://www.ajio.com/celtic-men-everyday-back-pack-with-adjustable-straps/p/702024567_brown?
Deuter,Men Classic Back Pack,"₹9,999",,,,https://www.ajio.com/deuter-men-classic-back-pack/p/702140722_black?
Deuter,Men Rucksack Backpack with Ultralight & Ventilated Snug Fit,"₹23,999",,,,https://www.ajio.com/deuter-men-rucksack-backpack-with-ultralight--ventilated-snug-fit/p/702153119_black?
EUME,Men Self-design Laptop Backpack,"₹3,999",,,,https://www.ajio.com/eume-men-self-design-laptop-backpack/p/701732143_green?
TEAKWOOD LEATHERS,Men Everyday Zip Closure Back Pack,₹910,,,,https://www.ajio.com/teakwood-leathers-men-everyday-zip-closure-back-pack/p/701945613_green?
EUME,Men Self-design Laptop Backpack,"₹3,999",,,,https://www.ajio.com/eume-men-self-design-laptop-backpack/p/701732145_orange?
TEAKWOOD LEATHERS,Men Everyday Zip Closure Back Pack,₹850,2,2,,https://www.ajio.com/teakwood-leathers-men-everyday-zip-closure-back-pack/p/701953605_grey?
Reebok,Men Everyday Back Pack,"₹1,399",,,,https://www.ajio.com/reebok-men-everyday-back-pack/p/702062454_grey?
Celtic,Men Everyday Leather Back Pack,"₹5,949",4.5,2,,https://www.ajio.com/celtic-men-everyday-leather-back-pack/p/702060064_brown?
Jeep,Men Rectangular Travel Backpack with Padded Back,"₹4,410",,,,https://www.ajio.com/jeep-men-rectangular-travel-backpack-with-padded-back/p/702018263_navy?
Celtic,Men Everyday Back Pack with Adjustable Straps,"₹5,949",,,,https://www.ajio.com/celtic-men-everyday-back-pack-with-adjustable-straps/p/702024602_tan?
Jeep,Men Circular Everyday Backpack with Padded Back,"₹2,548",,,,https://www.ajio.com/jeep-men-circular-everyday-backpack-with-padded-back/p/702018270_blue?
Celtic,Men Everyday Back Pack with Adjustable Straps,"₹5,949",,,,https://www.ajio.com/celtic-men-everyday-back-pack-with-adjustable-straps/p/702024574_black?
Jeep,Men Rectangular Everyday Backpack with Buckle Closure,"₹2,573",,,,https://www.ajio.com/jeep-men-rectangular-everyday-backpack-with-buckle-closure/p/702018242_green?
Celtic,Men Everyday Back Pack with Adjustable Straps,"₹4,619",,,,https://www.ajio.com/celtic-men-everyday-back-pack-with-adjustable-straps/p/702024587_brown?
Celtic,Men Everyday Back Pack with Adjustable Straps,"₹5,949",,,,https://www.ajio.com/celtic-men-everyday-back-pack-with-adjustable-straps/p/702024607_black?
TEAKWOOD LEATHERS,Men Everyday Zip Closure Back Pack,₹820,,,,https://www.ajio.com/teakwood-leathers-men-everyday-zip-closure-back-pack/p/701945612_orange?
TOMMY HILFIGER,Unisex Printed Backpack,"₹4,402",,,,https://www.ajio.com/tommy-hilfiger-unisex-printed-backpack/p/703001106_grey?
YELLOE,Men Laptop Backpack,"₹1,980",,,,https://www.ajio.com/yelloe-men-laptop-backpack/p/703044285_black?
UNITED COLORS OF BENETTON,Unisex Striped Backpack with Adjustable Strap,"₹2,474",,,,https://www.ajio.com/united-colors-of-benetton-unisex-striped-backpack-with-adjustable-strap/p/702709368_navy?
Carriall,Men Backpack with Sturdy Aluminium Handle,"₹5,004",,,,https://www.ajio.com/carriall-men-backpack-with-sturdy-aluminium-handle/p/702755896_black?
Carriall,Men Colourblock Backpack with Bottom Pads,"₹4,499",,,,https://www.ajio.com/carriall-men-colourblock-backpack-with-bottom-pads/p/702755886_navy?
STRUTT,Men Typographic Print Backpack,"₹1,499",,,,https://www.ajio.com/strutt-men-typographic-print-backpack-/p/702721284_black?
Wiki,Men Graphic Print Backpack with Shoulder Strap,"₹1,345",,,,https://www.ajio.com/wiki-men-graphic-print-backpack-with-shoulder-strap/p/702948703_black?
Wiki,Men Printed Laptop Backpack with Shoulder Strap,"₹1,017",,,,https://www.ajio.com/wiki-men-printed-laptop-backpack-with-shoulder-strap/p/702948450_red?
Wiki,Men Printed Laptop Backpack with Shoulder Strap,"₹1,368",,,,https://www.ajio.com/wiki-men-printed-laptop-backpack-with-shoulder-strap/p/702948703_red?
UNITED COLORS OF BENETTON,Men Typographic Print Everyday Backpack,"₹2,249",,,,https://www.ajio.com/united-colors-of-benetton-men-typographic-print-everyday-backpack/p/702940882_lime?
Wiki,Men Printed Laptop Backpack with Shoulder Strap,"₹1,230",,,,https://www.ajio.com/wiki-men-printed-laptop-backpack-with-shoulder-strap/p/702948703_blue?
NU REPUBLIC,Edge Laptop Backpack with 18-inch Laptop Sleeve,"₹2,999",,,,https://www.ajio.com/nu-republic-edge-laptop-backpack-with-18-inch-laptop-sleeve/p/702925997_black?
Carriall,Unisex Laptop Backpack,"₹5,579",,,,https://www.ajio.com/carriall-unisex-laptop-backpack-/p/702795298_orange?
PROVOGUE,Men Crossbody Bag,₹809,,,,https://www.ajio.com/provogue-men-crossbody-bag/p/702892155_green?
Kaban,Men Backpack with Padded Straps,"₹2,474",,,,https://www.ajio.com/kaban-men-backpack-with-padded-straps/p/702872947_red?
Celtic,Men Everyday Back Pack with Adjustable Straps,"₹4,689",,,,https://www.ajio.com/celtic-men-everyday-back-pack-with-adjustable-straps/p/702024566_black?
OZUKO,Men Travel Back Pack,"₹14,625",,,,https://www.ajio.com/ozuko-men-travel-back-pack/p/702094515_black?
OZUKO,Men Travel Back Pack,"₹6,825",,,,https://www.ajio.com/ozuko-men-travel-back-pack/p/702094516_black?
OZUKO,Men Travel Back Pack,"₹13,975",,,,https://www.ajio.com/ozuko-men-travel-back-pack/p/702094542_multi?
OZUKO,Men Travel Back Pack,"₹6,825",,,,https://www.ajio.com/ozuko-men-travel-back-pack/p/702094516_multi?
OZUKO,Men Travel Back Pack,"₹6,825",,,https://assets-jiocdn.ajio.com/medias/sys_master/root1/20250809/TQdM/689655cd3d468c61ab5bdcff/ozuko_grey_men_travel_back_pack.jpg,https://www.ajio.com/ozuko-men-travel-back-pack/p/702094516_grey?
OZUKO,Men Travel Back Pack,"₹21,385",,,https://assets-jiocdn.ajio.com/medias/sys_master/root1/20250809/GB4v/689655d78bfb9009ac72a508/ozuko_black_men_travel_back_pack.jpg,https://www.ajio.com/ozuko-men-travel-back-pack/p/702094551_black?
Scarters,Team Edition Backpack,"₹20,990",,,,https://www.ajio.com/scarters-team-edition-backpack-/p/702534419_black?
Deuter,Men Graphic Everyday Back Pack,"₹7,999",,,https://assets-jiocdn.ajio.com/medias/sys_master/root1/20251103/ypCB/6908c72a88d6d62ff8bb60a4/deuter_black_men_graphic_everyday_back_pack.jpg,https://www.ajio.com/deuter-men-graphic-everyday-back-pack/p/702452068_black?
GAUGE MACHINE,Unisex 16 inch Genuine Leather Laptop Bag with Adjustable Strap,"₹4,000",,,https://assets-jiocdn.ajio.com/medias/sys_master/root1/20251203/W2T3/692f4bc4720fb821d365d716/gauge_machine_brown_unisex_16_inch_genuine_leather_laptop_bag_with_adjustable_strap.jpg,https://www.ajio.com/gauge-machine-unisex-16-inch-genuine-leather-laptop-bag-with-adjustable-strap/p/702579172_brown?
hoi polloi,Men Laptop Backpack,"₹3,799",,,,https://www.ajio.com/hoi-polloi-men-laptop-backpack/p/702601980_black?
HIDESIGN,Leather Formal Backpack,"₹13,295",,,,https://www.ajio.com/hidesign-leather-formal-backpack/p/702601957_tan?
Jeep,Men Rectangular Everyday Backpack with Padded Back,"₹3,822",,,,https://www.ajio.com/jeep-men-rectangular-everyday-backpack-with-padded-back/p/702018249_green?
Aeropostale,Men Typographic Print Laptop Backpack with Adjustable Shoulder Straps,"₹1,799",3.3,12,,https://www.ajio.com/aeropostale-men-typographic-print-laptop-backpack-with-adjustable-shoulder-straps/p/702263349_navy?
Ajile by Pantaloons,Men Nylon Everyday Backpack,"₹1,499",,,,https://www.ajio.com/ajile-by-pantaloons-men-nylon-everyday-backpack/p/702310177_grey?
BAD HABIT,Men Everyday Back Pack,"₹1,300",,,,https://www.ajio.com/bad-habit-men-everyday-back-pack/p/702386913_white?
Decathlon,NABAIJI - Men Typographic Print Backpack with Adjustable Straps,"₹3,149",,,,https://www.ajio.com/decathlon-nabaiji--men-typographic-print-backpack-with-adjustable-straps/p/702478372_black?
DC Shoes,"Arena 15"" Laptop Backpack with Zip Closure","₹3,995",3,2,,https://www.ajio.com/dc-shoes-arena-15-laptop-backpack-with-zip-closure/p/410301709_kvj0?
TEAKWOOD LEATHERS,Leather Back Pack with Adjustable Straps,"₹4,980",,,,https://www.ajio.com/teakwood-leathers-leather-back-pack-with-adjustable-straps/p/462884502_brown?
Strap It,Solid Back Pack,"₹2,500",,,,https://www.ajio.com/strap-it-solid-back-pack/p/464147276_red?
Strap It,Solid Back Pack,"₹3,250",3,2,,https://www.ajio.com/strap-it-solid-back-pack/p/464147273_olive?
QUIKSILVER,Locker 3 Everyday Backpack,"₹3,495",3.8,5,,https://www.ajio.com/quiksilver-locker-3-everyday-backpack/p/410307548_kpv0?
HIDESIGN,Textured Crossbody Bag,"₹5,857",,,,https://www.ajio.com/hidesign-textured-crossbody-bag/p/465063984_tan?
French Accent,Padded Laptop Backpack,"₹1,934",2.5,2,,https://www.ajio.com/french-accent-padded-laptop-backpack/p/466537123_blue?
French Accent,Padded Laptop Backpack,"₹3,487",,,,https://www.ajio.com/french-accent-padded-laptop-backpack/p/466537212_black?
Harp,"Panelled 14"" Laptop Backpack","₹2,499",,,,https://www.ajio.com/harp-panelled-14-laptop-backpack-/p/460218893_black?
Tatonka,Norix 32 Trekking Backpack,"₹10,190",,,,https://www.ajio.com/tatonka-norix-32-trekking-backpack/p/466861874_blue?
BAD HABIT,Quilted Backpack with Adjustable Straps,"₹4,369",,,,https://www.ajio.com/bad-habit-quilted-backpack-with-adjustable-straps/p/460143420_black?
Smily Kiddos,Men Printed Back Pack,"₹1,119",,,,https://www.ajio.com/smily-kiddos-men-printed-back-pack--/p/701330894_yellow?
Wiki,Men Printed Crossbody Bag with Adjustable Strap,"₹2,870",,,,https://www.ajio.com/wiki-men-printed-crossbody-bag-with-adjustable-strap/p/701320265_black?
OZUKO,Everyday Textured Back Pack,"₹7,500",,,,https://www.ajio.com/ozuko-everyday-textured-back-pack/p/701325468_grey?
Wiki,Men Casual Back Pack,"₹1,499",,,,https://www.ajio.com/wiki-men-casual-back-pack/p/701286049_turquoise?
Smily Kiddos,Men Printed Back Pack,"₹1,119",,,,https://www.ajio.com/smily-kiddos-men-printed-back-pack--/p/701330852_violet?
OZUKO,EDGEPRO Range One Size Backpack,"₹10,660",,,,https://www.ajio.com/ozuko-edgepro-range-one-size-backpack/p/701317485_black?
Wiki,Men Casual Back Pack,₹999,,,,https://www.ajio.com/wiki-men-casual-back-pack/p/701286050_green?
Wiki,Men Casual Back Pack,"₹1,999",,,,https://www.ajio.com/wiki-men-casual-back-pack/p/701286116_purple?
Wiki,Men Casual Back Pack,"₹2,999",,,,https://www.ajio.com/wiki-men-casual-back-pack/p/701286094_black?
Deuter,Men Logo Print Travel Backpack,"₹3,999",,,,https://www.ajio.com/deuter-men-logo-print-travel-backpack/p/701362979_black?
Wiki,Men Typographic Print Backpack with Adjustable Strap,"₹1,156",,,,https://www.ajio.com/wiki-men-typographic-print-backpack-with-adjustable-strap/p/701364298_grey?
EUME,Men Self-design Laptop Backpack,"₹5,499",,,,https://www.ajio.com/eume-men-self-design-laptop-backpack/p/701408352_green?
HIDESIGN,Leather Back Pack,"₹16,145",,,,https://www.ajio.com/hidesign-leather-back-pack/p/702388041_brown?
Urban Jungle,Men Wayfarer Water-Resistant Backpack,"₹4,502",,,,https://www.ajio.com/urban-jungle-men-wayfarer-water-resistant-backpack/p/4946057870_multi?
ARMANI EXCHANGE,"13"" All Over Embossed Logo Backpack","₹18,999",4.8,19,,https://www.ajio.com/armani-exchange-13-all-over-embossed-logo-backpack/p/410394389_00020?
Strap It,Solid Back Pack,"₹3,500",4.5,2,,https://www.ajio.com/strap-it-solid-back-pack/p/464147264_blue?
ZIPLINE,Solid Everyday Backpack,₹833,3.4,56,,https://www.ajio.com/zipline-solid-everyday-backpack/p/463936403_black?
SPYKAR,Adjustable Straps Everyday Backpack,"₹2,500",4.4,11,,https://www.ajio.com/spykar-adjustable-straps-everyday-backpack/p/465364191_black?
AMERICAN TOURISTER,Men Herd 3.0 Backpack,"₹2,160",,,,https://www.ajio.com/american-tourister-men-herd-3-0-backpack/p/442171751_yellow?
SPYKAR,Camouflage Print Back Pack,"₹1,575",2.7,9,,https://www.ajio.com/spykar-camouflage-print-back-pack/p/465564973_multi?
Carriall,Laptop Backpack with Adjustable Strap,"₹4,499",,,,https://www.ajio.com/carriall-laptop-backpack-with-adjustable-strap/p/465847765_green?
Carriall,16'' Laptop Backpack with Bottle Holder,"₹1,799",,,,https://www.ajio.com/carriall-16--laptop-backpack-with-bottle-holder/p/466258114_navy?
Strap It,Dual Strap Laptop Backpack,"₹3,250",,,https://assets-jiocdn.ajio.com/medias/sys_master/root/20230811/nBAB/64d5bf16a9b42d15c9a3bc88/strap_it_black_dual_strap_laptop_backpack.jpg,https://www.ajio.com/strap-it-dual-strap-laptop-backpack/p/466216137_black?
Murano,Textured Water-Resistant Casual Backpack,"₹3,379",,,https://assets-jiocdn.ajio.com/medias/sys_master/root/h4d/h39/11731319488542/murano_grey_textured_water-resistant_casual_backpack.jpg,https://www.ajio.com/murano-textured-water-resistant-casual-backpack/p/4914577750_multi?
Skybags,Unisex Basecamp 17 Inch Compatible Laptop Backpack With Rain Cover - 40L,"₹2,500",,,,https://www.ajio.com/skybags-unisex-basecamp-17-inch-compatible-laptop-backpack-with-rain-cover--40l/p/4947748880_multi?
Skybags,Unisex Basecamp 17 Inch Compatible Laptop Backpack With Rain Cover - 40L,"₹2,500",,,https://assets-jiocdn.ajio.com/medias/sys_master/root1/20260608/1nWq/6a2699b214d0c217192cf3cf/skybags_teal_unisex_basecamp_17_inch_compatible_laptop_backpack_with_rain_cover_-_40l.jpg,https://www.ajio.com/skybags-unisex-basecamp-17-inch-compatible-laptop-backpack-with-rain-cover--40l/p/4947748870_multi?
LIONBONE,Back Pack with Adjustable Strap,₹764,,,https://assets-jiocdn.ajio.com/medias/sys_master/root/20240612/MTU1/666a95876f60443f310b4bcc/lionbone_black_back_pack_with_adjustable_strap.jpg,https://www.ajio.com/lionbone-back-pack-with-adjustable-strap/p/462454775_black?
Carriall,Laptop Backpack with Adjustable Straps,"₹1,499",,,,https://www.ajio.com/carriall-laptop-backpack-with-adjustable-straps/p/465853900_yellow?
Carriall,Textured Laptop Backpack,"₹3,689",,,,https://www.ajio.com/carriall-textured-laptop-backpack/p/465877553_grey?
Carriall,Laptop Backpack with Adjustable Straps,"₹1,586",,,,https://www.ajio.com/carriall-laptop-backpack-with-adjustable-straps/p/465853981_red?
Carriall,Camouflage Print Back Pack,"₹3,607",,,,https://www.ajio.com/carriall-camouflage-print-back-pack/p/465846112_multi?
Carriall,Striped Laptop Backpack with Adjustable Straps,"₹1,586",,,,https://www.ajio.com/carriall-striped-laptop-backpack-with-adjustable-straps/p/465853607_black?
HIDESIGN,Typographic Print Crossbody Bag,"₹4,303",,,,https://www.ajio.com/hidesign-typographic-print-crossbody-bag/p/465063949_blue?
Lunar's,Colourblock Backpack with Adjustable Straps,₹849,3.3,11,,https://www.ajio.com/lunar-s-colourblock-backpack-with-adjustable-straps/p/469183461_red?
The Clownfish,Zip Front Back Pack,"₹3,314",4,3,,https://www.ajio.com/the-clownfish-zip-front-back-pack/p/465337711_blue?
The Clownfish,Zip Front Back Pack,"₹2,549",3.9,18,,https://www.ajio.com/the-clownfish-zip-front-back-pack/p/465337983_grey?
HIDESIGN,Textured Crossbody Back Pack,"₹9,115",1.4,5,,https://www.ajio.com/hidesign-textured-crossbody-back-pack-/p/465054726_black?
Carriall,Colourblock Laptop Back Pack with Zip Closure,"₹4,499",,,,https://www.ajio.com/carriall-colourblock-laptop-back-pack-with-zip-closure/p/465844681_blue?
POLICE,Mozes 15'' Laptop Backpack with Adjustable Straps,"₹2,475",,,,https://www.ajio.com/police-mozes-15--laptop-backpack-with-adjustable-straps/p/466016113_navy?
EUME,Printed Padded Laptop Back Pack,"₹5,999",,,,https://www.ajio.com/eume-printed-padded-laptop-back-pack/p/465688064_grey?
Carriall,Colourblock Laptop Backpack,"₹3,806",,,,https://www.ajio.com/carriall-colourblock-laptop-backpack/p/465877551_multi?
ZIPLINE,Solid Everyday Backpack,₹833,3.5,20,,https://www.ajio.com/zipline-solid-everyday-backpack/p/463937282_black?
HIDESIGN,Textured Genuine Leather Crossbody Bag,"₹7,995",4,2,,https://www.ajio.com/hidesign-textured-genuine-leather-crossbody-bag/p/465061060_black?
The Clownfish,Laptop Backpack with Adjustable Straps,"₹4,999",3.5,16,,https://www.ajio.com/the-clownfish-laptop-backpack-with-adjustable-straps/p/465571664_blue?
Lunar's,Neo Laptop Travel Bag,"₹1,199",4,13,,https://www.ajio.com/lunar-s-neo-laptop-travel-bag/p/469183486_black?
HIDESIGN,Logo Embossed Backpack with Adjustable Straps,"₹14,245",,,,https://www.ajio.com/hidesign-logo-embossed-backpack-with-adjustable-straps/p/466641439_brown?
ANKIT INTERNATIONAL,Graphic Print Everyday Backpack,"₹1,553",,,,https://www.ajio.com/ankit-international-graphic-print-everyday-backpack-/p/466622676_green?
ANKIT INTERNATIONAL,"18"" Typographic Print Backpack with Adjustable Straps","₹1,535",,,,https://www.ajio.com/ankit-international-18-typographic-print-backpack-with-adjustable-straps/p/466628187_navy?
Art N Vintage,Women Backpack with Adjustable Straps,"₹16,649",,,,https://www.ajio.com/art-n-vintage-women-backpack-with-adjustable-straps/p/466668788_black?
BAD HABIT,Colorblock Backpack with Adjustable Straps,"₹2,659",,,,https://www.ajio.com/bad-habit-colorblock-backpack-with-adjustable-straps/p/460143416_grey?
French Accent,Men Flap-Over Backpack with Multiple Compartments,"₹3,699",,,,https://www.ajio.com/french-accent-men-flap-over-backpack-with-multiple-compartments/p/466708517_brown?
BAD HABIT,Denim Backpack with Adjustable Shoulder Straps,"₹2,374",,,,https://www.ajio.com/bad-habit-denim-backpack-with-adjustable-shoulder-straps/p/460143428_blue?
BAD HABIT,Heathered Everyday Backpack,"₹2,659",,,,https://www.ajio.com/bad-habit-heathered-everyday-backpack/p/460143421_grey?
Chris & Kate,"Geometric Print 15"" Laptop Backpack",₹999,3.2,17,,https://www.ajio.com/chris--kate-geometric-print-15-laptop-backpack-/p/460354883_navyblue?
Fly Fashion,Textured Laptop Backpack,₹850,2.7,9,,https://www.ajio.com/fly-fashion-textured-laptop-backpack/p/462507653_black?
BAD HABIT,Textured Backpack with Adjustable Shoulder Straps,"₹3,324",,,,https://www.ajio.com/bad-habit-textured-backpack-with-adjustable-shoulder-straps/p/461067746_black?
TEAKWOOD LEATHERS,Textured Back Pack with Adjustable Strap,"₹5,010",3.4,5,,https://www.ajio.com/teakwood-leathers-textured-back-pack-with-adjustable-strap/p/461855543_brown?
POLICE,Lopiro 15'' Laptop Backpack with Adjustable Straps,"₹1,113",2.5,4,,https://www.ajio.com/police-lopiro-15--laptop-backpack-with-adjustable-straps/p/466016109_black?
POLICE,Bretha 15'' Laptop Backpack with Adjustable Straps,"₹1,485",,,,https://www.ajio.com/police-bretha-15--laptop-backpack-with-adjustable-straps/p/466016121_black?
Carriall,Colourblock Laptop Backpack with Adjustable Straps,"₹4,292",,,,https://www.ajio.com/carriall-colourblock-laptop-backpack-with-adjustable-straps/p/465854024_olive?
AQUATAN,Laptop Back Pack with Zip Closure,₹899,,,,https://www.ajio.com/aquatan-laptop-back-pack-with-zip-closure/p/466133105_blue?
Strap It,Dual Strap Laptop Backpack,"₹3,250",,,,https://www.ajio.com/strap-it-dual-strap-laptop-backpack/p/466216135_green?
MADBRAG,Colourblock Back Pack with Adjustable Straps,"₹1,404",,,,https://www.ajio.com/madbrag-colourblock-back-pack-with-adjustable-straps/p/465634718_multi?
POLICE,Margret Pro 15'' Laptop Backpack with Adjustable Straps,"₹1,485",3.7,3,,https://www.ajio.com/police-margret-pro-15--laptop-backpack-with-adjustable-straps/p/466016115_grey?
Carriall,Laptop Backpack with Adjustable Strap,"₹3,689",,,,https://www.ajio.com/carriall-laptop-backpack-with-adjustable-strap/p/465847788_grey?
Urban Tribe,Graphic Print Travel Backpack with Adjustable Straps,"₹1,589",2,4,,https://www.ajio.com/urban-tribe-graphic-print-travel-backpack-with-adjustable-straps-/p/465608022_black?
Puma,Elite All-Over Print Backpack,"₹2,999",3.8,8,,https://www.ajio.com/puma-elite-all-over-print-backpack/p/469767597_black?
Strap It,Solid Back Pack,"₹3,500",,,https://assets-jiocdn.ajio.com/medias/sys_master/root/20230811/IazM/64d5bf3beebac147fcbf5b9d/strap_it_black_solid_back_pack.jpg,https://www.ajio.com/strap-it-solid-back-pack/p/464147283_black?
Strap It,Solid Back Pack,"₹3,500",4.6,8,https://assets-jiocdn.ajio.com/medias/sys_master/root/20230811/yZEP/64d5bf21eebac147fcbf58d8/strap_it_multi_solid_back_pack.jpg,https://www.ajio.com/strap-it-solid-back-pack/p/464147285_multi?
Strap It,Solid Back Pack,"₹3,500",4.5,6,,https://www.ajio.com/strap-it-solid-back-pack/p/464147247_black?
UNITED COLORS OF BENETTON,Men Typographic Print Laptop Backpack with Adjustable Straps,"₹3,149",3.8,6,https://assets-jiocdn.ajio.com/medias/sys_master/root/20240227/9Ixs/65dcfa4516fd2c6e6a204dd0/united_colors_of_benetton_navy_blue_men_typographic_print_laptop_backpack_with_adjustable_straps.jpg,https://www.ajio.com/united-colors-of-benetton-men-typographic-print-laptop-backpack-with-adjustable-straps/p/467110757_navy?
Strap It,Textured Back Pack,"₹3,000",,,https://assets-jiocdn.ajio.com/medias/sys_master/root/20230811/ANBI/64d5bf16a9b42d15c9a3bc8c/strap_it_blue_textured_back_pack.jpg,https://www.ajio.com/strap-it-textured-back-pack/p/464170593_blue?
Deuter,Textured Back Pack with Padded Straps,"₹5,999",,,,https://www.ajio.com/deuter--textured-back-pack-with-padded-straps/p/467124718_purple?
Strap It,Solid Back Pack,"₹3,500",4.8,4,,https://www.ajio.com/strap-it-solid-back-pack/p/464147256_blue?
MATRICE,Solid Laptop BackPack,"₹1,435",3.6,5,,https://www.ajio.com/matrice-solid-laptop-backpack/p/464624458_black?
SPYKAR,Quilted Backpack with Adjustable Straps,"₹1,250",1.7,3,,https://www.ajio.com/spykar-quilted-backpack-with-adjustable-straps-/p/465366087_blue?
HIDESIGN,Textured Genuine Leather Messenger Bag,"₹8,898",3.7,18,,https://www.ajio.com/hidesign-textured-genuine-leather-messenger-bag/p/465061017_black?
REDHORNS,Men Geometric Print Backpack with Adjustable Strap,"₹1,600",3.7,3,,https://www.ajio.com/redhorns-men-geometric-print-backpack-with-adjustable-strap/p/466817258_black?
Harp,"14"" Laptop Backpack with Detachable Sling Strap","₹3,999",,,,https://www.ajio.com/harp-14-laptop-backpack-with-detachable-sling-strap/p/460218884_black?
Reebok,Camouflage Print Backpack,"₹1,259",3.8,6,,https://www.ajio.com/reebok-camouflage-print-backpack/p/460847916_green?
BAD HABIT,Textured Backpack with Padded Straps,"₹1,899",,,,https://www.ajio.com/bad-habit-textured-backpack-with-padded-straps/p/460187252_white?
HIDESIGN,Men Backpack with Snap-Button Closure,"₹6,252",,,,https://www.ajio.com/hidesign-men-backpack-with-snap-button-closure-/p/466820347_nude?
Lunar's,Panelled Backpack with Adjustable Shoulder Straps,₹850,3.6,13,,https://www.ajio.com/lunar-s-panelled-backpack-with-adjustable-shoulder-straps/p/460523009_navyblue?
Pazzo,Men Colourblock Backpack with Adjustable Straps,₹810,,,,https://www.ajio.com/pazzo-men-colourblock-backpack-with-adjustable-straps/p/466884914_navy?
BAD HABIT,Panelled Backpack with Front Zip Pockets,"₹3,324",,,,https://www.ajio.com/bad-habit-panelled-backpack-with-front-zip-pockets/p/460143425_black?
UNITED COLORS OF BENETTON,Men Typographic Print Backpack with Adjustable Straps,"₹2,699",,,,https://www.ajio.com/united-colors-of-benetton-men-typographic-print-backpack-with-adjustable-straps/p/466903493_grey?
Pazzo,Backpack with Signature Branding,₹799,,,,https://www.ajio.com/pazzo-backpack-with-signature-branding/p/460312254_grey?
UNITED COLORS OF BENETTON,Men Colourblock Backpack with Adjustable Shoulder Straps,"₹2,429",,,,https://www.ajio.com/united-colors-of-benetton-men-colourblock-backpack-with-adjustable-shoulder-straps/p/466943151_red?
BAD HABIT,Camouflage Print Back Pack,"₹1,804",2.3,4,,https://www.ajio.com/bad-habit-camouflage-print-back-pack/p/461911146_grey?
VENEER,Men Colourblock Backpack with Zip Closure,"₹4,050",,,,https://www.ajio.com/veneer-men-colourblock-backpack-with-zip-closure/p/466951279_navy?
The Vertical,Men Laptop Back Pack with Adjustable Strap,"₹2,199",,,,https://www.ajio.com/the-vertical-men-laptop-back-pack-with-adjustable-strap/p/466958782_black?
VENEER,Backpack with Adjustable Shoulder Strap,"₹1,350",1,2,,https://www.ajio.com/veneer-backpack-with-adjustable-shoulder-strap/p/466951297_black?
BAD HABIT,Camouflage Print Back Pack,"₹1,804",2.7,17,,https://www.ajio.com/bad-habit-camouflage-print-back-pack/p/463044870_black?
MaheTri,Men Strappy Backpack with Padded Laptop Sleeve,"₹4,583",4.5,2,,https://www.ajio.com/mahetri-men-strappy-backpack-with-padded-laptop-sleeve/p/467048931_brown?
CAT,Men Typographic Print Back Pack,"₹3,500",,,,https://www.ajio.com/cat-men-typographic-print-back-pack/p/467049874_black?
UNITED COLORS OF BENETTON,Men Laptop Backpack with Adjustable Strap,"₹2,969",2,5,,https://www.ajio.com/united-colors-of-benetton-men-laptop-backpack-with-adjustable-strap/p/466694881_navy?
Tatonka,Travel Backpack with Brand Print,"₹16,790",,,,https://www.ajio.com/tatonka-travel-backpack-with-brand-print/p/466853063_black?
French Accent,Solid Back Pack,"₹4,469",,,,https://www.ajio.com/french-accent-solid-back-pack/p/466492710_brown?
Art N Vintage,Men Coloublock Genuine Leather Backpack,"₹13,949",,,,https://www.ajio.com/art-n-vintage-men-coloublock-genuine-leather-backpack/p/466689281_black?
ABELARDO DE MODA,Men Logo Pattern Everyday Backpack,"₹7,199",,,,https://www.ajio.com/abelardo-de-moda-men-logo-pattern-everyday-backpack/p/700286625_black?
Hummel,Men Back Pack with Adjustable Straps,"₹1,288",,,,https://www.ajio.com/hummel-men-back-pack-with-adjustable-straps/p/700287951_black?
Travel Blue,Laptop Backpack with Adjustable Straps,"₹4,049",,,,https://www.ajio.com/travel-blue-laptop-backpack-with-adjustable-straps/p/700291330_grey?
Travel Blue,Men Logo Pattern Laptop Back Pack,"₹2,699",,,,https://www.ajio.com/travel-blue-men-logo-pattern-laptop-back-pack/p/700295709_navy?
MaheTri,Men Travel Backpack with Zip Closure,"₹4,167",,,,https://www.ajio.com/mahetri-men-travel-backpack-with-zip-closure/p/700233262_brown?
VENEER,Men Backpack with Zip Closure & Adjustable Strap,"₹2,700",,,,https://www.ajio.com/veneer-men-backpack-with-zip-closure--adjustable-strap/p/466951290_grey?
VENEER,Men Backpack with Adjustable Shoulder Strap,"₹2,160",3,7,,https://www.ajio.com/veneer-men-backpack-with-adjustable-shoulder-strap/p/466951294_cream?
Strap It,14' Colourblock Back Pack,"₹3,500",4,3,,https://www.ajio.com/strap-it-14-colourblock-back-pack/p/464135620_blue?
Strap It,Solid Back Pack,"₹3,500",4,2,,https://www.ajio.com/strap-it-solid-back-pack/p/464147309_multi?
Strap It,Solid Canvas Back Pack,"₹3,500",,,,https://www.ajio.com/strap-it-solid-canvas-back-pack/p/464147244_grey?
Strap It,Solid Back Pack,"₹2,500",,,,https://www.ajio.com/strap-it-solid-back-pack/p/464147308_olive?
UNITED COLORS OF BENETTON,"Men 14"" Everyday Backpack with Brand Embroidery","₹2,249",,,,https://www.ajio.com/united-colors-of-benetton-men-14-everyday-backpack-with-brand-embroidery/p/467070944_grey?
UNITED COLORS OF BENETTON,Men Laptop Backpack with Adjustable Straps,"₹2,699",,,,https://www.ajio.com/united-colors-of-benetton-men-laptop-backpack-with-adjustable-straps--/p/467066657_green?
ZIPLINE,Solid Everyday Backpack,₹833,3.5,20,https://assets-jiocdn.ajio.com/medias/sys_master/root/20230621/ypyf/64929cdbd55b7d0c6392ab38/zipline_navy_solid_everyday_backpack.jpg,https://www.ajio.com/zipline-solid-everyday-backpack/p/463937282_navy?
EUME,Striped Everyday Backpack,"₹3,999",,,https://assets-jiocdn.ajio.com/medias/sys_master/root/20230621/YuYg/64924bcb42f9e729d760ed92/eume_grey_striped_everyday_backpack.jpg,https://www.ajio.com/eume-striped-everyday-backpack/p/463554055_grey?
UNITED COLORS OF BENETTON,Men Back Pack with Adjustable Straps,"₹2,699",3.3,14,,https://www.ajio.com/united-colors-of-benetton-men-back-pack-with-adjustable-straps/p/467131251_black?
VENEER,Back Pack with Adjustable Shoulder Strap,"₹2,160",2.9,7,https://assets-jiocdn.ajio.com/medias/sys_master/root/20240311/PPp0/65ee327305ac7d77bba66307/veneer_black_back_pack_with_adjustable_shoulder_strap.jpg,https://www.ajio.com/veneer-back-pack-with-adjustable-shoulder-strap/p/467123129_black?
VENEER,Men Back Pack with Adjustable Strap,"₹1,188",3,3,https://assets-jiocdn.ajio.com/medias/sys_master/root/20240229/0IfU/65e0b1cb05ac7d77bb8aaa47/veneer_tan_men_back_pack_with_adjustable_strap.jpg,https://www.ajio.com/veneer-men-back-pack-with-adjustable-strap/p/467123066_tan?
UNITED COLORS OF BENETTON,"Men Typographic Print 18"" Laptop Backpack","₹2,699",,,,https://www.ajio.com/united-colors-of-benetton-men-typographic-print-18-laptop-backpack-/p/467066991_wine?
GIOIA,Men Back Pack with Adjustable Straps,"₹16,490",,,,https://www.ajio.com/gioia-men-back-pack-with-adjustable-straps/p/467176756_olive?
TEAKWOOD LEATHERS,Solid Back Pack,"₹4,350",3,2,,https://www.ajio.com/teakwood-leathers-solid-back-pack/p/464525523_black?
Deuter,Men Typographic Print Backpack with Zip Closure,"₹6,999",,,,https://www.ajio.com/deuter-men-typographic-print-backpack-with-zip-closure/p/467123868_orange?
Strap It,Solid Back Pack,"₹3,500",,,,https://www.ajio.com/strap-it-solid-back-pack/p/464147272_blue?
French Accent,Solid Back Pack,"₹2,241",1.5,2,,https://www.ajio.com/french-accent-solid-back-pack/p/466492553_black?
MaheTri,Men Trekking Back Pack with Side Zip Pockets,"₹5,600",,,,https://www.ajio.com/mahetri-men-trekking-back-pack-with-side-zip-pockets/p/700232657_brown?
F-GEAR,Men Amalfi Laptop Backpack,"₹7,745",,,,https://www.ajio.com/f-gear-men-amalfi-laptop-backpack/p/469808687_grey?
Sassora,Men Leather Back Pack with Zip Closure,"₹3,108",,,,https://www.ajio.com/sassora-men-leather-back-pack-with-zip-closure/p/700884328_black?
F-GEAR,Men Berlin Laptop Backpack,"₹3,998",,,,https://www.ajio.com/f-gear-men-berlin-laptop-backpack/p/469808677_black?
Hummel,Men Back Pack with Adjustable Straps,"₹1,709",,,,https://www.ajio.com/hummel-men-back-pack-with-adjustable-straps/p/700289151_navy?
French Accent,Men Laptop Back Pack with Zip-Closure,"₹3,489",,,,https://www.ajio.com/french-accent-men-laptop-back-pack-with-zip-closure/p/700353314_grey?
F-GEAR,Men Backpack with Padded Shoulder Straps,"₹1,598",,,,https://www.ajio.com/f-gear-men-backpack-with-padded-shoulder-straps/p/469736547_lightgreymelange?
Wiki,Men Printed Laptop Backpack with Shoulder Strap,"₹1,503",,,,https://www.ajio.com/wiki-men-printed-laptop-backpack-with-shoulder-strap/p/702949477_black?
Citizen,Unisex Shoulder strap Backpack,"₹1,239",,,,https://www.ajio.com/citizen-unisex-shoulder-strap-backpack/p/703108680_navy?
Carriall,Men Colourblock Backpack with Front Pocket,"₹5,014",,,,https://www.ajio.com/carriall-men-colourblock-backpack-with-front-pocket/p/702755910_navy?
STRUTT,Men Typographic Print Backpack,"₹1,499",,,,https://www.ajio.com/strutt-men-typographic-print-backpack-/p/702721255_white?
Kaban,Men Backpack with Padded Straps,"₹2,474",,,,https://www.ajio.com/kaban-men-backpack-with-padded-straps/p/702872954_peach?
TIMUS,Water Resistant Laptop Backpack,"₹4,795",,,,https://www.ajio.com/timus-water-resistant-laptop-backpack/p/703246516_black?
TIMUS,Water Resistant Laptop Backpack,"₹5,297",,,,https://www.ajio.com/timus-water-resistant-laptop-backpack/p/703245770_black?
TIMUS,Men Quilted Water-Resistant Laptop Backpack with USB Charging Port,"₹5,040",,,,https://www.ajio.com/timus-men-quilted-water-resistant-laptop-backpack-with-usb-charging-port/p/703251954_black?
Urban Jungle,Men Padded Bag,"₹3,323",,,,https://www.ajio.com/urban-jungle-men-padded-bag/p/703322190_grey?
Sassora,Men 2 Compartments Bag with Zipper Closure,"₹5,344",,,,https://www.ajio.com/sassora-men-2-compartments-bag-with-zipper-closure/p/703416716_brown?
Urban Jungle,Men Padded Laptop Backpack,"₹4,549",,,,https://www.ajio.com/urban-jungle-men-padded-laptop-backpack/p/703319414_olive?
GUESS,Backpack with Brand Applique,"₹11,200",,,,https://www.ajio.com/guess-backpack-with-brand-applique/p/703363992_grey?
GUESS,Printed Backpack,"₹8,400",,,,https://www.ajio.com/guess-printed-backpack-/p/703363902_black?
Urban Jungle,Men Padded Laptop Bag,"₹5,223",,,,https://www.ajio.com/urban-jungle-men-padded-laptop-bag/p/703380007_grey?
Citizen,Unisex Shoulder strap Backpack,₹959,,,,https://www.ajio.com/citizen-unisex-shoulder-strap-backpack/p/703108624_grey?
Decathlon,Newfeel - Unisex Urban Walking Water Resistant Backpack 27 L,"₹5,199",,,,https://www.ajio.com/decathlon-newfeel--unisex-urban-walking-water-resistant-backpack-27-l/p/703117285_white?
Citizen,Unisex Shoulder strap Backpack,"₹2,399",,,,https://www.ajio.com/citizen-unisex-shoulder-strap-backpack/p/703108690_orange?
TIMUS,Water Resistant Laptop Backpack,"₹4,795",,,,https://www.ajio.com/timus-water-resistant-laptop-backpack/p/703246471_black?
TIMUS,Water Resistant Laptop Backpack,"₹4,747",,,,https://www.ajio.com/timus-water-resistant-laptop-backpack/p/703245802_black?
EUME,Unisex Nylon Laptop Backpack,"₹3,999",,,,https://www.ajio.com/eume-unisex-nylon-laptop-backpack/p/703485996_grey?
Urban Jungle,Men Padded Laptop Bag,"₹5,525",,,,https://www.ajio.com/urban-jungle-men-padded-laptop-bag/p/703379848_red?
TEAKWOOD LEATHERS,Unisex Everyday Back Pack,"₹2,350",,,,https://www.ajio.com/teakwood-leathers-unisex-everyday-back-pack/p/703514148_grey?
TEAKWOOD LEATHERS,Unisex Everyday Back Pack,"₹2,350",,,,https://www.ajio.com/teakwood-leathers-unisex-everyday-back-pack/p/703514148_black?
TEAKWOOD LEATHERS,Unisex Everyday Back Pack,"₹1,798",,,,https://www.ajio.com/teakwood-leathers-unisex-everyday-back-pack/p/703514059_grey?
TEAKWOOD LEATHERS,Men Back Pack,"₹3,656",,,,https://www.ajio.com/teakwood-leathers-men-back-pack/p/703542068_navy?
Wiki,Men Graphic Everyday Backpack,"₹1,554",,,,https://www.ajio.com/wiki-men-graphic-everyday-backpack/p/703500750_navy?
Wiki,Men Printed Everyday Backpack,"₹1,499",,,,https://www.ajio.com/wiki-men-printed-everyday-backpack/p/703574091_metallic?
HIDESIGN,Men Vendome Laptop Backpack,"₹15,995",,,https://assets-jiocdn.ajio.com/medias/sys_master/root1/20260615/eg7Y/6a2fe28bade02f052a279d59/hidesign_brown_men_vendome_laptop_backpack.jpg,https://www.ajio.com/hidesign-men-vendome-laptop-backpack/p/703578061_brown?
Wiki,Men Printed Everyday Backpack,"₹1,499",,,https://assets-jiocdn.ajio.com/medias/sys_master/root1/20260615/ZqVB/6a2fdda8afd8cf5e736d2973/wiki_lime_men_printed_everyday_backpack.jpg,https://www.ajio.com/wiki-men-printed-everyday-backpack/p/703574091_lime?
Urban Jungle,Men Padded Laptop Backpack,"₹5,543",,,,https://www.ajio.com/urban-jungle-men-padded-laptop-backpack/p/703319429_blue?
Urban Jungle,Men Padded Laptop Backpack,"₹3,323",,,https://assets-jiocdn.ajio.com/medias/sys_master/root1/20260413/cS4u/69dcd1e914d0c21719691fe3/urban_jungle_blue_men_padded_laptop_backpack.jpg,https://www.ajio.com/urban-jungle-men-padded-laptop-backpack/p/703319346_blue?
Urban Jungle,Men Padded Laptop Bag,"₹3,818",,,https://assets-jiocdn.ajio.com/medias/sys_master/root1/20260427/9DlC/69ef5639fcb5bb61d2854267/urban_jungle_olive_men_padded_laptop_bag.jpg,https://www.ajio.com/urban-jungle-men-padded-laptop-bag/p/703380426_olive?
Sassora,Men 2 Compartments Bag with Zipper Closure,"₹4,990",,,,https://www.ajio.com/sassora-men-2-compartments-bag-with-zipper-closure/p/703416843_navy?
Sassora,Men 2 Compartments Bag with Zipper Closure,"₹4,935",,,,https://www.ajio.com/sassora-men-2-compartments-bag-with-zipper-closure/p/703417283_green?
Sassora,Men 2 Compartments Bag with Zipper Closure,"₹5,344",,,,https://www.ajio.com/sassora-men-2-compartments-bag-with-zipper-closure/p/703417256_coffee?
EUME,Unisex Nylon Laptop Backpack,"₹8,998",,,,https://www.ajio.com/eume-unisex-nylon-laptop-backpack/p/703485952_brown?
EUME,Unisex Nylon Laptop Backpack,"₹4,749",,,,https://www.ajio.com/eume-unisex-nylon-laptop-backpack/p/703486697_black?
TEAKWOOD LEATHERS,Men Everyday Backpack,"₹1,300",,,,https://www.ajio.com/teakwood-leathers-men-everyday-backpack/p/703539583_grey?
TEAKWOOD LEATHERS,Men Everyday Backpack,"₹1,260",,,,https://www.ajio.com/teakwood-leathers-men-everyday-backpack/p/703539676_black?
TEAKWOOD LEATHERS,Men Everyday Backpack,"₹1,198",,,,https://www.ajio.com/teakwood-leathers-men-everyday-backpack/p/703515023_white?
Wiki,Men Printed Everyday Backpack,"₹1,554",,,,https://www.ajio.com/wiki-men-printed-everyday-backpack/p/703500750_blue?
TEAKWOOD LEATHERS,Men Everyday Backpack,"₹1,798",,,,https://www.ajio.com/teakwood-leathers-men-everyday-backpack/p/703514059_black?
TEAKWOOD LEATHERS,Men Everyday Backpack,"₹1,198",,,,https://www.ajio.com/teakwood-leathers-men-everyday-backpack/p/703515023_black?
EUME,Unisex 2 Compartments Laptop Backpack,"₹3,999",,,,https://www.ajio.com/eume-unisex-2-compartments-laptop-backpack/p/703485996_blue?
EUME,Unisex PU Laptop Backpack,"₹6,650",,,,https://www.ajio.com/eume-unisex-pu-laptop-backpack/p/703486348_black?
EUME,Unisex Nylon Laptop Backpack,"₹6,099",,,,https://www.ajio.com/eume-unisex-nylon-laptop-backpack/p/703485868_black?
Wiki,Men Graphic Everyday Backpack,"₹1,470",,,,https://www.ajio.com/wiki-men-graphic-everyday-backpack/p/703500755_yellow?
YOUSTA,Men Crossbody Backpack,₹599,,,,https://www.ajio.com/yousta-men-crossbody-backpack/p/443701308_beige?
HIDESIGN,Men Vendome Laptop Backpack,"₹14,995",,,,https://www.ajio.com/hidesign-men-vendome-laptop-backpack/p/703577587_brown?
TEAKWOOD LEATHERS,Men Expandable Laptop Travel Backpack,"₹3,100",,,,https://www.ajio.com/teakwood-leathers-men-expandable-laptop-travel-backpack/p/703578060_black?
Wiki,Men Printed Everyday Backpack,"₹1,499",,,,https://www.ajio.com/wiki-men-printed-everyday-backpack/p/703574091_green?
TEAKWOOD LEATHERS,Men Laptop Travel Backpack,"₹3,100",,,,https://www.ajio.com/teakwood-leathers-men-laptop-travel-backpack/p/703578060_olive?
The Souled Store,Men Striped Backpack with Buckle Closure,"₹2,469",,,,https://www.ajio.com/the-souled-store-men-striped-backpack-with-buckle-closure/p/703584265_blue?
TEAKWOOD LEATHERS,Unisex Backpack with Laptop Compartment,"₹3,656",,,,https://www.ajio.com/teakwood-leathers-unisex-backpack-with-laptop-compartment/p/703542068_grey?
Wiki,Men Printed Everyday Backpack,"₹1,499",,,,https://www.ajio.com/wiki-men-printed-everyday-backpack/p/703574091_navy?
Nasher Miles,Unisex Laptop Backpack with Padded Shoulder Straps,"₹3,998",,,,https://www.ajio.com/nasher-miles-unisex-laptop-backpack-with-padded-shoulder-straps/p/703605387_black?
Nasher Miles,Unisex Laptop Backpack with Padded Shoulder Straps,"₹3,998",,,,https://www.ajio.com/nasher-miles-unisex-laptop-backpack-with-padded-shoulder-straps/p/703605052_navy?
Goatter,Women Leather Everyday Backpack,"₹7,200",,,,https://www.ajio.com/goatter-women-leather-everyday-backpack/p/703607079_brown?
POLICE,Brand Print Backpack with Adjustable Shoulder Strap,₹959,,,,https://www.ajio.com/police-brand-print-backpack-with-adjustable-shoulder-strap/p/703610241_black?
Nasher Miles,Unisex Laptop Backpack with Padded Shoulder Straps,"₹4,998",,,,https://www.ajio.com/nasher-miles-unisex-laptop-backpack-with-padded-shoulder-straps/p/703605315_olive?
Nasher Miles,Unisex Laptop Backpack with Padded Shoulder Straps,"₹4,498",,,,https://www.ajio.com/nasher-miles-unisex-laptop-backpack-with-padded-shoulder-straps/p/703605096_black?
Nasher Miles,Unisex Laptop Backpack with Padded Shoulder Straps,"₹4,498",,,,https://www.ajio.com/nasher-miles-unisex-laptop-backpack-with-padded-shoulder-straps/p/703604987_black?
Nasher Miles,Unisex Laptop Backpack with Padded Shoulder Straps,"₹3,998",,,,https://www.ajio.com/nasher-miles-unisex-laptop-backpack-with-padded-shoulder-straps/p/703604774_olive?
TEAKWOOD LEATHERS,Men Backpack with Adjustable Straps,"₹3,698",,,,https://www.ajio.com/teakwood-leathers-men-backpack-with-adjustable-straps/p/703614522_grey?
Nasher Miles,Unisex Laptop Backpack with Padded Shoulder Straps,"₹4,498",,,,https://www.ajio.com/nasher-miles-unisex-laptop-backpack-with-padded-shoulder-straps/p/703605089_brown?
HIDESIGN,Men Vendome Laptop Backpack,"₹14,995",,,,https://www.ajio.com/hidesign-men-vendome-laptop-backpack/p/703577587_black?
UNITED COLORS OF BENETTON,Men Laptop Backpack with Adjustable Straps,"₹2,699",3,2,,https://www.ajio.com/united-colors-of-benetton-men-laptop-backpack-with-adjustable-straps--/p/467066660_yellow?
UNITED COLORS OF BENETTON,Men Printed Backpack with Adjustable Strap,"₹1,304",,,,https://www.ajio.com/united-colors-of-benetton-men-printed-backpack-with-adjustable-strap/p/467045520_red?
The Clownfish,Geometric Print Everyday Backpack with Pouch,"₹1,295",,,,https://www.ajio.com/the-clownfish-geometric-print-everyday-backpack-with-pouch/p/466635941_blue?
TOMMY HILFIGER,Unisex Buckingham 15 Inch Backpack,"₹10,502",,,,https://www.ajio.com/tommy-hilfiger-unisex-buckingham-15-inch-backpack/p/442173572_navy?
UNITED COLORS OF BENETTON,Men Embroidered Backpack with Adjustable Strap,"₹1,889",4.5,2,,https://www.ajio.com/united-colors-of-benetton-men-embroidered-backpack-with-adjustable-strap/p/467046219_grey?
Aeropostale,Men Numeric Print Backpack with Bottle Holder,₹750,,,,https://www.ajio.com/aeropostale-men-numeric-print-backpack-with-bottle-holder/p/467054876_blue?
SPYKAR,Men Colourblock Laptop Backpack with Zip Closure,"₹1,500",,,,https://www.ajio.com/spykar-men-colourblock-laptop-backpack-with-zip-closure-/p/700241960_red?
Nasher Miles,Queens Laptop Backpack with USB Charging - 22 L,"₹2,499",,,,https://www.ajio.com/nasher-miles-queens-laptop-backpack-with-usb-charging--22-l/p/701345173_olive?
Puma,Academy Spacious Everyday Backpack 25L,"₹2,499",,,https://assets-jiocdn.ajio.com/medias/sys_master/root/20241103/vWvj/67278f54260f9c41e8b902d5/puma_puma_black-camo_aop_academy_spacious_everyday_backpack_25l.jpg,https://www.ajio.com/puma-academy-spacious-everyday-backpack-25l/p/700683827_black?
Wiki,Men Casual Back Pack,"₹1,299",4.5,2,https://assets-jiocdn.ajio.com/medias/sys_master/root/20250302/lF28/67c479d359f83539800f23d6/wiki_orange_men_casual_back_pack.jpg,https://www.ajio.com/wiki-men-casual-back-pack/p/701286106_orange?
SPYKAR,Men Colourblock Laptop Bag,"₹1,500",,,,https://www.ajio.com/spykar-men-colourblock-laptop-bag/p/700240736_green?
F-GEAR,Men Castle Brand Print Backpack,₹704,,,https://assets-jiocdn.ajio.com/medias/sys_master/root/20250225/WyAp/67bdbd742960820c49a8e9a5/f-gear_grey_men_castle_brand_print_backpack.jpg,https://www.ajio.com/f-gear-men-castle-brand-print-backpack/p/469749172_grey?
SPYKAR,Men Back Pack,"₹1,000",,,https://assets-jiocdn.ajio.com/medias/sys_master/root/20250115/Kbqx/6787b8cc0431850e0d9ec4b0/spykar_red_men__back_pack.jpg,https://www.ajio.com/spykar-men-back-pack/p/701058754_red?
Nasher Miles,Engineering Laptop Backpack with Raincover 36 L,"₹1,299",,,,https://www.ajio.com/nasher-miles-engineering-laptop-backpack-with-raincover-36-l/p/701532876_blue?
Nasher Miles,Queens Laptop Backpack with USB Charging - 22 L,"₹2,499",1,2,,https://www.ajio.com/nasher-miles-queens-laptop-backpack-with-usb-charging--22-l/p/701344845_grey?
ASTELLER,Men Floral Print Backpack with Adjustable Straps,₹766,,,,https://www.ajio.com/asteller-men-floral-print-backpack-with-adjustable-straps/p/701755679_multi?
F-GEAR,Men Back Pack with Adjustable Shoulder Strap,"₹1,287",5,2,,https://www.ajio.com/f-gear-men-back-pack-with-adjustable-shoulder-strap/p/701900796_aqua?
RED TAPE,Men Laptop Back Pack,"₹1,800",,,,https://www.ajio.com/red-tape-men-laptop-back-pack/p/701512801_grey?
Columbia,Men Travel Backpack with Adjustable Shoulder Straps,"₹4,999",2.3,3,,https://www.ajio.com/columbia-men-travel-backpack-with-adjustable-shoulder-straps/p/466969116_red?
Lunar's,Men Logo Embossed Travel Backpack,₹900,,,,https://www.ajio.com/lunar-s-men-logo-embossed-travel-backpack/p/700696429_blue?
Aeropostale,Typographic Cross Body Bag with Adjustable Strap,"₹1,199",3.3,7,,https://www.ajio.com/aeropostale-typographic-cross-body-bag-with-adjustable-strap/p/467185468_black?
Amswan,Men Backpack with Adjustable Straps,₹600,,,,https://www.ajio.com/amswan-men-backpack-with-adjustable-straps-/p/467081664_blue?
ZIPLINE,Men Backpack with Adjustable Straps,"₹1,099",,,,https://www.ajio.com/zipline-men-backpack-with-adjustable-straps/p/466955246_blue?
SPYKAR,Men Duffle Bag with Adjustable Strap,"₹1,250",,,,https://www.ajio.com/spykar-men-duffle-bag-with-adjustable-strap/p/700240738_grey?
OZUKO,9223 Brand Print Crossbody Bag,"₹4,895",,,,https://www.ajio.com/ozuko-9223-brand-print-crossbody-bag/p/469396725_blue?
MOVE-MEANT,Men Typographic Print Back Pack with Zip Closure,₹792,,,,https://www.ajio.com/move-meant-men-typographic-print-back-pack-with-zip-closure/p/701568115_teal?
OZUKO,Men Travel Back Pack,"₹5,135",,,,https://www.ajio.com/ozuko-men-travel-back-pack/p/702094550_black?
Reebok,Men Everyday Back Pack,"₹1,399",,,,https://www.ajio.com/reebok-men-everyday-back-pack/p/702060508_grey?
OZUKO,Men Travel Back Pack,"₹6,825",,,,https://www.ajio.com/ozuko-men-travel-back-pack/p/702094524_multi?
Harp,"13"" Metro USA Chicago Backpack","₹1,499",,,,https://www.ajio.com/harp-13-metro-usa-chicago-backpack/p/460117667_olive?
TEAKWOOD LEATHERS,Men Everyday Backpack with Adjustable Straps,₹820,,,,https://www.ajio.com/teakwood-leathers-men-everyday-backpack-with-adjustable-straps-/p/701945612_blue?
LACOSTE,Abstract Classics Backpack,"₹13,720",,,,https://www.ajio.com/lacoste-abstract-classics-backpack/p/703095097_black?
Columbia,Unisex Buxton 26L Backpack,"₹4,999",,,,https://www.ajio.com/columbia-unisex-buxton-26l-backpack/p/702754300_blue?
ASTELLER,Men Embellished Everyday Back Pack,₹766,,,,https://www.ajio.com/asteller-men-embellished-everyday-back-pack/p/701746213_multi?
Decathlon,Men Typographic Print Backpack with Zip Closure,"₹1,799",,,,https://www.ajio.com/decathlon-men-typographic-print-backpack-with-zip-closure/p/702527017_blue?
F-GEAR,Men Back Pack with Adjustable Shoulder Strap,"₹1,059",,,,https://www.ajio.com/f-gear-men-back-pack-with-adjustable-shoulder-strap/p/701900938_navy?
ZIPLINE,Men Colourblock Backpack with Zip Closure,"₹1,000",3.6,36,,https://www.ajio.com/zipline-men-colourblock-backpack-with-zip-closure/p/463938053_blue?
Puma,Checked Backpack with Logo Patch,"₹1,941",4,3,,https://www.ajio.com/puma-checked-backpack-with-logo-patch/p/469591214_blue?
ZIPLINE,Typographic Print Laptop Backpack,"₹1,000",3.3,3,,https://www.ajio.com/zipline-typographic-print-laptop-backpack/p/463947483_blue?
Pazzo,Alto 40L Casual Backpack,₹849,3.3,31,,https://www.ajio.com/pazzo-alto-40l-casual-backpack/p/469183430_yellow?
OZUKO,9223 Brand Print Crossbody Bag,"₹4,500",,,,https://www.ajio.com/ozuko-9223-brand-print-crossbody-bag/p/469396745_blue?
GIOIA,Men Striped Laptop Backpack,"₹15,300",,,,https://www.ajio.com/gioia-men-striped-laptop-backpack/p/467323248_black?
OZUKO,9326 Travel Backpack with Adjustable Straps,"₹13,695",,,,https://www.ajio.com/ozuko-9326-travel-backpack-with-adjustable-straps/p/469396685_grey?
Reebok,Solid Backpacks Bags,"₹1,259",5,2,,https://www.ajio.com/reebok-solid-backpacks-bags/p/469286492_blue?
F-GEAR,Men Logo Print Backpack,"₹2,240",4.8,5,,https://www.ajio.com/f-gear-men-logo-print-backpack/p/469527240_black?
Stony Brook by Nasher Miles,Striped Travel Back Pack with Padded Straps,₹780,,,,https://www.ajio.com/stony-brook-by-nasher-miles-striped-travel-back-pack-with-padded-straps/p/466158529_black?
AQUATAN,Laptop Back Pack with Shoulder Straps,"₹1,499",,,,https://www.ajio.com/aquatan-laptop-back-pack-with-shoulder-straps/p/464629814_blue?
Aeropostale,"Men 18"" Camouflage Laptop Backpack with Zip Closure",₹750,,,,https://www.ajio.com/aeropostale-men-18-camouflage-laptop-backpack-with-zip-closure/p/467054800_blue?
BAD HABIT,Backpack with Adjustable Shoulder Straps,"₹2,374",4,2,,https://www.ajio.com/bad-habit-backpack-with-adjustable-shoulder-straps/p/461067780_black?
Chris & Kate,Backpack with Adjustable Straps,₹799,,,,https://www.ajio.com/chris--kate-backpack-with-adjustable-straps/p/460312300_navyblue?
UNITED COLORS OF BENETTON,Men Printed Backpack with Adjustable Strap,"₹1,214",,,,https://www.ajio.com/united-colors-of-benetton-men-printed-backpack-with-adjustable-strap/p/467045460_red?
UNITED COLORS OF BENETTON,Laptop Backpack with Adjustable Strap,"₹1,979",3,4,,https://www.ajio.com/united-colors-of-benetton-laptop-backpack-with-adjustable-strap-/p/700412961_wine?
ZIPLINE,Men Printed Backpack with Side Mesh Pockets,"₹1,000",4.5,2,,https://www.ajio.com/zipline-men-printed-backpack-with-side-mesh-pockets/p/466925819_red?
Amswan,Men Backpack with Adjustable Straps,₹960,,,https://assets-jiocdn.ajio.com/medias/sys_master/root/20240217/derg/65cfbfc405ac7d77bb5fee1d/amswan_navy_blue_men_backpack_with_adjustable_straps.jpg,https://www.ajio.com/amswan-men-backpack-with-adjustable-straps-/p/467081665_navy?
F-GEAR,Men Brand Print Laptop Backpack,"₹2,495",4,2,https://assets-jiocdn.ajio.com/medias/sys_master/root/20250513/TEQF/68232de655340d4b4f303bc5/f-gear_dark_grey_men_brand_print_laptop_backpack.jpg,https://www.ajio.com/f-gear-men-brand-print-laptop-backpack/p/469736516_darkgrey?
UNITED COLORS OF BENETTON,Unisex Printed Backpack,"₹2,249",,,,https://www.ajio.com/united-colors-of-benetton-unisex-printed-backpack/p/703001070_peach?
TOMMY HILFIGER,Unisex Printed Backpack,"₹4,402",,,https://assets-jiocdn.ajio.com/medias/sys_master/root1/20260220/dCM6/699894f77ef0c7385c1b510b/tommy_hilfiger_dark_navy_unisex_printed_backpack.jpg,https://www.ajio.com/tommy-hilfiger-unisex-printed-backpack/p/703001106_navy?
UNITED COLORS OF BENETTON,Unisex Printed Backpack,"₹2,249",,,https://assets-jiocdn.ajio.com/medias/sys_master/root1/20260220/EAL2/699895e2cbfa0d5608284947/united_colors_of_benetton_grey_unisex_printed_backpack.jpg,https://www.ajio.com/united-colors-of-benetton-unisex-printed-backpack/p/703001043_grey?
Columbia,Unisex Omni-Shield Manresa 30L Backpack,"₹6,499",,,,https://www.ajio.com/columbia-unisex-omni-shield-manresa-30l-backpack/p/702754307_olive?
ARISTOCRAT,Unisex Chip 15.6 Inch Compatible Laptop Backpack with Rain Cover - 32L,"₹1,489",,,,https://www.ajio.com/aristocrat-unisex-chip-15-6-inch-compatible-laptop-backpack-with-rain-cover--32l/p/4944887300_multi?
ARISTOCRAT,Unisex Circuit Casual Backpack with 3 Spacious Compartments - 40L,"₹1,209",,,,https://www.ajio.com/aristocrat-unisex-circuit-casual-backpack-with-3-spacious-compartments--40l/p/4947748610_multi?
EUME,Unisex Nylon Laptop Backpack,"₹8,998",,,,https://www.ajio.com/eume-unisex-nylon-laptop-backpack/p/703485952_black?
Wildcraft,Men Backpack with Adjustable Strap,"₹2,174",,,,https://www.ajio.com/wildcraft-men-backpack-with-adjustable-strap/p/703587328_navy?
Columbia,Unisex Omni-Shield Triple Canyon 60L Backpack,"₹14,999",,,,https://www.ajio.com/columbia-unisex-omni-shield-triple-canyon-60l-backpack/p/701064541_blue?
POLICE,Kevin Names 15'' Laptop Backpack with Adjustable Straps,"₹3,919",,,,https://www.ajio.com/police-kevin-names-15--laptop-backpack-with-adjustable-straps/p/466016130_grey?
Aeropostale,Typographic Cross Body Bag with Adjustable Strap,"₹1,199",3.2,13,,https://www.ajio.com/aeropostale-typographic-cross-body-bag-with-adjustable-strap/p/467185982_red?
Aeropostale,Men Backpack with Adjustable Shoulder Straps,"₹2,199",,,,https://www.ajio.com/aeropostale-men-backpack-with-adjustable-shoulder-straps/p/467185174_red?
The Clownfish,Geometric Print Everyday Backpack with Pouch,"₹1,287",3.7,6,,https://www.ajio.com/the-clownfish-geometric-print-everyday-backpack-with-pouch/p/466324378_blue?
Art N Vintage,Women Backpack with Adjustable Straps,"₹16,649",,,,https://www.ajio.com/art-n-vintage-women-backpack-with-adjustable-straps/p/466668756_brown?
Harp,"Panelled 14"" Laptop Backpack","₹2,499",,,,https://www.ajio.com/harp-panelled-14-laptop-backpack-/p/460218892_black?
The Clownfish,"14"" Laptop Bag with Adjustable Straps","₹2,779",3.6,7,,https://www.ajio.com/the-clownfish-14-laptop-bag-with-adjustable-straps-/p/460490164_brown?
Harp,Santiago Classic Backpack with Applique,"₹3,800",,,,https://www.ajio.com/harp-santiago-classic-backpack-with-applique/p/460117637_navy?
Smily Kiddos,Men Backpack with Adjustable Straps,"₹1,119",,,,https://www.ajio.com/smily-kiddos-men-backpack-with-adjustable-straps-/p/701216004_pink?
SPYKAR,Men Regular Fit Back Pack,"₹1,050",,,,https://www.ajio.com/spykar--men-regular-fit-back-pack/p/701058807_green?
UNITED COLORS OF BENETTON,"Men 18"" Everyday Backpack with Brand Print","₹2,699",,,,https://www.ajio.com/united-colors-of-benetton-men-18-everyday-backpack-with-brand-print/p/467071125_brown?
Roar for Good,Men Backpack with Adjustable Straps,"₹1,490",,,,https://www.ajio.com/roar-for-good-men-backpack-with-adjustable-straps/p/467061329_red?
VENEER,Men Back Pack with Adjustable Strap,"₹1,053",3.1,17,,https://www.ajio.com/veneer-men-back-pack-with-adjustable-strap/p/467123021_brown?
Deuter,Backpack with Adjustable Shoulder Strap,"₹15,499",,,,https://www.ajio.com/deuter-backpack-with-adjustable-shoulder-strap/p/700590424_blue?
OZUKO,EDGEPRO Range One Size Backpack,"₹10,660",,,,https://www.ajio.com/ozuko-edgepro-range-one-size-backpack/p/701317588_black?
Sassora,Men Leather Everyday Bag with Zip Closure,"₹4,526",,,,https://www.ajio.com/sassora-men-leather-everyday-bag-with-zip-closure/p/700884122_black?
Deuter,Men Back Pack with Adjustable Straps,"₹5,999",,,,https://www.ajio.com/deuter-men-back-pack-with-adjustable-straps/p/700690829_blue?
Citizen,Men Laptop Backpack with Detachable Strap,"₹1,609",,,,https://www.ajio.com/citizen-men-laptop-backpack-with-detachable-strap/p/700684406_black?
Lunar's,Man Back Pack,₹900,,,,https://www.ajio.com/lunar-s-man-back-pack/p/700700166_navy?
French Accent,Men Basket Weave Everyday Backpack,"₹3,949",,,,https://www.ajio.com/french-accent-men-basket-weave-everyday-backpack/p/700602973_green?
Deuter,Men Back Pack,"₹11,999",,,,https://www.ajio.com/deuter-men-back-pack/p/701161623_blue?
French Accent,Men Leather Back Pack,"₹3,489",,,,https://www.ajio.com/french-accent-men-leather-back-pack/p/700625067_black?
Smily Kiddos,Men Backpack with Adjustable Straps,"₹1,259",,,,https://www.ajio.com/smily-kiddos-men-backpack-with-adjustable-straps-/p/701216006_green?
Wiki,Men Casual Back Pack,"₹2,349",,,,https://www.ajio.com/wiki-men-casual-back-pack/p/701286053_black?
Wiki,Men Casual Back Pack,"₹2,349",,,,https://www.ajio.com/wiki-men-casual-back-pack/p/701286053_blue?
SPYKAR,Men Regular Fit Back Pack,"₹1,150",,,,https://www.ajio.com/spykar-men-regular-fit-back-pack/p/701058777_orange?
Deuter,Men Rucksacks Back Pack with Adjustable Straps,"₹5,999",,,,https://www.ajio.com/deuter-men-rucksacks-back-pack-with-adjustable-straps/p/700469341_green?
Deuter,Men Travel Back Pack with Zip-Closure,"₹5,299",,,,https://www.ajio.com/deuter-men-travel-back-pack-with-zip-closure/p/700437696_beige?
UNITED COLORS OF BENETTON,Men Back Pack with Zip Closure,"₹1,979",,,,https://www.ajio.com/united-colors-of-benetton-men-back-pack-with-zip-closure-/p/700529569_grey?
BAD HABIT,Women Backpack with Adjustable Shoulder Strap,"₹1,300",,,,https://www.ajio.com/bad-habit-women-backpack-with-adjustable-shoulder-strap/p/701199420_black?
F-GEAR,"17"" Laptop Backpack","₹3,580",4.4,5,,https://www.ajio.com/f-gear-17-laptop-backpack/p/469274096_black?
Lunar's,Panelled Backpack with Adjustable Straps,₹849,3.6,11,https://assets-jiocdn.ajio.com/medias/sys_master/root/20220413/rMth/6256ec7aaeb26921af1df096/lunar%27s_grey_panelled_backpack_with_adjustable_straps.jpg,https://www.ajio.com/lunar-s-panelled-backpack-with-adjustable-straps/p/469183459_grey?
The Vertical,Backpack with Adjustable Straps,"₹1,999",3,13,https://assets-jiocdn.ajio.com/medias/sys_master/root/20220906/jQkb/631733fff997dd1f8de6f2ba/the_vertical_black_backpack_with_adjustable_straps.jpg,https://www.ajio.com/the-vertical-backpack-with-adjustable-straps/p/469290143_black?
KENNETH COLE,Colour-block Versatile Back Pack,"₹3,000",,,,https://www.ajio.com/kenneth-cole-colour-block-versatile-back-pack/p/701580816_navy?
SPYKAR,Men Regular Fit Back Pack,₹950,,,https://assets-jiocdn.ajio.com/medias/sys_master/root/20250116/5En6/6788897e0431850e0d9fd964/spykar_orange__men_regular_fit_back_pack.jpg,https://www.ajio.com/spykar--men-regular-fit-back-pack/p/701058788_orange?
SPYKAR,Men Regular Fit Back Pack,"₹1,000",,,https://assets-jiocdn.ajio.com/medias/sys_master/root/20250115/etsF/6787cb590431850e0d9ee499/spykar_red__men_regular_fit_back_pack.jpg,https://www.ajio.com/spykar--men-regular-fit-back-pack/p/701058801_red?
SPYKAR,Men Back Pack,"₹1,500",,,,https://www.ajio.com/spykar-men-back-pack/p/701058750_grey?
SPYKAR,Men Back Pack,"₹1,150",,,,https://www.ajio.com/spykar-men-back-pack/p/701058756_green?
SPYKAR,Men Regular Fit Back Pack,"₹1,000",,,,https://www.ajio.com/spykar--men-regular-fit-back-pack/p/701058787_navy?
EUME,Men Self-design Laptop Backpack,"₹5,499",,,,https://www.ajio.com/eume-men-self-design-laptop-backpack/p/701411602_black?
Wiki,Back Pack with Zip Closure,"₹1,334",,,,https://www.ajio.com/wiki-back-pack-with-zip-closure-/p/701375594_green?
Nasher Miles,Engineering Laptop Backpack with Raincover 36 L,"₹1,299",,,,https://www.ajio.com/nasher-miles-engineering-laptop-backpack-with-raincover-36-l/p/701522105_yellow?
RED TAPE,Men Logo Print Laptop Backpack,"₹1,950",,,,https://www.ajio.com/red-tape-men-logo-print-laptop-backpack/p/701504995_navy?
Wiki,Men Self-design Back Pack,"₹1,999",,,,https://www.ajio.com/wiki-men-self-design-back-pack/p/701286077_orange?
Deuter,Men Travel Back Pack,"₹16,999",,,,https://www.ajio.com/deuter--men-travel-back-pack/p/701365613_blue?
OZUKO,Everyday Padded Strap Back Pack,"₹7,450",,,,https://www.ajio.com/ozuko-everyday-padded-strap-back-pack/p/701320435_khaki?
Nasher Miles,Physics Laptop Backpack with Raincover - 31 L,"₹1,299",,,,https://www.ajio.com/nasher-miles-physics-laptop-backpack-with-raincover--31-l/p/701337832_blue?
Smily Kiddos,Men Printed Back Pack,"₹1,119",,,,https://www.ajio.com/smily-kiddos-men-printed-back-pack-/p/701330874_red?
French Accent,Men The Modifier Everyday Backpack,"₹3,489",,,,https://www.ajio.com/french-accent-men-the-modifier-everyday-backpack/p/700602981_grey?
Tatonka,Travel Backpack with Brand Print,"₹16,790",,,,https://www.ajio.com/tatonka-travel-backpack-with-brand-print/p/466853069_black?
Deuter,Men Travel Back Pack with Zip-Closure,"₹23,999",,,,https://www.ajio.com/deuter-men-travel-back-pack-with-zip-closure/p/700406887_khaki?
UNITED COLORS OF BENETTON,Men Striped Backpack with Adjustable Straps,"₹2,249",,,,https://www.ajio.com/united-colors-of-benetton-men-striped-backpack-with-adjustable-straps/p/467066909_red?
VENEER,Men Croc-Embossed Back Pack with Adjustable Strap,"₹1,350",4.3,4,,https://www.ajio.com/veneer-men-croc-embossed-back-pack-with-adjustable-strap/p/466951281_beige?
UNITED COLORS OF BENETTON,Men Printed Backpack with Adjustable Strap,"₹1,754",4.3,3,,https://www.ajio.com/united-colors-of-benetton-men-printed-backpack-with-adjustable-strap/p/467045463_navy?
Lunar's,Neo Laptop Travel Bag,"₹1,199",2.5,6,,https://www.ajio.com/lunar-s-neo-laptop-travel-bag/p/469183485_black?
Aeropostale,Men Backpack with Adjustable Shoulder Straps,"₹2,199",,,,https://www.ajio.com/aeropostale-men-backpack-with-adjustable-shoulder-straps/p/467185174_black?
Aeropostale,Men Backpack with Adjustable Shoulder Straps,"₹2,199",,,,https://www.ajio.com/aeropostale-men-backpack-with-adjustable-shoulder-straps/p/467185174_blue?
Jack & Jones,Colourblock Backpack with Adjustable Straps,"₹1,189",,,,https://www.ajio.com/jack--jones-colourblock-backpack-with-adjustable-straps/p/466742675_red?
French Accent,Padded Laptop Backpack,"₹3,487",,,,https://www.ajio.com/french-accent-padded-laptop-backpack/p/466537238_black?
French Accent,"14"" Laptop Backpack with Zip Closure","₹3,789",,,,https://www.ajio.com/french-accent-14-laptop-backpack-with-zip-closure/p/466513394_black?
French Accent,Padded Laptop Backpack,"₹3,487",3,2,,https://www.ajio.com/french-accent-padded-laptop-backpack/p/466537088_brown?
The Clownfish,Men Laptop Bag with Adjustable Shoulder Strap,"₹6,109",,,,https://www.ajio.com/the-clownfish-men-laptop-bag-with-adjustable-shoulder-strap/p/700345844_grey?
French Accent,Men Quilted Laptop Back Pack with Zip-Closure,"₹3,489",,,,https://www.ajio.com/french-accent-men-quilted-laptop-back-pack-with-zip-closure/p/700353222_purple?
Deuter,Unisex Logo Print Rucksack with Attached Backpack,"₹21,999",,,,https://www.ajio.com/deuter-unisex-logo-print-rucksack-with-attached-backpack/p/700406900_black?
VENEER,Men Backpack with Zip Closure & Adjustable Strap,"₹1,215",3,4,,https://www.ajio.com/veneer-men-backpack-with-zip-closure--adjustable-strap/p/466951238_tan?
French Accent,Men Backpack with Zip Closure & Adjustable Strap,"₹3,489",,,,https://www.ajio.com/french-accent-men-backpack-with-zip-closure--adjustable-strap/p/700520340_black?
UNITED COLORS OF BENETTON,Men Typographic Print Backpack with Adjustable Straps,"₹2,699",,,,https://www.ajio.com/united-colors-of-benetton-men-typographic-print-backpack-with-adjustable-straps/p/467067019_navy?
UNITED COLORS OF BENETTON,Men Everyday Backpack with Adjustable Straps,"₹2,429",1,2,,https://www.ajio.com/united-colors-of-benetton-men-everyday-backpack-with-adjustable-straps-/p/467066740_red?
ZIPLINE,Colourblock Backpack with Adjustable Straps,₹950,,,,https://www.ajio.com/zipline-colourblock-backpack-with-adjustable-straps/p/466937134_blue?
UNITED COLORS OF BENETTON,Men Typographic Print Laptop Backpack,"₹2,969",,,,https://www.ajio.com/united-colors-of-benetton-men-typographic-print-laptop-backpack/p/466943279_black?
UNITED COLORS OF BENETTON,Men Logo Print Backpack with Adjustable Straps,"₹2,249",,,,https://www.ajio.com/united-colors-of-benetton-men-logo-print-backpack-with-adjustable-straps/p/467067012_navy?
VENEER,Men Backpack with Zip Closure & Adjustable Strap,"₹2,700",,,,https://www.ajio.com/veneer-men-backpack-with-zip-closure--adjustable-strap/p/466951290_green?
The Clownfish,Solid Back Pack,"₹1,405",4,3,,https://www.ajio.com/the-clownfish-solid-back-pack/p/466012289_brown?
F-GEAR,Men Bellagio Laptop Backpack,"₹7,745",,,,https://www.ajio.com/f-gear-men-bellagio-laptop-backpack/p/469808688_grey?
Lunar's,Panelled Backpack with Adjustable Straps,₹849,3.9,17,,https://www.ajio.com/lunar-s-panelled-backpack-with-adjustable-straps/p/469183441_blue?
